Reached vertices: 14822
Max depth: 46
0 0
1 1
2 1
3 1
4 1
5 1
6 1
7 1
8 1
9 1
10 1
11 1
12 1
13 1
14 1
15 1
16 1
17 1
18 1
19 1
20 3
21 4
22 3
23 4
24 3
25 2
26 2
27 2
28 2
29 3
30 3
31 2
32 2
33 2
34 3
35 2
36 4
37 3
38 4
39 3
40 2
41 3
42 2
43 2
44 3
45 2
46 3
47 4
48 4
49 3
50 1
51 1
52 1
53 1
54 1
55 1
56 1
57 1
58 1
59 1
60 3
61 3
62 2
63 2
64 2
65 2
66 4
67 4
68 3
69 3
70 3
71 3
72 4
73 4
74 4
75 4
76 3
77 3
78 3
79 3
80 2
81 2
82 2
83 2
84 2
85 2
86 2
87 2
88 3
89 3
90 3
91 3
92 3
93 3
94 3
95 3
96 3
97 3
98 4
99 4
100 3
101 3
102 4
103 4
104 4
105 4
106 3
107 3
108 3
109 3
110 2
111 2
112 2
113 2
114 2
115 2
116 2
117 2
118 3
119 3
120 2
121 2
122 2
123 2
124 2
125 2
126 2
127 2
128 2
129 2
130 2
131 2
132 2
133 2
134 2
135 2
136 2
137 2
138 2
139 2
140 3
141 4
142 4
143 3
144 2
145 3
146 2
147 2
148 3
149 2
150 2
151 3
152 2
153 2
154 2
155 3
156 4
157 3
158 3
159 4
160 4
161 3
162 3
163 4
164 3
165 3
166 3
167 3
168 3
169 3
170 3
171 3
172 3
173 3
174 3
175 3
176 3
177 3
178 3
179 3
180 3
181 3
182 3
183 3
184 3
185 3
186 3
187 3
188 3
189 3
190 4
191 4
192 4
193 4
194 4
195 4
196 4
197 4
198 4
199 4
200 4
201 4
202 4
203 4
204 4
205 4
206 4
207 4
208 4
209 4
210 3
211 3
212 3
213 3
214 3
215 3
216 4
217 3
218 4
219 3
220 5
221 5
222 5
223 5
224 5
225 5
226 5
227 5
228 5
229 5
230 4
231 4
232 4
233 4
234 4
235 4
236 4
237 4
238 4
239 4
240 4
241 4
242 4
243 4
244 4
245 4
246 4
247 4
248 4
249 4
250 5
251 5
252 5
253 5
254 5
255 5
256 5
257 5
258 5
259 5
260 5
261 5
262 5
263 5
264 5
265 5
266 4
267 4
268 4
269 4
270 4
271 4
272 4
273 4
274 4
275 4
276 5
277 5
278 5
279 5
280 3
281 3
282 4
283 4
284 4
285 4
286 4
287 4
288 4
289 4
290 4
291 4
292 4
293 4
294 3
295 3
296 3
297 3
298 3
299 3
300 7
301 7
302 7
303 7
304 7
305 7
306 6
307 6
308 6
309 6
310 6
311 6
312 6
313 6
314 6
315 6
316 7
317 7
318 7
319 7
320 5
321 5
322 5
323 5
324 6
325 6
326 6
327 6
328 6
329 6
330 6
331 6
332 6
333 6
334 5
335 5
336 5
337 5
338 5
339 5
340 5
341 5
342 5
343 5
344 5
345 5
346 5
347 5
348 5
349 5
350 6
351 6
352 6
353 6
354 6
355 6
356 6
357 6
358 6
359 6
360 6
361 6
362 6
363 6
364 6
365 6
366 6
367 6
368 6
369 6
370 5
371 5
372 5
373 5
374 5
375 5
376 5
377 5
378 5
379 5
380 7
381 7
382 7
383 7
384 7
385 7
386 7
387 7
388 7
389 7
390 6
391 6
392 6
393 6
394 6
395 6
396 6
397 6
398 6
399 6
400 6
401 6
402 6
403 6
404 6
405 6
406 6
407 6
408 6
409 6
410 7
411 7
412 7
413 7
414 7
415 7
416 7
417 7
418 7
419 7
420 7
421 7
422 7
423 7
424 7
425 7
426 6
427 6
428 6
429 7
430 7
431 6
432 8
433 7
434 7
435 8
436 8
437 8
438 9
439 9
440 9
441 9
442 8
443 8
444 9
445 9
446 9
447 9
448 7
449 7
450 8
451 8
452 8
453 7
454 7
455 8
456 8
457 8
458 9
459 9
460 9
461 9
462 8
463 8
464 9
465 9
466 9
467 9
468 7
469 7
470 8
471 8
472 6
473 6
474 7
475 7
476 6
477 6
478 6
479 6
480 6
481 7
482 7
483 6
484 5
485 5
486 5
487 5
488 6
489 6
490 6
491 6
492 6
493 6
494 5
495 5
496 7
497 7
498 6
499 6
500 6
501 6
502 6
503 6
504 7
505 7
506 7
507 7
508 5
509 5
510 5
511 5
512 5
513 5
514 5
515 5
516 4
517 4
518 4
519 4
520 5
521 5
522 4
523 4
524 5
525 5
526 5
527 5
528 5
529 5
530 5
531 5
532 6
533 6
534 7
535 7
536 6
537 6
538 6
539 6
540 6
541 7
542 7
543 6
544 8
545 7
546 7
547 8
548 8
549 9
550 9
551 9
552 9
553 8
554 8
555 8
556 9
557 9
558 9
559 9
560 7
561 7
562 8
563 8
564 8
565 8
566 7
567 7
568 9
569 9
570 9
571 9
572 8
573 8
574 8
575 9
576 9
577 9
578 9
579 8
580 8
581 7
582 7
583 8
584 6
585 7
586 7
587 6
588 6
589 6
590 6
591 6
592 7
593 7
594 6
595 6
596 16
597 16
598 16
599 16
600 16
601 16
602 16
603 16
604 14
605 15
606 15
607 15
608 15
609 14
610 14
611 13
612 12
613 13
614 11
615 12
616 11
617 10
618 10
619 10
620 10
621 12
622 11
623 11
624 12
625 13
626 13
627 14
628 13
629 14
630 13
631 12
632 13
633 14
634 13
635 12
636 11
637 10
638 10
639 11
640 12
641 10
642 11
643 10
644 12
645 11
646 15
647 15
648 15
649 14
650 15
651 14
652 14
653 15
654 14
655 15
656 15
657 15
658 10
659 12
660 11
661 11
662 10
663 11
664 10
665 12
666 11
667 10
668 13
669 13
670 14
671 12
672 13
673 12
674 13
675 14
676 14
677 12
678 13
679 13
680 12
681 11
682 11
683 10
684 10
685 10
686 10
687 11
688 12
689 11
690 13
691 13
692 12
693 14
694 14
695 15
696 15
697 15
698 15
699 14
700 16
701 16
702 16
703 16
704 16
705 16
706 16
707 16
708 17
709 17
710 18
711 18
712 17
713 17
714 17
715 17
716 17
717 18
718 18
719 17
720 18
721 18
722 19
723 19
724 20
725 20
726 21
727 21
728 22
729 20
730 21
731 21
732 22
733 20
734 19
735 19
736 19
737 19
738 19
739 19
740 21
741 22
742 21
743 20
744 20
745 20
746 21
747 22
748 21
749 20
750 18
751 18
752 18
753 18
754 21
755 20
756 21
757 20
758 22
759 20
760 20
761 22
762 21
763 21
764 19
765 19
766 19
767 19
768 19
769 19
770 20
771 22
772 21
773 21
774 20
775 21
776 20
777 22
778 21
779 20
780 19
781 19
782 18
783 18
784 17
785 18
786 18
787 17
788 17
789 17
790 17
791 17
792 18
793 18
794 17
795 17
796 17
797 17
798 18
799 18
800 17
801 17
802 17
803 17
804 17
805 18
806 18
807 17
808 18
809 18
810 19
811 19
812 19
813 21
814 22
815 21
816 20
817 20
818 20
819 22
820 20
821 21
822 21
823 19
824 19
825 19
826 19
827 19
828 20
829 22
830 21
831 21
832 20
833 20
834 21
835 20
836 22
837 21
838 18
839 18
840 18
841 18
842 19
843 19
844 19
845 20
846 22
847 21
848 20
849 21
850 20
851 21
852 21
853 20
854 22
855 19
856 19
857 19
858 19
859 19
860 21
861 22
862 20
863 21
864 20
865 20
866 21
867 22
868 20
869 21
870 18
871 18
872 17
873 17
874 18
875 18
876 17
877 17
878 17
879 17
880 17
881 18
882 18
883 17
884 16
885 16
886 16
887 16
888 16
889 16
890 16
891 16
892 14
893 15
894 15
895 14
896 15
897 15
898 10
899 10
900 11
901 12
902 11
903 12
904 11
905 11
906 10
907 10
908 14
909 13
910 13
911 12
912 13
913 12
914 13
915 14
916 14
917 10
918 10
919 11
920 12
921 11
922 11
923 12
924 11
925 10
926 10
927 13
928 13
929 12
930 14
931 13
932 13
933 12
934 15
935 15
936 14
937 15
938 15
939 14
940 14
941 15
942 15
943 14
944 15
945 15
946 10
947 10
948 11
949 12
950 11
951 11
952 12
953 11
954 10
955 10
956 14
957 13
958 12
959 13
960 13
961 12
962 13
963 14
964 14
965 10
966 10
967 12
968 11
969 11
970 11
971 11
972 12
973 10
974 10
975 14
976 13
977 12
978 13
979 13
980 12
981 13
982 15
983 15
984 14
985 15
986 15
987 14
988 16
989 16
990 16
991 16
992 16
993 16
994 16
995 16
996 16
997 16
998 16
999 16
1000 16
1001 16
1002 16
1003 16
1004 15
1005 14
1006 14
1007 15
1008 15
1009 15
1010 12
1011 11
1012 11
1013 10
1014 10
1015 11
1016 10
1017 10
1018 12
1019 11
1020 12
1021 13
1022 14
1023 13
1024 14
1025 13
1026 12
1027 13
1028 13
1029 13
1030 12
1031 14
1032 12
1033 13
1034 14
1035 13
1036 12
1037 10
1038 10
1039 11
1040 11
1041 10
1042 12
1043 11
1044 10
1045 11
1046 15
1047 15
1048 15
1049 14
1050 15
1051 14
1052 14
1053 15
1054 15
1055 14
1056 15
1057 15
1058 13
1059 12
1060 13
1061 13
1062 13
1063 12
1064 14
1065 10
1066 10
1067 12
1068 11
1069 11
1070 11
1071 12
1072 11
1073 10
1074 10
1075 14
1076 16
1077 16
1078 16
1079 16
1080 17
1081 18
1082 18
1083 17
1084 17
1085 17
1086 19
1087 21
1088 22
1089 20
1090 21
1091 20
1092 20
1093 22
1094 21
1095 20
1096 21
1097 19
1098 19
1099 19
1100 18
1101 18
1102 18
1103 18
1104 21
1105 20
1106 22
1107 21
1108 20
1109 20
1110 22
1111 21
1112 21
1113 20
1114 19
1115 19
1116 19
1117 19
1118 19
1119 19
1120 19
1121 19
1122 21
1123 21
1124 22
1125 20
1126 20
1127 20
1128 22
1129 21
1130 21
1131 20
1132 18
1133 18
1134 17
1135 17
1136 18
1137 18
1138 17
1139 17
1140 17
1141 17
1142 18
1143 18
1144 17
1145 17
1146 17
1147 17
1148 17
1149 18
1150 18
1151 17
1152 18
1153 18
1154 19
1155 19
1156 19
1157 21
1158 20
1159 22
1160 21
1161 20
1162 20
1163 20
1164 21
1165 22
1166 21
1167 19
1168 18
1169 18
1170 20
1171 21
1172 21
1173 22
1174 20
1175 22
1176 21
1177 20
1178 21
1179 20
1180 19
1181 19
1182 19
1183 19
1184 19
1185 19
1186 19
1187 19
1188 20
1189 21
1190 22
1191 20
1192 21
1193 20
1194 21
1195 21
1196 22
1197 20
1198 18
1199 18
1200 17
1201 17
1202 18
1203 18
1204 17
1205 17
1206 17
1207 17
1208 18
1209 18
1210 17
1211 17
1212 16
1213 16
1214 16
1215 16
1216 16
1217 16
1218 16
1219 16
1220 15
1221 14
1222 15
1223 14
1224 15
1225 15
1226 11
1227 12
1228 11
1229 10
1230 10
1231 10
1232 11
1233 11
1234 10
1235 12
1236 13
1237 13
1238 12
1239 14
1240 14
1241 12
1242 13
1243 13
1244 13
1245 12
1246 13
1247 14
1248 14
1249 13
1250 13
1251 12
1252 11
1253 11
1254 12
1255 10
1256 10
1257 10
1258 10
1259 11
1260 11
1261 12
1262 15
1263 15
1264 15
1265 14
1266 14
1267 15
1268 14
1269 10
1270 10
1271 12
1272 11
1273 11
1274 11
1275 11
1276 12
1277 10
1278 10
1279 14
1280 12
1281 13
1282 13
1283 13
1284 12
1285 13
1286 15
1287 15
1288 14
1289 15
1290 15
1291 14
1292 16
1293 16
1294 16
1295 16
1296 6
1297 6
1298 6
1299 7
1300 7
1301 6
1302 8
1303 7
1304 7
1305 8
1306 8
1307 8
1308 9
1309 9
1310 9
1311 9
1312 8
1313 8
1314 7
1315 7
1316 9
1317 9
1318 9
1319 9
1320 8
1321 8
1322 8
1323 8
1324 9
1325 9
1326 9
1327 9
1328 7
1329 7
1330 8
1331 8
1332 6
1333 6
1334 7
1335 7
1336 6
1337 6
1338 6
1339 6
1340 7
1341 7
1342 6
1343 6
1344 5
1345 5
1346 5
1347 5
1348 5
1349 5
1350 5
1351 5
1352 4
1353 4
1354 4
1355 4
1356 4
1357 4
1358 5
1359 5
1360 5
1361 5
1362 5
1363 5
1364 5
1365 5
1366 5
1367 5
1368 5
1369 5
1370 4
1371 4
1372 4
1373 4
1374 4
1375 4
1376 5
1377 5
1378 5
1379 5
1380 6
1381 7
1382 7
1383 6
1384 6
1385 6
1386 9
1387 9
1388 9
1389 9
1390 8
1391 8
1392 8
1393 7
1394 7
1395 8
1396 8
1397 8
1398 7
1399 7
1400 9
1401 9
1402 9
1403 9
1404 8
1405 8
1406 8
1407 8
1408 9
1409 9
1410 9
1411 9
1412 7
1413 7
1414 8
1415 8
1416 6
1417 6
1418 7
1419 7
1420 6
1421 6
1422 6
1423 6
1424 7
1425 7
1426 6
1427 6
1428 18
1429 19
1430 19
1431 19
1432 19
1433 19
1434 19
1435 18
1436 18
1437 19
1438 19
1439 18
1440 19
1441 18
1442 18
1443 19
1444 19
1445 19
1446 17
1447 17
1448 18
1449 18
1450 18
1451 18
1452 18
1453 18
1454 17
1455 17
1456 17
1457 17
1458 17
1459 17
1460 17
1461 17
1462 18
1463 18
1464 18
1465 18
1466 18
1467 18
1468 18
1469 18
1470 18
1471 18
1472 17
1473 17
1474 17
1475 17
1476 17
1477 17
1478 19
1479 19
1480 19
1481 19
1482 19
1483 19
1484 19
1485 19
1486 19
1487 18
1488 18
1489 18
1490 18
1491 19
1492 19
1493 19
1494 18
1495 18
1496 18
1497 19
1498 19
1499 18
1500 18
1501 19
1502 19
1503 19
1504 19
1505 19
1506 19
1507 18
1508 15
1509 15
1510 15
1511 15
1512 15
1513 15
1514 15
1515 15
1516 15
1517 15
1518 15
1519 15
1520 15
1521 15
1522 15
1523 15
1524 15
1525 15
1526 15
1527 15
1528 16
1529 17
1530 17
1531 16
1532 16
1533 16
1534 17
1535 17
1536 17
1537 17
1538 16
1539 16
1540 16
1541 16
1542 16
1543 16
1544 16
1545 16
1546 16
1547 16
1548 16
1549 16
1550 17
1551 17
1552 16
1553 16
1554 17
1555 17
1556 16
1557 16
1558 16
1559 16
1560 17
1561 17
1562 16
1563 16
1564 17
1565 17
1566 16
1567 16
1568 16
1569 16
1570 16
1571 16
1572 16
1573 17
1574 17
1575 16
1576 15
1577 15
1578 15
1579 15
1580 15
1581 15
1582 15
1583 15
1584 15
1585 15
1586 15
1587 15
1588 15
1589 15
1590 15
1591 15
1592 15
1593 15
1594 15
1595 15
1596 16
1597 17
1598 17
1599 16
1600 16
1601 16
1602 16
1603 16
1604 16
1605 17
1606 17
1607 16
1608 16
1609 16
1610 17
1611 17
1612 16
1613 16
1614 15
1615 15
1616 15
1617 15
1618 18
1619 19
1620 19
1621 19
1622 19
1623 18
1624 17
1625 17
1626 18
1627 18
1628 17
1629 17
1630 18
1631 18
1632 18
1633 18
1634 17
1635 17
1636 19
1637 19
1638 19
1639 19
1640 18
1641 18
1642 19
1643 18
1644 18
1645 19
1646 19
1647 19
1648 12
1649 12
1650 12
1651 12
1652 13
1653 13
1654 12
1655 12
1656 12
1657 12
1658 13
1659 13
1660 12
1661 13
1662 13
1663 12
1664 12
1665 12
1666 14
1667 14
1668 14
1669 13
1670 13
1671 14
1672 13
1673 13
1674 14
1675 14
1676 14
1677 14
1678 13
1679 13
1680 14
1681 14
1682 14
1683 14
1684 14
1685 14
1686 14
1687 14
1688 14
1689 14
1690 13
1691 13
1692 14
1693 14
1694 14
1695 14
1696 14
1697 13
1698 13
1699 13
1700 13
1701 14
1702 14
1703 13
1704 13
1705 13
1706 13
1707 14
1708 14
1709 14
1710 14
1711 14
1712 14
1713 14
1714 14
1715 14
1716 13
1717 13
1718 13
1719 13
1720 13
1721 13
1722 14
1723 14
1724 14
1725 14
1726 14
1727 14
1728 14
1729 14
1730 14
1731 14
1732 12
1733 12
1734 12
1735 12
1736 12
1737 12
1738 12
1739 12
1740 12
1741 12
1742 13
1743 13
1744 13
1745 13
1746 13
1747 13
1748 12
1749 12
1750 12
1751 12
1752 12
1753 12
1754 12
1755 12
1756 12
1757 13
1758 13
1759 13
1760 13
1761 12
1762 12
1763 13
1764 13
1765 13
1766 13
1767 12
1768 12
1769 12
1770 12
1771 12
1772 13
1773 13
1774 12
1775 12
1776 12
1777 12
1778 12
1779 12
1780 16
1781 16
1782 16
1783 16
1784 16
1785 16
1786 16
1787 16
1788 16
1789 16
1790 16
1791 16
1792 14
1793 14
1794 15
1795 14
1796 15
1797 15
1798 15
1799 15
1800 15
1801 14
1802 15
1803 15
1804 12
1805 13
1806 13
1807 13
1808 13
1809 12
1810 14
1811 12
1812 12
1813 12
1814 12
1815 12
1816 12
1817 12
1818 12
1819 12
1820 12
1821 13
1822 13
1823 13
1824 13
1825 13
1826 13
1827 13
1828 13
1829 13
1830 13
1831 13
1832 13
1833 14
1834 13
1835 14
1836 13
1837 13
1838 13
1839 14
1840 12
1841 13
1842 13
1843 14
1844 14
1845 12
1846 13
1847 13
1848 12
1849 12
1850 12
1851 12
1852 12
1853 12
1854 12
1855 12
1856 12
1857 12
1858 15
1859 15
1860 15
1861 14
1862 14
1863 15
1864 15
1865 14
1866 14
1867 15
1868 15
1869 15
1870 14
1871 14
1872 14
1873 14
1874 14
1875 14
1876 14
1877 14
1878 14
1879 14
1880 14
1881 14
1882 14
1883 14
1884 14
1885 14
1886 14
1887 14
1888 14
1889 13
1890 13
1891 13
1892 14
1893 14
1894 13
1895 13
1896 13
1897 13
1898 13
1899 13
1900 13
1901 13
1902 13
1903 13
1904 13
1905 13
1906 13
1907 14
1908 14
1909 14
1910 14
1911 14
1912 14
1913 14
1914 14
1915 14
1916 14
1917 14
1918 14
1919 14
1920 14
1921 14
1922 14
1923 14
1924 15
1925 15
1926 14
1927 15
1928 15
1929 15
1930 15
1931 15
1932 14
1933 14
1934 15
1935 14
1936 16
1937 16
1938 16
1939 16
1940 16
1941 16
1942 16
1943 16
1944 16
1945 16
1946 16
1947 16
1948 17
1949 17
1950 18
1951 18
1952 17
1953 17
1954 17
1955 17
1956 17
1957 17
1958 17
1959 18
1960 18
1961 18
1962 18
1963 17
1964 17
1965 17
1966 18
1967 18
1968 18
1969 18
1970 19
1971 19
1972 19
1973 21
1974 21
1975 20
1976 22
1977 20
1978 20
1979 22
1980 21
1981 21
1982 20
1983 20
1984 22
1985 21
1986 21
1987 20
1988 21
1989 21
1990 20
1991 22
1992 20
1993 19
1994 19
1995 19
1996 19
1997 19
1998 19
1999 19
2000 19
2001 19
2002 20
2003 21
2004 22
2005 21
2006 20
2007 20
2008 21
2009 21
2010 22
2011 20
2012 18
2013 18
2014 18
2015 18
2016 20
2017 21
2018 22
2019 21
2020 20
2021 20
2022 22
2023 21
2024 21
2025 20
2026 19
2027 19
2028 19
2029 19
2030 19
2031 19
2032 19
2033 19
2034 19
2035 21
2036 22
2037 21
2038 20
2039 20
2040 21
2041 20
2042 21
2043 22
2044 20
2045 20
2046 22
2047 21
2048 21
2049 20
2050 20
2051 21
2052 21
2053 22
2054 20
2055 19
2056 19
2057 19
2058 18
2059 18
2060 18
2061 18
2062 17
2063 17
2064 17
2065 18
2066 18
2067 18
2068 18
2069 17
2070 17
2071 17
2072 17
2073 17
2074 17
2075 17
2076 18
2077 18
2078 17
2079 17
2080 18
2081 19
2082 19
2083 19
2084 19
2085 19
2086 19
2087 18
2088 18
2089 19
2090 19
2091 18
2092 19
2093 18
2094 18
2095 19
2096 19
2097 19
2098 17
2099 17
2100 18
2101 18
2102 18
2103 18
2104 18
2105 18
2106 18
2107 17
2108 17
2109 18
2110 18
2111 18
2112 18
2113 18
2114 19
2115 19
2116 19
2117 19
2118 21
2119 22
2120 20
2121 21
2122 20
2123 21
2124 22
2125 21
2126 20
2127 20
2128 20
2129 21
2130 21
2131 22
2132 20
2133 21
2134 20
2135 21
2136 22
2137 20
2138 19
2139 19
2140 19
2141 19
2142 19
2143 19
2144 19
2145 19
2146 19
2147 19
2148 19
2149 20
2150 21
2151 22
2152 21
2153 20
2154 20
2155 21
2156 22
2157 21
2158 20
2159 20
2160 21
2161 21
2162 22
2163 20
2164 21
2165 20
2166 22
2167 21
2168 20
2169 21
2170 21
2171 20
2172 22
2173 20
2174 20
2175 22
2176 21
2177 21
2178 20
2179 19
2180 19
2181 19
2182 19
2183 19
2184 18
2185 18
2186 19
2187 19
2188 19
2189 19
2190 18
2191 18
2192 18
2193 18
2194 19
2195 19
2196 20
2197 20
2198 21
2199 22
2200 21
2201 20
2202 22
2203 21
2204 21
2205 20
2206 20
2207 21
2208 22
2209 21
2210 20
2211 20
2212 20
2213 21
2214 21
2215 22
2216 19
2217 19
2218 19
2219 19
2220 19
2221 19
2222 19
2223 19
2224 19
2225 19
2226 19
2227 19
2228 19
2229 19
2230 19
2231 20
2232 21
2233 22
2234 21
2235 20
2236 20
2237 22
2238 21
2239 21
2240 20
2241 20
2242 21
2243 20
2244 21
2245 22
2246 20
2247 21
2248 21
2249 22
2250 20
2251 21
2252 21
2253 20
2254 22
2255 20
2256 20
2257 20
2258 22
2259 21
2260 21
2261 19
2262 19
2263 19
2264 18
2265 18
2266 18
2267 18
2268 18
2269 18
2270 17
2271 17
2272 17
2273 17
2274 17
2275 18
2276 18
2277 18
2278 18
2279 18
2280 18
2281 17
2282 17
2283 17
2284 17
2285 17
2286 17
2287 17
2288 17
2289 17
2290 17
2291 17
2292 17
2293 18
2294 18
2295 18
2296 18
2297 17
2298 17
2299 17
2300 16
2301 16
2302 16
2303 16
2304 16
2305 16
2306 16
2307 16
2308 16
2309 17
2310 17
2311 16
2312 16
2313 16
2314 16
2315 16
2316 16
2317 17
2318 17
2319 16
2320 16
2321 16
2322 16
2323 17
2324 17
2325 17
2326 17
2327 16
2328 16
2329 16
2330 17
2331 17
2332 16
2333 16
2334 16
2335 16
2336 16
2337 16
2338 16
2339 16
2340 16
2341 16
2342 16
2343 16
2344 16
2345 16
2346 16
2347 16
2348 16
2349 16
2350 16
2351 16
2352 16
2353 16
2354 16
2355 16
2356 16
2357 16
2358 16
2359 16
2360 17
2361 17
2362 17
2363 17
2364 17
2365 17
2366 17
2367 17
2368 17
2369 17
2370 16
2371 16
2372 16
2373 16
2374 16
2375 16
2376 16
2377 16
2378 16
2379 17
2380 17
2381 17
2382 17
2383 17
2384 17
2385 17
2386 17
2387 16
2388 16
2389 16
2390 16
2391 16
2392 15
2393 15
2394 15
2395 15
2396 15
2397 15
2398 15
2399 15
2400 15
2401 15
2402 15
2403 15
2404 15
2405 15
2406 15
2407 15
2408 15
2409 15
2410 15
2411 15
2412 15
2413 15
2414 15
2415 15
2416 15
2417 15
2418 15
2419 15
2420 15
2421 15
2422 15
2423 15
2424 15
2425 15
2426 15
2427 15
2428 15
2429 15
2430 15
2431 15
2432 15
2433 15
2434 15
2435 15
2436 15
2437 15
2438 15
2439 15
2440 18
2441 19
2442 19
2443 19
2444 19
2445 19
2446 19
2447 19
2448 19
2449 19
2450 18
2451 18
2452 19
2453 19
2454 19
2455 18
2456 18
2457 18
2458 18
2459 18
2460 18
2461 18
2462 18
2463 18
2464 18
2465 19
2466 19
2467 19
2468 19
2469 19
2470 19
2471 19
2472 19
2473 19
2474 18
2475 18
2476 18
2477 18
2478 18
2479 18
2480 18
2481 18
2482 18
2483 18
2484 19
2485 19
2486 19
2487 19
2488 19
2489 19
2490 19
2491 19
2492 19
2493 19
2494 19
2495 19
2496 19
2497 19
2498 19
2499 19
2500 19
2501 19
2502 19
2503 19
2504 19
2505 19
2506 19
2507 19
2508 19
2509 19
2510 19
2511 18
2512 17
2513 17
2514 17
2515 17
2516 17
2517 17
2518 17
2519 17
2520 17
2521 17
2522 17
2523 17
2524 17
2525 17
2526 17
2527 17
2528 17
2529 17
2530 18
2531 18
2532 18
2533 18
2534 18
2535 18
2536 18
2537 18
2538 18
2539 18
2540 18
2541 18
2542 18
2543 18
2544 18
2545 18
2546 18
2547 18
2548 18
2549 18
2550 18
2551 18
2552 18
2553 18
2554 17
2555 17
2556 17
2557 17
2558 17
2559 17
2560 17
2561 17
2562 18
2563 18
2564 18
2565 18
2566 17
2567 17
2568 19
2569 19
2570 19
2571 19
2572 18
2573 18
2574 19
2575 18
2576 18
2577 19
2578 19
2579 19
2580 16
2581 16
2582 16
2583 16
2584 16
2585 16
2586 16
2587 16
2588 14
2589 15
2590 15
2591 14
2592 15
2593 15
2594 10
2595 10
2596 11
2597 12
2598 11
2599 12
2600 11
2601 11
2602 10
2603 10
2604 14
2605 12
2606 13
2607 13
2608 13
2609 13
2610 12
2611 14
2612 14
2613 10
2614 10
2615 12
2616 11
2617 11
2618 11
2619 12
2620 11
2621 10
2622 10
2623 14
2624 13
2625 12
2626 13
2627 13
2628 12
2629 13
2630 15
2631 15
2632 14
2633 15
2634 15
2635 14
2636 15
2637 14
2638 15
2639 14
2640 15
2641 15
2642 11
2643 10
2644 11
2645 12
2646 10
2647 11
2648 11
2649 12
2650 10
2651 10
2652 14
2653 13
2654 13
2655 12
2656 12
2657 14
2658 13
2659 13
2660 14
2661 10
2662 10
2663 11
2664 12
2665 11
2666 10
2667 12
2668 10
2669 11
2670 11
2671 14
2672 13
2673 12
2674 13
2675 13
2676 13
2677 12
2678 15
2679 14
2680 15
2681 15
2682 15
2683 14
2684 16
2685 16
2686 16
2687 16
2688 16
2689 16
2690 16
2691 16
2692 17
2693 17
2694 18
2695 18
2696 17
2697 17
2698 17
2699 17
2700 17
2701 18
2702 18
2703 17
2704 18
2705 18
2706 19
2707 19
2708 19
2709 21
2710 22
2711 20
2712 21
2713 20
2714 20
2715 21
2716 21
2717 20
2718 22
2719 19
2720 19
2721 19
2722 19
2723 19
2724 21
2725 22
2726 20
2727 20
2728 21
2729 22
2730 20
2731 21
2732 20
2733 21
2734 18
2735 18
2736 18
2737 18
2738 19
2739 19
2740 19
2741 21
2742 22
2743 20
2744 21
2745 20
2746 20
2747 20
2748 21
2749 22
2750 21
2751 19
2752 19
2753 19
2754 19
2755 19
2756 20
2757 22
2758 21
2759 21
2760 20
2761 20
2762 21
2763 21
2764 22
2765 20
2766 18
2767 18
2768 17
2769 17
2770 18
2771 18
2772 17
2773 17
2774 17
2775 17
2776 17
2777 18
2778 18
2779 17
2780 17
2781 17
2782 18
2783 18
2784 17
2785 17
2786 17
2787 17
2788 17
2789 17
2790 17
2791 18
2792 18
2793 18
2794 18
2795 17
2796 17
2797 17
2798 18
2799 18
2800 18
2801 18
2802 19
2803 19
2804 19
2805 21
2806 22
2807 20
2808 21
2809 20
2810 20
2811 20
2812 22
2813 21
2814 21
2815 21
2816 20
2817 21
2818 20
2819 22
2820 20
2821 21
2822 22
2823 21
2824 20
2825 19
2826 19
2827 19
2828 19
2829 19
2830 19
2831 19
2832 19
2833 19
2834 22
2835 20
2836 21
2837 21
2838 20
2839 21
2840 20
2841 22
2842 21
2843 20
2844 18
2845 18
2846 18
2847 18
2848 19
2849 19
2850 20
2851 21
2852 20
2853 22
2854 21
2855 20
2856 21
2857 22
2858 21
2859 20
2860 19
2861 19
2862 19
2863 19
2864 20
2865 22
2866 21
2867 21
2868 20
2869 21
2870 22
2871 20
2872 21
2873 20
2874 19
2875 19
2876 18
2877 18
2878 17
2879 18
2880 18
2881 17
2882 17
2883 17
2884 17
2885 17
2886 17
2887 18
2888 18
2889 17
2890 16
2891 16
2892 16
2893 16
2894 16
2895 16
2896 16
2897 16
2898 14
2899 15
2900 15
2901 15
2902 15
2903 14
2904 14
2905 13
2906 12
2907 13
2908 12
2909 11
2910 11
2911 10
2912 10
2913 10
2914 10
2915 11
2916 12
2917 11
2918 13
2919 12
2920 13
2921 14
2922 14
2923 13
2924 13
2925 12
2926 12
2927 11
2928 11
2929 10
2930 10
2931 10
2932 10
2933 11
2934 12
2935 11
2936 13
2937 13
2938 12
2939 14
2940 14
2941 15
2942 15
2943 15
2944 15
2945 14
2946 14
2947 15
2948 15
2949 14
2950 15
2951 15
2952 11
2953 11
2954 11
2955 11
2956 12
2957 12
2958 11
2959 11
2960 11
2961 11
2962 13
2963 12
2964 13
2965 14
2966 14
2967 12
2968 13
2969 13
2970 14
2971 13
2972 13
2973 14
2974 12
2975 13
2976 12
2977 13
2978 14
2979 10
2980 11
2981 10
2982 11
2983 12
2984 12
2985 10
2986 11
2987 11
2988 10
2989 11
2990 11
2991 11
2992 12
2993 11
2994 11
2995 11
2996 12
2997 11
2998 11
2999 14
3000 13
3001 12
3002 13
3003 13
3004 13
3005 12
3006 15
3007 15
3008 14
3009 15
3010 15
3011 15
3012 15
3013 14
3014 15
3015 15
3016 14
3017 14
3018 16
3019 16
3020 16
3021 16
3022 16
3023 16
3024 16
3025 16
3026 16
3027 16
3028 16
3029 16
3030 11
3031 11
3032 11
3033 11
3034 11
3035 11
3036 10
3037 10
3038 11
3039 11
3040 11
3041 11
3042 11
3043 10
3044 10
3045 10
3046 10
3047 11
3048 11
3049 10
3050 10
3051 10
3052 10
3053 11
3054 11
3055 11
3056 11
3057 11
3058 11
3059 11
3060 11
3061 11
3062 10
3063 10
3064 10
3065 10
3066 10
3067 10
3068 11
3069 11
3070 11
3071 11
3072 11
3073 11
3074 11
3075 11
3076 11
3077 11
3078 9
3079 9
3080 9
3081 9
3082 9
3083 9
3084 9
3085 9
3086 9
3087 9
3088 10
3089 10
3090 10
3091 10
3092 10
3093 10
3094 10
3095 10
3096 10
3097 10
3098 10
3099 10
3100 10
3101 10
3102 10
3103 10
3104 9
3105 9
3106 9
3107 9
3108 9
3109 9
3110 9
3111 9
3112 9
3113 9
3114 10
3115 10
3116 10
3117 10
3118 10
3119 10
3120 9
3121 9
3122 11
3123 11
3124 11
3125 10
3126 10
3127 11
3128 10
3129 10
3130 11
3131 11
3132 11
3133 11
3134 10
3135 10
3136 11
3137 11
3138 11
3139 11
3140 7
3141 7
3142 7
3143 7
3144 8
3145 8
3146 8
3147 8
3148 8
3149 8
3150 7
3151 7
3152 9
3153 9
3154 8
3155 8
3156 8
3157 8
3158 8
3159 8
3160 9
3161 9
3162 9
3163 9
3164 9
3165 9
3166 9
3167 9
3168 9
3169 9
3170 8
3171 8
3172 8
3173 8
3174 8
3175 8
3176 8
3177 8
3178 8
3179 8
3180 8
3181 8
3182 9
3183 9
3184 9
3185 9
3186 9
3187 9
3188 9
3189 9
3190 9
3191 9
3192 9
3193 9
3194 9
3195 9
3196 8
3197 7
3198 7
3199 8
3200 8
3201 8
3202 9
3203 9
3204 9
3205 9
3206 8
3207 8
3208 9
3209 9
3210 9
3211 9
3212 8
3213 8
3214 8
3215 8
3216 8
3217 8
3218 8
3219 8
3220 8
3221 8
3222 7
3223 7
3224 7
3225 7
3226 7
3227 7
3228 7
3229 7
3230 7
3231 7
3232 7
3233 7
3234 7
3235 7
3236 7
3237 7
3238 8
3239 8
3240 8
3241 8
3242 8
3243 8
3244 8
3245 8
3246 8
3247 8
3248 8
3249 8
3250 8
3251 8
3252 8
3253 8
3254 8
3255 8
3256 8
3257 8
3258 7
3259 7
3260 7
3261 7
3262 7
3263 7
3264 7
3265 7
3266 7
3267 7
3268 9
3269 9
3270 9
3271 9
3272 9
3273 9
3274 9
3275 9
3276 9
3277 9
3278 8
3279 8
3280 8
3281 8
3282 8
3283 8
3284 8
3285 8
3286 8
3287 8
3288 8
3289 8
3290 8
3291 8
3292 8
3293 8
3294 8
3295 8
3296 8
3297 8
3298 9
3299 9
3300 9
3301 9
3302 9
3303 9
3304 9
3305 9
3306 9
3307 9
3308 9
3309 9
3310 9
3311 9
3312 9
3313 9
3314 8
3315 8
3316 8
3317 8
3318 8
3319 8
3320 8
3321 8
3322 8
3323 8
3324 9
3325 9
3326 9
3327 9
3328 7
3329 7
3330 7
3331 7
3332 8
3333 8
3334 8
3335 8
3336 8
3337 8
3338 8
3339 8
3340 8
3341 8
3342 7
3343 7
3344 7
3345 7
3346 7
3347 7
3348 11
3349 11
3350 11
3351 11
3352 11
3353 11
3354 11
3355 10
3356 10
3357 10
3358 10
3359 11
3360 11
3361 11
3362 11
3363 11
3364 10
3365 10
3366 10
3367 10
3368 11
3369 11
3370 11
3371 11
3372 10
3373 10
3374 11
3375 11
3376 11
3377 11
3378 9
3379 9
3380 9
3381 9
3382 10
3383 10
3384 10
3385 10
3386 10
3387 10
3388 10
3389 10
3390 10
3391 10
3392 9
3393 9
3394 9
3395 9
3396 9
3397 9
3398 9
3399 9
3400 9
3401 9
3402 9
3403 9
3404 9
3405 9
3406 9
3407 9
3408 10
3409 10
3410 10
3411 10
3412 10
3413 10
3414 10
3415 10
3416 10
3417 10
3418 10
3419 10
3420 10
3421 10
3422 10
3423 10
3424 10
3425 10
3426 10
3427 10
3428 9
3429 9
3430 9
3431 9
3432 9
3433 9
3434 9
3435 9
3436 9
3437 9
3438 11
3439 11
3440 11
3441 11
3442 11
3443 11
3444 11
3445 11
3446 11
3447 11
3448 11
3449 11
3450 11
3451 11
3452 11
3453 11
3454 11
3455 11
3456 11
3457 11
3458 10
3459 10
3460 10
3461 10
3462 10
3463 10
3464 10
3465 10
3466 10
3467 10
3468 10
3469 10
3470 10
3471 10
3472 10
3473 10
3474 11
3475 11
3476 11
3477 11
3478 11
3479 11
3480 11
3481 11
3482 11
3483 10
3484 10
3485 10
3486 10
3487 11
3488 11
3489 11
3490 11
3491 11
3492 11
3493 11
3494 11
3495 11
3496 11
3497 11
3498 12
3499 12
3500 12
3501 12
3502 12
3503 12
3504 12
3505 12
3506 12
3507 12
3508 12
3509 13
3510 13
3511 13
3512 13
3513 12
3514 12
3515 12
3516 12
3517 12
3518 12
3519 12
3520 12
3521 12
3522 13
3523 13
3524 13
3525 13
3526 13
3527 13
3528 13
3529 13
3530 13
3531 13
3532 13
3533 13
3534 13
3535 13
3536 13
3537 13
3538 12
3539 12
3540 12
3541 12
3542 12
3543 12
3544 12
3545 12
3546 12
3547 12
3548 12
3549 12
3550 12
3551 12
3552 12
3553 12
3554 12
3555 12
3556 12
3557 12
3558 14
3559 14
3560 14
3561 14
3562 14
3563 14
3564 14
3565 14
3566 14
3567 14
3568 14
3569 14
3570 14
3571 14
3572 14
3573 14
3574 14
3575 14
3576 14
3577 14
3578 13
3579 13
3580 13
3581 13
3582 13
3583 13
3584 13
3585 13
3586 13
3587 13
3588 13
3589 13
3590 13
3591 13
3592 13
3593 13
3594 14
3595 14
3596 14
3597 14
3598 14
3599 14
3600 14
3601 14
3602 14
3603 13
3604 13
3605 13
3606 13
3607 14
3608 14
3609 14
3610 14
3611 14
3612 14
3613 14
3614 14
3615 14
3616 14
3617 14
3618 14
3619 14
3620 14
3621 14
3622 14
3623 14
3624 14
3625 13
3626 13
3627 13
3628 13
3629 14
3630 14
3631 14
3632 14
3633 14
3634 13
3635 13
3636 13
3637 13
3638 14
3639 14
3640 14
3641 14
3642 13
3643 13
3644 14
3645 14
3646 14
3647 14
3648 12
3649 12
3650 12
3651 12
3652 13
3653 13
3654 12
3655 12
3656 12
3657 12
3658 13
3659 13
3660 13
3661 13
3662 12
3663 12
3664 12
3665 12
3666 12
3667 13
3668 13
3669 13
3670 13
3671 12
3672 12
3673 12
3674 12
3675 12
3676 12
3677 12
3678 19
3679 19
3680 19
3681 18
3682 18
3683 19
3684 18
3685 19
3686 19
3687 18
3688 18
3689 19
3690 19
3691 19
3692 19
3693 19
3694 19
3695 18
3696 17
3697 17
3698 17
3699 17
3700 18
3701 18
3702 18
3703 18
3704 18
3705 18
3706 17
3707 17
3708 17
3709 17
3710 18
3711 18
3712 18
3713 18
3714 17
3715 17
3716 19
3717 19
3718 19
3719 18
3720 18
3721 19
3722 18
3723 18
3724 19
3725 19
3726 19
3727 19
3728 15
3729 15
3730 15
3731 15
3732 15
3733 15
3734 15
3735 15
3736 16
3737 17
3738 17
3739 16
3740 16
3741 16
3742 16
3743 16
3744 16
3745 17
3746 17
3747 16
3748 16
3749 17
3750 17
3751 16
3752 16
3753 16
3754 16
3755 16
3756 16
3757 16
3758 17
3759 17
3760 16
3761 16
3762 17
3763 17
3764 16
3765 16
3766 15
3767 15
3768 15
3769 15
3770 15
3771 15
3772 15
3773 15
3774 15
3775 15
3776 15
3777 15
3778 15
3779 15
3780 15
3781 15
3782 15
3783 15
3784 15
3785 15
3786 15
3787 15
3788 15
3789 15
3790 15
3791 15
3792 15
3793 15
3794 15
3795 15
3796 15
3797 15
3798 16
3799 16
3800 17
3801 17
3802 16
3803 16
3804 17
3805 17
3806 16
3807 16
3808 16
3809 16
3810 16
3811 16
3812 16
3813 16
3814 16
3815 16
3816 16
3817 16
3818 17
3819 17
3820 17
3821 17
3822 16
3823 16
3824 16
3825 17
3826 17
3827 16
3828 16
3829 16
3830 17
3831 17
3832 17
3833 17
3834 16
3835 16
3836 16
3837 16
3838 16
3839 17
3840 17
3841 17
3842 17
3843 17
3844 17
3845 16
3846 16
3847 16
3848 16
3849 16
3850 16
3851 16
3852 16
3853 16
3854 16
3855 16
3856 16
3857 16
3858 15
3859 15
3860 15
3861 15
3862 15
3863 15
3864 15
3865 15
3866 15
3867 15
3868 15
3869 15
3870 15
3871 15
3872 15
3873 15
3874 15
3875 15
3876 15
3877 15
3878 19
3879 19
3880 19
3881 19
3882 19
3883 19
3884 19
3885 19
3886 19
3887 19
3888 19
3889 19
3890 19
3891 19
3892 19
3893 18
3894 18
3895 18
3896 18
3897 18
3898 18
3899 19
3900 19
3901 19
3902 19
3903 19
3904 18
3905 18
3906 18
3907 18
3908 18
3909 18
3910 18
3911 18
3912 18
3913 18
3914 18
3915 18
3916 18
3917 18
3918 17
3919 17
3920 17
3921 17
3922 17
3923 17
3924 17
3925 17
3926 17
3927 17
3928 17
3929 17
3930 17
3931 17
3932 17
3933 17
3934 18
3935 18
3936 18
3937 18
3938 18
3939 18
3940 18
3941 18
3942 18
3943 18
3944 17
3945 17
3946 17
3947 17
3948 18
3949 19
3950 19
3951 19
3952 19
3953 19
3954 19
3955 18
3956 18
3957 19
3958 19
3959 18
3960 18
3961 18
3962 19
3963 19
3964 19
3965 18
3966 18
3967 18
3968 18
3969 19
3970 19
3971 19
3972 19
3973 19
3974 19
3975 19
3976 19
3977 19
3978 31
3979 31
3980 31
3981 31
3982 31
3983 31
3984 31
3985 31
3986 31
3987 31
3988 31
3989 31
3990 31
3991 31
3992 31
3993 31
3994 31
3995 31
3996 31
3997 31
3998 31
3999 31
4000 31
4001 31
4002 31
4003 31
4004 31
4005 31
4006 31
4007 31
4008 30
4009 30
4010 30
4011 30
4012 30
4013 30
4014 30
4015 30
4016 30
4017 30
4018 30
4019 30
4020 30
4021 30
4022 30
4023 30
4024 30
4025 30
4026 30
4027 30
4028 30
4029 30
4030 30
4031 30
4032 30
4033 30
4034 30
4035 30
4036 30
4037 30
4038 30
4039 30
4040 30
4041 30
4042 30
4043 30
4044 30
4045 30
4046 30
4047 30
4048 30
4049 30
4050 30
4051 30
4052 30
4053 30
4054 30
4055 30
4056 30
4057 30
4058 30
4059 30
4060 30
4061 30
4062 30
4063 30
4064 30
4065 30
4066 30
4067 30
4068 29
4069 29
4070 29
4071 29
4072 29
4073 29
4074 29
4075 29
4076 29
4077 29
4078 29
4079 29
4080 29
4081 29
4082 29
4083 29
4084 29
4085 29
4086 29
4087 29
4088 29
4089 29
4090 29
4091 29
4092 29
4093 29
4094 29
4095 29
4096 29
4097 29
4098 29
4099 29
4100 29
4101 29
4102 29
4103 29
4104 29
4105 29
4106 29
4107 29
4108 29
4109 29
4110 29
4111 29
4112 29
4113 29
4114 29
4115 29
4116 29
4117 29
4118 29
4119 29
4120 30
4121 30
4122 30
4123 30
4124 30
4125 30
4126 30
4127 30
4128 30
4129 30
4130 30
4131 30
4132 30
4133 30
4134 30
4135 30
4136 30
4137 30
4138 30
4139 30
4140 30
4141 30
4142 30
4143 30
4144 30
4145 30
4146 30
4147 30
4148 30
4149 30
4150 30
4151 30
4152 30
4153 30
4154 30
4155 30
4156 30
4157 30
4158 30
4159 30
4160 30
4161 30
4162 30
4163 30
4164 30
4165 30
4166 30
4167 30
4168 30
4169 30
4170 30
4171 30
4172 30
4173 30
4174 30
4175 30
4176 30
4177 30
4178 30
4179 30
4180 30
4181 30
4182 30
4183 30
4184 30
4185 30
4186 30
4187 30
4188 30
4189 30
4190 30
4191 30
4192 29
4193 29
4194 29
4195 29
4196 29
4197 29
4198 29
4199 29
4200 29
4201 29
4202 29
4203 29
4204 29
4205 29
4206 29
4207 29
4208 29
4209 29
4210 29
4211 29
4212 29
4213 29
4214 29
4215 29
4216 29
4217 29
4218 29
4219 29
4220 29
4221 29
4222 29
4223 29
4224 29
4225 29
4226 29
4227 29
4228 29
4229 29
4230 29
4231 29
4232 29
4233 29
4234 29
4235 29
4236 29
4237 29
4238 29
4239 29
4240 29
4241 29
4242 31
4243 31
4244 31
4245 31
4246 31
4247 31
4248 31
4249 31
4250 31
4251 31
4252 31
4253 31
4254 31
4255 31
4256 31
4257 31
4258 31
4259 31
4260 31
4261 31
4262 31
4263 31
4264 31
4265 31
4266 31
4267 31
4268 31
4269 31
4270 31
4271 31
4272 31
4273 31
4274 31
4275 31
4276 31
4277 31
4278 31
4279 31
4280 31
4281 31
4282 31
4283 31
4284 31
4285 31
4286 31
4287 31
4288 31
4289 31
4290 31
4291 31
4292 30
4293 30
4294 30
4295 30
4296 30
4297 30
4298 30
4299 30
4300 30
4301 30
4302 30
4303 30
4304 30
4305 30
4306 30
4307 30
4308 30
4309 30
4310 30
4311 30
4312 30
4313 30
4314 30
4315 30
4316 30
4317 30
4318 30
4319 30
4320 30
4321 30
4322 30
4323 30
4324 30
4325 30
4326 30
4327 30
4328 30
4329 30
4330 30
4331 30
4332 30
4333 30
4334 30
4335 30
4336 30
4337 30
4338 30
4339 30
4340 30
4341 30
4342 30
4343 30
4344 30
4345 30
4346 30
4347 30
4348 30
4349 30
4350 30
4351 30
4352 30
4353 30
4354 30
4355 30
4356 30
4357 30
4358 30
4359 30
4360 30
4361 30
4362 30
4363 30
4364 31
4365 31
4366 31
4367 31
4368 31
4369 31
4370 31
4371 31
4372 31
4373 31
4374 31
4375 31
4376 31
4377 31
4378 31
4379 31
4380 31
4381 31
4382 31
4383 31
4384 31
4385 31
4386 27
4387 27
4388 27
4389 27
4390 27
4391 27
4392 27
4393 27
4394 27
4395 27
4396 27
4397 27
4398 27
4399 27
4400 27
4401 27
4402 27
4403 27
4404 27
4405 27
4406 27
4407 27
4408 28
4409 28
4410 28
4411 28
4412 28
4413 28
4414 28
4415 28
4416 28
4417 28
4418 28
4419 28
4420 28
4421 28
4422 28
4423 28
4424 28
4425 28
4426 28
4427 28
4428 28
4429 28
4430 28
4431 28
4432 28
4433 28
4434 28
4435 28
4436 28
4437 28
4438 28
4439 28
4440 28
4441 28
4442 28
4443 28
4444 28
4445 28
4446 28
4447 28
4448 28
4449 28
4450 28
4451 28
4452 28
4453 28
4454 28
4455 28
4456 28
4457 28
4458 28
4459 28
4460 28
4461 28
4462 28
4463 28
4464 28
4465 28
4466 28
4467 28
4468 28
4469 28
4470 28
4471 28
4472 28
4473 28
4474 28
4475 28
4476 28
4477 28
4478 28
4479 28
4480 27
4481 27
4482 27
4483 27
4484 27
4485 27
4486 27
4487 27
4488 27
4489 27
4490 27
4491 27
4492 27
4493 27
4494 27
4495 27
4496 27
4497 27
4498 27
4499 27
4500 27
4501 27
4502 27
4503 27
4504 27
4505 27
4506 27
4507 27
4508 27
4509 27
4510 27
4511 27
4512 27
4513 27
4514 27
4515 27
4516 27
4517 27
4518 27
4519 27
4520 27
4521 27
4522 27
4523 27
4524 27
4525 27
4526 27
4527 27
4528 27
4529 27
4530 29
4531 29
4532 29
4533 29
4534 29
4535 29
4536 29
4537 29
4538 29
4539 29
4540 29
4541 29
4542 29
4543 29
4544 29
4545 29
4546 29
4547 29
4548 29
4549 29
4550 29
4551 29
4552 29
4553 29
4554 29
4555 29
4556 29
4557 29
4558 29
4559 29
4560 29
4561 29
4562 29
4563 29
4564 29
4565 29
4566 29
4567 29
4568 29
4569 29
4570 29
4571 29
4572 29
4573 29
4574 29
4575 29
4576 29
4577 29
4578 29
4579 29
4580 28
4581 28
4582 28
4583 28
4584 28
4585 28
4586 28
4587 28
4588 28
4589 28
4590 28
4591 28
4592 28
4593 28
4594 28
4595 28
4596 28
4597 28
4598 28
4599 28
4600 28
4601 28
4602 28
4603 28
4604 28
4605 28
4606 28
4607 28
4608 28
4609 28
4610 28
4611 28
4612 28
4613 28
4614 28
4615 28
4616 28
4617 28
4618 28
4619 28
4620 28
4621 28
4622 28
4623 28
4624 28
4625 28
4626 28
4627 28
4628 28
4629 28
4630 28
4631 28
4632 28
4633 28
4634 28
4635 28
4636 28
4637 28
4638 28
4639 28
4640 28
4641 28
4642 28
4643 28
4644 28
4645 28
4646 28
4647 28
4648 28
4649 28
4650 28
4651 28
4652 29
4653 29
4654 29
4655 29
4656 29
4657 29
4658 29
4659 29
4660 29
4661 29
4662 29
4663 29
4664 29
4665 29
4666 29
4667 29
4668 29
4669 29
4670 29
4671 29
4672 29
4673 29
4674 29
4675 29
4676 29
4677 29
4678 29
4679 29
4680 29
4681 29
4682 29
4683 29
4684 29
4685 29
4686 29
4687 29
4688 29
4689 29
4690 29
4691 29
4692 29
4693 29
4694 29
4695 29
4696 29
4697 29
4698 29
4699 29
4700 29
4701 29
4702 29
4703 29
4704 28
4705 28
4706 28
4707 28
4708 28
4709 28
4710 28
4711 28
4712 28
4713 28
4714 28
4715 28
4716 28
4717 28
4718 28
4719 28
4720 28
4721 28
4722 28
4723 28
4724 28
4725 28
4726 28
4727 28
4728 28
4729 28
4730 28
4731 28
4732 28
4733 28
4734 28
4735 28
4736 28
4737 28
4738 28
4739 28
4740 28
4741 28
4742 28
4743 28
4744 28
4745 28
4746 28
4747 28
4748 28
4749 28
4750 28
4751 28
4752 28
4753 28
4754 28
4755 28
4756 28
4757 28
4758 28
4759 28
4760 28
4761 28
4762 28
4763 28
4764 27
4765 27
4766 27
4767 27
4768 27
4769 27
4770 27
4771 27
4772 27
4773 27
4774 27
4775 27
4776 27
4777 27
4778 27
4779 27
4780 27
4781 27
4782 27
4783 27
4784 27
4785 27
4786 27
4787 27
4788 27
4789 27
4790 27
4791 27
4792 27
4793 27
4794 35
4795 35
4796 35
4797 35
4798 35
4799 35
4800 35
4801 35
4802 35
4803 35
4804 35
4805 35
4806 35
4807 35
4808 35
4809 35
4810 35
4811 35
4812 35
4813 35
4814 35
4815 35
4816 35
4817 35
4818 35
4819 35
4820 35
4821 35
4822 35
4823 35
4824 35
4825 35
4826 35
4827 35
4828 35
4829 35
4830 35
4831 35
4832 35
4833 35
4834 35
4835 35
4836 35
4837 35
4838 35
4839 35
4840 35
4841 35
4842 35
4843 35
4844 35
4845 35
4846 35
4847 35
4848 35
4849 35
4850 35
4851 35
4852 35
4853 35
4854 34
4855 34
4856 34
4857 34
4858 34
4859 34
4860 34
4861 34
4862 34
4863 34
4864 34
4865 34
4866 34
4867 34
4868 34
4869 34
4870 34
4871 34
4872 34
4873 34
4874 34
4875 34
4876 34
4877 34
4878 34
4879 34
4880 34
4881 34
4882 34
4883 34
4884 34
4885 34
4886 34
4887 34
4888 34
4889 34
4890 34
4891 34
4892 34
4893 34
4894 34
4895 34
4896 34
4897 34
4898 34
4899 34
4900 34
4901 34
4902 34
4903 34
4904 34
4905 34
4906 34
4907 34
4908 34
4909 34
4910 34
4911 34
4912 34
4913 34
4914 34
4915 34
4916 34
4917 34
4918 34
4919 34
4920 34
4921 34
4922 34
4923 34
4924 34
4925 34
4926 34
4927 34
4928 34
4929 34
4930 34
4931 34
4932 34
4933 34
4934 34
4935 34
4936 34
4937 34
4938 34
4939 34
4940 34
4941 34
4942 34
4943 34
4944 34
4945 34
4946 34
4947 34
4948 34
4949 34
4950 34
4951 34
4952 34
4953 34
4954 34
4955 34
4956 34
4957 34
4958 34
4959 34
4960 34
4961 34
4962 34
4963 34
4964 34
4965 34
4966 34
4967 34
4968 34
4969 34
4970 34
4971 34
4972 34
4973 34
4974 34
4975 34
4976 34
4977 34
4978 34
4979 34
4980 34
4981 34
4982 34
4983 34
4984 34
4985 34
4986 34
4987 34
4988 34
4989 34
4990 34
4991 34
4992 34
4993 34
4994 34
4995 34
4996 34
4997 34
4998 34
4999 34
5000 34
5001 34
5002 34
5003 34
5004 34
5005 34
5006 34
5007 34
5008 34
5009 34
5010 34
5011 34
5012 34
5013 34
5014 34
5015 34
5016 34
5017 34
5018 34
5019 34
5020 34
5021 34
5022 34
5023 34
5024 34
5025 34
5026 34
5027 34
5028 34
5029 34
5030 34
5031 34
5032 34
5033 34
5034 34
5035 34
5036 34
5037 34
5038 34
5039 34
5040 34
5041 34
5042 34
5043 34
5044 34
5045 34
5046 34
5047 34
5048 34
5049 34
5050 34
5051 34
5052 34
5053 34
5054 34
5055 34
5056 34
5057 34
5058 35
5059 35
5060 35
5061 35
5062 35
5063 35
5064 35
5065 35
5066 35
5067 35
5068 35
5069 35
5070 35
5071 35
5072 35
5073 35
5074 35
5075 35
5076 35
5077 35
5078 35
5079 35
5080 35
5081 35
5082 35
5083 35
5084 35
5085 35
5086 35
5087 35
5088 35
5089 35
5090 35
5091 35
5092 35
5093 35
5094 35
5095 35
5096 35
5097 35
5098 35
5099 35
5100 35
5101 35
5102 35
5103 35
5104 35
5105 35
5106 35
5107 35
5108 35
5109 35
5110 35
5111 35
5112 35
5113 35
5114 35
5115 35
5116 35
5117 35
5118 35
5119 35
5120 35
5121 35
5122 35
5123 35
5124 35
5125 35
5126 35
5127 35
5128 35
5129 35
5130 35
5131 35
5132 35
5133 35
5134 35
5135 35
5136 35
5137 35
5138 35
5139 35
5140 35
5141 35
5142 35
5143 35
5144 35
5145 35
5146 35
5147 35
5148 35
5149 35
5150 35
5151 35
5152 35
5153 35
5154 35
5155 35
5156 35
5157 35
5158 35
5159 35
5160 35
5161 35
5162 35
5163 35
5164 35
5165 35
5166 35
5167 35
5168 35
5169 35
5170 35
5171 35
5172 35
5173 35
5174 35
5175 35
5176 35
5177 35
5178 35
5179 35
5180 35
5181 35
5182 35
5183 35
5184 35
5185 35
5186 35
5187 35
5188 35
5189 35
5190 35
5191 35
5192 35
5193 35
5194 35
5195 35
5196 35
5197 35
5198 35
5199 35
5200 35
5201 35
5202 31
5203 31
5204 31
5205 31
5206 31
5207 31
5208 31
5209 31
5210 31
5211 31
5212 31
5213 31
5214 31
5215 31
5216 31
5217 31
5218 32
5219 32
5220 32
5221 32
5222 32
5223 32
5224 32
5225 32
5226 32
5227 32
5228 32
5229 32
5230 32
5231 32
5232 32
5233 32
5234 32
5235 32
5236 32
5237 32
5238 32
5239 32
5240 31
5241 31
5242 31
5243 31
5244 31
5245 31
5246 32
5247 32
5248 32
5249 32
5250 32
5251 32
5252 32
5253 32
5254 32
5255 32
5256 32
5257 32
5258 32
5259 32
5260 32
5261 32
5262 32
5263 32
5264 32
5265 32
5266 32
5267 32
5268 32
5269 32
5270 32
5271 32
5272 32
5273 32
5274 32
5275 32
5276 32
5277 32
5278 32
5279 32
5280 32
5281 32
5282 32
5283 32
5284 32
5285 32
5286 32
5287 32
5288 32
5289 32
5290 32
5291 32
5292 32
5293 32
5294 32
5295 32
5296 32
5297 32
5298 32
5299 32
5300 32
5301 32
5302 32
5303 32
5304 32
5305 32
5306 32
5307 32
5308 32
5309 32
5310 32
5311 32
5312 32
5313 32
5314 32
5315 32
5316 32
5317 32
5318 31
5319 31
5320 31
5321 31
5322 31
5323 31
5324 31
5325 31
5326 31
5327 31
5328 31
5329 31
5330 31
5331 31
5332 31
5333 31
5334 31
5335 31
5336 31
5337 31
5338 31
5339 31
5340 32
5341 32
5342 32
5343 32
5344 32
5345 32
5346 32
5347 32
5348 32
5349 32
5350 32
5351 32
5352 32
5353 32
5354 32
5355 32
5356 32
5357 32
5358 32
5359 32
5360 32
5361 32
5362 32
5363 32
5364 32
5365 32
5366 32
5367 32
5368 32
5369 32
5370 32
5371 32
5372 32
5373 32
5374 32
5375 32
5376 32
5377 32
5378 32
5379 32
5380 32
5381 32
5382 32
5383 32
5384 32
5385 32
5386 32
5387 32
5388 32
5389 32
5390 31
5391 31
5392 31
5393 31
5394 31
5395 31
5396 31
5397 31
5398 31
5399 31
5400 31
5401 31
5402 31
5403 31
5404 31
5405 31
5406 31
5407 31
5408 31
5409 31
5410 31
5411 31
5412 31
5413 31
5414 31
5415 31
5416 31
5417 31
5418 33
5419 33
5420 33
5421 33
5422 33
5423 33
5424 33
5425 33
5426 33
5427 33
5428 33
5429 33
5430 33
5431 33
5432 33
5433 33
5434 33
5435 33
5436 33
5437 33
5438 33
5439 33
5440 33
5441 33
5442 33
5443 33
5444 33
5445 33
5446 33
5447 33
5448 33
5449 33
5450 33
5451 33
5452 33
5453 33
5454 33
5455 33
5456 33
5457 33
5458 33
5459 33
5460 33
5461 33
5462 33
5463 33
5464 33
5465 33
5466 33
5467 33
5468 33
5469 33
5470 33
5471 33
5472 33
5473 33
5474 33
5475 33
5476 33
5477 33
5478 33
5479 33
5480 33
5481 33
5482 33
5483 33
5484 33
5485 33
5486 33
5487 33
5488 33
5489 33
5490 33
5491 33
5492 33
5493 33
5494 33
5495 33
5496 33
5497 33
5498 33
5499 33
5500 33
5501 33
5502 33
5503 33
5504 33
5505 33
5506 33
5507 33
5508 33
5509 33
5510 33
5511 33
5512 33
5513 33
5514 33
5515 33
5516 33
5517 33
5518 33
5519 33
5520 33
5521 33
5522 33
5523 33
5524 33
5525 33
5526 33
5527 33
5528 33
5529 33
5530 33
5531 33
5532 33
5533 33
5534 33
5535 33
5536 33
5537 33
5538 33
5539 33
5540 33
5541 33
5542 33
5543 33
5544 33
5545 33
5546 33
5547 33
5548 33
5549 33
5550 33
5551 33
5552 33
5553 33
5554 33
5555 33
5556 33
5557 33
5558 33
5559 33
5560 33
5561 33
5562 33
5563 33
5564 33
5565 33
5566 33
5567 33
5568 33
5569 33
5570 33
5571 33
5572 33
5573 33
5574 33
5575 33
5576 33
5577 33
5578 33
5579 33
5580 33
5581 33
5582 33
5583 33
5584 33
5585 33
5586 33
5587 33
5588 33
5589 33
5590 33
5591 33
5592 33
5593 33
5594 33
5595 33
5596 33
5597 33
5598 33
5599 33
5600 33
5601 33
5602 33
5603 33
5604 33
5605 33
5606 33
5607 33
5608 33
5609 33
5610 33
5611 33
5612 33
5613 33
5614 33
5615 33
5616 33
5617 33
5618 33
5619 33
5620 33
5621 33
5622 32
5623 32
5624 32
5625 32
5626 32
5627 32
5628 32
5629 32
5630 32
5631 32
5632 32
5633 32
5634 32
5635 32
5636 32
5637 32
5638 32
5639 32
5640 32
5641 32
5642 32
5643 32
5644 32
5645 32
5646 32
5647 32
5648 32
5649 32
5650 32
5651 32
5652 31
5653 31
5654 31
5655 31
5656 31
5657 31
5658 31
5659 31
5660 31
5661 31
5662 32
5663 32
5664 32
5665 32
5666 32
5667 32
5668 32
5669 32
5670 32
5671 32
5672 32
5673 32
5674 32
5675 32
5676 32
5677 32
5678 32
5679 32
5680 32
5681 32
5682 32
5683 32
5684 32
5685 32
5686 32
5687 32
5688 32
5689 32
5690 32
5691 32
5692 31
5693 31
5694 31
5695 31
5696 31
5697 31
5698 31
5699 31
5700 31
5701 31
5702 31
5703 31
5704 31
5705 31
5706 31
5707 31
5708 31
5709 31
5710 31
5711 31
5712 22
5713 22
5714 22
5715 22
5716 22
5717 22
5718 22
5719 22
5720 22
5721 22
5722 22
5723 22
5724 22
5725 22
5726 22
5727 22
5728 22
5729 22
5730 22
5731 22
5732 22
5733 22
5734 22
5735 22
5736 22
5737 22
5738 22
5739 22
5740 22
5741 22
5742 21
5743 21
5744 21
5745 21
5746 21
5747 21
5748 21
5749 21
5750 21
5751 21
5752 21
5753 21
5754 21
5755 21
5756 21
5757 21
5758 21
5759 21
5760 21
5761 21
5762 21
5763 21
5764 21
5765 21
5766 21
5767 21
5768 21
5769 21
5770 21
5771 21
5772 21
5773 21
5774 21
5775 21
5776 21
5777 21
5778 21
5779 21
5780 21
5781 21
5782 21
5783 21
5784 21
5785 21
5786 21
5787 21
5788 21
5789 21
5790 21
5791 21
5792 21
5793 21
5794 21
5795 21
5796 21
5797 21
5798 21
5799 21
5800 21
5801 21
5802 20
5803 20
5804 20
5805 20
5806 20
5807 20
5808 20
5809 20
5810 20
5811 20
5812 20
5813 20
5814 20
5815 20
5816 20
5817 20
5818 20
5819 20
5820 20
5821 20
5822 20
5823 20
5824 20
5825 20
5826 20
5827 20
5828 20
5829 20
5830 20
5831 20
5832 19
5833 19
5834 19
5835 19
5836 19
5837 19
5838 19
5839 19
5840 19
5841 19
5842 20
5843 20
5844 20
5845 20
5846 20
5847 20
5848 20
5849 20
5850 20
5851 20
5852 20
5853 20
5854 20
5855 20
5856 20
5857 20
5858 20
5859 20
5860 20
5861 20
5862 20
5863 20
5864 20
5865 20
5866 20
5867 20
5868 20
5869 20
5870 20
5871 20
5872 19
5873 19
5874 19
5875 19
5876 19
5877 19
5878 19
5879 19
5880 19
5881 19
5882 19
5883 19
5884 19
5885 19
5886 19
5887 19
5888 19
5889 19
5890 19
5891 19
5892 19
5893 19
5894 19
5895 19
5896 19
5897 19
5898 19
5899 19
5900 19
5901 19
5902 19
5903 19
5904 19
5905 19
5906 19
5907 19
5908 20
5909 20
5910 20
5911 20
5912 20
5913 20
5914 20
5915 20
5916 20
5917 20
5918 20
5919 20
5920 20
5921 20
5922 20
5923 20
5924 20
5925 20
5926 20
5927 20
5928 20
5929 20
5930 19
5931 19
5932 19
5933 19
5934 19
5935 19
5936 20
5937 20
5938 20
5939 20
5940 20
5941 20
5942 20
5943 20
5944 20
5945 20
5946 20
5947 20
5948 20
5949 20
5950 20
5951 20
5952 20
5953 20
5954 20
5955 20
5956 20
5957 20
5958 20
5959 20
5960 20
5961 20
5962 20
5963 20
5964 20
5965 20
5966 20
5967 20
5968 20
5969 20
5970 20
5971 20
5972 20
5973 20
5974 20
5975 20
5976 20
5977 20
5978 20
5979 20
5980 20
5981 20
5982 20
5983 20
5984 20
5985 20
5986 20
5987 20
5988 20
5989 20
5990 20
5991 20
5992 20
5993 20
5994 20
5995 22
5996 21
5997 21
5998 20
5999 20
6000 22
6001 21
6002 21
6003 20
6004 20
6005 20
6006 20
6007 20
6008 19
6009 19
6010 19
6011 19
6012 19
6013 19
6014 19
6015 19
6016 19
6017 19
6018 20
6019 21
6020 22
6021 20
6022 21
6023 20
6024 21
6025 21
6026 20
6027 22
6028 19
6029 19
6030 20
6031 21
6032 20
6033 21
6034 22
6035 20
6036 20
6037 21
6038 22
6039 21
6040 20
6041 20
6042 20
6043 20
6044 20
6045 20
6046 20
6047 20
6048 20
6049 20
6050 20
6051 20
6052 20
6053 20
6054 20
6055 20
6056 20
6057 20
6058 20
6059 20
6060 20
6061 20
6062 20
6063 20
6064 20
6065 20
6066 20
6067 20
6068 20
6069 20
6070 20
6071 20
6072 20
6073 20
6074 20
6075 20
6076 20
6077 20
6078 20
6079 20
6080 19
6081 19
6082 19
6083 19
6084 19
6085 19
6086 19
6087 19
6088 19
6089 19
6090 19
6091 19
6092 19
6093 19
6094 19
6095 19
6096 19
6097 19
6098 19
6099 19
6100 19
6101 19
6102 19
6103 19
6104 19
6105 19
6106 19
6107 19
6108 22
6109 22
6110 22
6111 22
6112 22
6113 22
6114 22
6115 22
6116 22
6117 22
6118 22
6119 22
6120 22
6121 22
6122 22
6123 22
6124 22
6125 22
6126 22
6127 22
6128 22
6129 22
6130 22
6131 22
6132 22
6133 22
6134 22
6135 22
6136 22
6137 22
6138 22
6139 22
6140 22
6141 22
6142 22
6143 22
6144 22
6145 22
6146 22
6147 22
6148 22
6149 22
6150 22
6151 22
6152 22
6153 22
6154 22
6155 22
6156 22
6157 22
6158 21
6159 21
6160 21
6161 21
6162 21
6163 21
6164 21
6165 21
6166 22
6167 21
6168 21
6169 21
6170 21
6171 21
6172 21
6173 21
6174 22
6175 21
6176 21
6177 21
6178 21
6179 21
6180 21
6181 21
6182 21
6183 21
6184 21
6185 21
6186 22
6187 21
6188 22
6189 21
6190 21
6191 21
6192 21
6193 21
6194 21
6195 21
6196 21
6197 21
6198 21
6199 21
6200 21
6201 21
6202 21
6203 21
6204 21
6205 21
6206 21
6207 21
6208 21
6209 21
6210 21
6211 21
6212 21
6213 21
6214 21
6215 21
6216 21
6217 21
6218 21
6219 21
6220 21
6221 21
6222 21
6223 21
6224 21
6225 21
6226 21
6227 21
6228 21
6229 21
6230 21
6231 21
6232 21
6233 21
6234 21
6235 21
6236 21
6237 21
6238 21
6239 21
6240 21
6241 21
6242 21
6243 21
6244 21
6245 21
6246 21
6247 21
6248 21
6249 21
6250 21
6251 21
6252 21
6253 21
6254 21
6255 21
6256 21
6257 21
6258 21
6259 21
6260 21
6261 21
6262 21
6263 21
6264 21
6265 21
6266 21
6267 21
6268 21
6269 21
6270 21
6271 21
6272 21
6273 21
6274 21
6275 21
6276 21
6277 21
6278 21
6279 21
6280 21
6281 21
6282 21
6283 21
6284 21
6285 21
6286 21
6287 21
6288 21
6289 21
6290 21
6291 21
6292 21
6293 21
6294 21
6295 21
6296 21
6297 21
6298 21
6299 21
6300 21
6301 21
6302 22
6303 22
6304 22
6305 22
6306 22
6307 22
6308 22
6309 22
6310 22
6311 22
6312 22
6313 22
6314 22
6315 22
6316 22
6317 22
6318 22
6319 22
6320 22
6321 22
6322 22
6323 22
6324 17
6325 17
6326 17
6327 17
6328 17
6329 17
6330 17
6331 17
6332 17
6333 17
6334 17
6335 17
6336 17
6337 17
6338 17
6339 17
6340 17
6341 17
6342 17
6343 17
6344 17
6345 17
6346 18
6347 18
6348 18
6349 18
6350 18
6351 18
6352 17
6353 17
6354 17
6355 17
6356 17
6357 17
6358 17
6359 17
6360 17
6361 17
6362 17
6363 17
6364 17
6365 17
6366 17
6367 17
6368 17
6369 17
6370 17
6371 17
6372 17
6373 17
6374 18
6375 18
6376 18
6377 18
6378 18
6379 18
6380 18
6381 18
6382 18
6383 18
6384 18
6385 18
6386 18
6387 18
6388 18
6389 18
6390 18
6391 18
6392 18
6393 18
6394 18
6395 18
6396 18
6397 18
6398 18
6399 18
6400 18
6401 18
6402 18
6403 18
6404 18
6405 18
6406 18
6407 18
6408 18
6409 18
6410 18
6411 18
6412 18
6413 18
6414 18
6415 18
6416 18
6417 18
6418 17
6419 17
6420 17
6421 17
6422 17
6423 17
6424 17
6425 17
6426 17
6427 17
6428 17
6429 17
6430 17
6431 17
6432 17
6433 17
6434 17
6435 17
6436 17
6437 17
6438 17
6439 17
6440 17
6441 17
6442 17
6443 17
6444 17
6445 17
6446 17
6447 17
6448 17
6449 18
6450 18
6451 17
6452 18
6453 18
6454 19
6455 19
6456 19
6457 21
6458 21
6459 22
6460 20
6461 20
6462 20
6463 21
6464 22
6465 20
6466 21
6467 19
6468 18
6469 18
6470 21
6471 22
6472 20
6473 21
6474 20
6475 21
6476 20
6477 20
6478 21
6479 22
6480 19
6481 19
6482 19
6483 19
6484 18
6485 18
6486 18
6487 18
6488 18
6489 18
6490 19
6491 19
6492 19
6493 19
6494 20
6495 21
6496 20
6497 22
6498 21
6499 20
6500 22
6501 21
6502 21
6503 20
6504 18
6505 18
6506 17
6507 17
6508 18
6509 18
6510 17
6511 17
6512 17
6513 17
6514 17
6515 17
6516 17
6517 17
6518 17
6519 17
6520 17
6521 17
6522 17
6523 17
6524 17
6525 17
6526 17
6527 17
6528 17
6529 17
6530 17
6531 17
6532 17
6533 17
6534 17
6535 17
6536 17
6537 17
6538 17
6539 17
6540 19
6541 19
6542 19
6543 19
6544 19
6545 19
6546 19
6547 19
6548 19
6549 19
6550 19
6551 19
6552 19
6553 19
6554 19
6555 19
6556 19
6557 19
6558 19
6559 19
6560 19
6561 19
6562 19
6563 19
6564 19
6565 19
6566 19
6567 19
6568 19
6569 19
6570 19
6571 19
6572 19
6573 19
6574 19
6575 19
6576 19
6577 19
6578 20
6579 21
6580 21
6581 20
6582 22
6583 22
6584 21
6585 20
6586 21
6587 20
6588 19
6589 19
6590 19
6591 19
6592 20
6593 22
6594 21
6595 21
6596 20
6597 20
6598 21
6599 21
6600 22
6601 20
6602 19
6603 19
6604 18
6605 18
6606 18
6607 18
6608 18
6609 18
6610 18
6611 18
6612 18
6613 18
6614 18
6615 18
6616 18
6617 18
6618 18
6619 18
6620 18
6621 18
6622 18
6623 18
6624 18
6625 18
6626 18
6627 18
6628 18
6629 18
6630 18
6631 18
6632 18
6633 18
6634 18
6635 18
6636 18
6637 18
6638 18
6639 18
6640 18
6641 18
6642 18
6643 18
6644 18
6645 18
6646 18
6647 18
6648 18
6649 18
6650 18
6651 18
6652 18
6653 18
6654 18
6655 18
6656 18
6657 18
6658 18
6659 18
6660 18
6661 18
6662 19
6663 19
6664 19
6665 19
6666 19
6667 19
6668 19
6669 19
6670 19
6671 19
6672 19
6673 19
6674 19
6675 19
6676 19
6677 19
6678 19
6679 19
6680 19
6681 19
6682 19
6683 19
6684 19
6685 19
6686 19
6687 19
6688 19
6689 19
6690 19
6691 19
6692 19
6693 19
6694 19
6695 19
6696 19
6697 19
6698 19
6699 19
6700 19
6701 19
6702 19
6703 19
6704 19
6705 19
6706 19
6707 19
6708 19
6709 19
6710 19
6711 19
6712 19
6713 19
6714 18
6715 18
6716 18
6717 18
6718 18
6719 18
6720 18
6721 18
6722 18
6723 18
6724 18
6725 18
6726 18
6727 18
6728 18
6729 18
6730 18
6731 18
6732 18
6733 18
6734 18
6735 18
6736 18
6737 18
6738 18
6739 18
6740 18
6741 18
6742 18
6743 18
6744 18
6745 18
6746 18
6747 18
6748 18
6749 18
6750 18
6751 18
6752 18
6753 18
6754 18
6755 18
6756 18
6757 18
6758 18
6759 18
6760 18
6761 18
6762 18
6763 18
6764 17
6765 17
6766 17
6767 17
6768 17
6769 17
6770 17
6771 17
6772 17
6773 17
6774 17
6775 17
6776 17
6777 17
6778 17
6779 17
6780 17
6781 17
6782 17
6783 17
6784 17
6785 17
6786 17
6787 17
6788 17
6789 17
6790 17
6791 17
6792 17
6793 17
6794 18
6795 18
6796 18
6797 18
6798 18
6799 18
6800 18
6801 18
6802 18
6803 18
6804 17
6805 17
6806 17
6807 17
6808 17
6809 17
6810 17
6811 17
6812 17
6813 17
6814 17
6815 17
6816 17
6817 17
6818 17
6819 17
6820 17
6821 17
6822 17
6823 17
6824 17
6825 17
6826 17
6827 17
6828 17
6829 17
6830 17
6831 17
6832 17
6833 17
6834 27
6835 27
6836 27
6837 27
6838 27
6839 27
6840 27
6841 27
6842 27
6843 27
6844 27
6845 27
6846 27
6847 27
6848 27
6849 27
6850 27
6851 27
6852 27
6853 27
6854 27
6855 27
6856 27
6857 27
6858 27
6859 27
6860 27
6861 27
6862 27
6863 27
6864 26
6865 26
6866 26
6867 26
6868 26
6869 26
6870 26
6871 26
6872 26
6873 26
6874 26
6875 26
6876 26
6877 26
6878 26
6879 26
6880 26
6881 26
6882 26
6883 26
6884 26
6885 26
6886 26
6887 26
6888 26
6889 26
6890 26
6891 26
6892 26
6893 26
6894 26
6895 26
6896 26
6897 26
6898 26
6899 26
6900 26
6901 26
6902 26
6903 26
6904 26
6905 26
6906 26
6907 26
6908 26
6909 26
6910 26
6911 26
6912 26
6913 26
6914 26
6915 26
6916 26
6917 26
6918 26
6919 26
6920 26
6921 26
6922 26
6923 26
6924 25
6925 25
6926 25
6927 25
6928 25
6929 25
6930 25
6931 25
6932 25
6933 25
6934 25
6935 25
6936 25
6937 25
6938 25
6939 25
6940 25
6941 25
6942 25
6943 25
6944 25
6945 25
6946 25
6947 25
6948 25
6949 25
6950 25
6951 25
6952 25
6953 25
6954 25
6955 25
6956 25
6957 25
6958 25
6959 25
6960 25
6961 25
6962 25
6963 25
6964 25
6965 25
6966 25
6967 25
6968 25
6969 25
6970 25
6971 25
6972 25
6973 25
6974 25
6975 25
6976 25
6977 25
6978 25
6979 25
6980 25
6981 25
6982 25
6983 25
6984 25
6985 25
6986 25
6987 25
6988 25
6989 25
6990 25
6991 25
6992 25
6993 25
6994 25
6995 25
6996 25
6997 25
6998 25
6999 25
7000 25
7001 25
7002 25
7003 25
7004 25
7005 25
7006 25
7007 25
7008 25
7009 25
7010 25
7011 25
7012 25
7013 25
7014 25
7015 25
7016 25
7017 25
7018 25
7019 25
7020 25
7021 25
7022 25
7023 25
7024 25
7025 25
7026 25
7027 25
7028 25
7029 25
7030 25
7031 25
7032 25
7033 25
7034 25
7035 25
7036 25
7037 25
7038 25
7039 25
7040 25
7041 25
7042 25
7043 25
7044 25
7045 25
7046 25
7047 25
7048 25
7049 25
7050 25
7051 25
7052 25
7053 25
7054 25
7055 25
7056 25
7057 25
7058 25
7059 25
7060 25
7061 25
7062 25
7063 25
7064 25
7065 25
7066 25
7067 25
7068 25
7069 25
7070 25
7071 25
7072 25
7073 25
7074 25
7075 25
7076 25
7077 25
7078 25
7079 25
7080 25
7081 25
7082 25
7083 25
7084 25
7085 25
7086 25
7087 25
7088 25
7089 25
7090 25
7091 25
7092 25
7093 25
7094 25
7095 25
7096 25
7097 25
7098 25
7099 25
7100 25
7101 25
7102 25
7103 25
7104 25
7105 25
7106 25
7107 25
7108 25
7109 25
7110 25
7111 25
7112 25
7113 25
7114 25
7115 25
7116 25
7117 25
7118 25
7119 25
7120 25
7121 25
7122 25
7123 25
7124 25
7125 25
7126 25
7127 25
7128 27
7129 27
7130 27
7131 27
7132 27
7133 27
7134 27
7135 27
7136 27
7137 27
7138 27
7139 27
7140 27
7141 27
7142 27
7143 27
7144 27
7145 27
7146 27
7147 27
7148 27
7149 27
7150 27
7151 27
7152 27
7153 27
7154 27
7155 27
7156 27
7157 27
7158 27
7159 27
7160 27
7161 27
7162 27
7163 27
7164 27
7165 27
7166 27
7167 27
7168 27
7169 27
7170 27
7171 27
7172 27
7173 27
7174 27
7175 27
7176 27
7177 27
7178 26
7179 26
7180 26
7181 26
7182 26
7183 26
7184 26
7185 26
7186 26
7187 26
7188 26
7189 26
7190 26
7191 26
7192 26
7193 26
7194 26
7195 26
7196 26
7197 26
7198 26
7199 26
7200 26
7201 26
7202 26
7203 26
7204 26
7205 26
7206 26
7207 26
7208 26
7209 26
7210 26
7211 26
7212 26
7213 26
7214 26
7215 26
7216 26
7217 26
7218 26
7219 26
7220 26
7221 26
7222 26
7223 26
7224 26
7225 26
7226 26
7227 26
7228 26
7229 26
7230 26
7231 26
7232 26
7233 26
7234 26
7235 26
7236 26
7237 26
7238 26
7239 26
7240 26
7241 26
7242 26
7243 26
7244 26
7245 26
7246 26
7247 26
7248 26
7249 26
7250 26
7251 26
7252 26
7253 26
7254 26
7255 26
7256 26
7257 26
7258 26
7259 26
7260 26
7261 26
7262 26
7263 26
7264 26
7265 26
7266 26
7267 26
7268 26
7269 26
7270 26
7271 26
7272 26
7273 26
7274 26
7275 26
7276 26
7277 26
7278 26
7279 26
7280 26
7281 26
7282 26
7283 26
7284 26
7285 26
7286 26
7287 26
7288 26
7289 26
7290 26
7291 26
7292 26
7293 26
7294 26
7295 26
7296 26
7297 26
7298 26
7299 26
7300 26
7301 26
7302 26
7303 26
7304 26
7305 26
7306 26
7307 26
7308 26
7309 26
7310 26
7311 26
7312 26
7313 26
7314 26
7315 26
7316 26
7317 26
7318 26
7319 26
7320 26
7321 26
7322 27
7323 27
7324 27
7325 27
7326 27
7327 27
7328 27
7329 27
7330 27
7331 27
7332 27
7333 27
7334 27
7335 27
7336 27
7337 27
7338 27
7339 27
7340 27
7341 27
7342 27
7343 27
7344 22
7345 22
7346 22
7347 22
7348 22
7349 22
7350 22
7351 22
7352 22
7353 22
7354 22
7355 22
7356 22
7357 22
7358 22
7359 22
7360 22
7361 22
7362 22
7363 22
7364 22
7365 22
7366 23
7367 23
7368 23
7369 23
7370 23
7371 23
7372 23
7373 23
7374 23
7375 23
7376 23
7377 23
7378 23
7379 23
7380 23
7381 23
7382 23
7383 23
7384 23
7385 23
7386 23
7387 23
7388 23
7389 23
7390 23
7391 23
7392 23
7393 23
7394 23
7395 23
7396 23
7397 23
7398 23
7399 23
7400 23
7401 23
7402 23
7403 23
7404 23
7405 23
7406 23
7407 23
7408 23
7409 23
7410 23
7411 23
7412 23
7413 23
7414 23
7415 23
7416 23
7417 23
7418 23
7419 23
7420 23
7421 23
7422 23
7423 23
7424 23
7425 23
7426 23
7427 23
7428 23
7429 23
7430 23
7431 23
7432 23
7433 23
7434 23
7435 23
7436 23
7437 23
7438 22
7439 22
7440 22
7441 22
7442 22
7443 22
7444 22
7445 22
7446 22
7447 22
7448 22
7449 22
7450 22
7451 22
7452 22
7453 22
7454 22
7455 22
7456 22
7457 22
7458 22
7459 22
7460 22
7461 22
7462 22
7463 22
7464 22
7465 22
7466 22
7467 22
7468 22
7469 22
7470 22
7471 22
7472 22
7473 22
7474 22
7475 22
7476 22
7477 22
7478 22
7479 22
7480 22
7481 22
7482 22
7483 22
7484 22
7485 22
7486 22
7487 22
7488 24
7489 24
7490 24
7491 24
7492 24
7493 24
7494 24
7495 24
7496 24
7497 24
7498 24
7499 24
7500 24
7501 24
7502 24
7503 24
7504 24
7505 24
7506 24
7507 24
7508 24
7509 24
7510 24
7511 24
7512 24
7513 24
7514 24
7515 24
7516 24
7517 24
7518 24
7519 24
7520 24
7521 24
7522 24
7523 24
7524 24
7525 24
7526 24
7527 24
7528 24
7529 24
7530 24
7531 24
7532 24
7533 24
7534 24
7535 24
7536 24
7537 24
7538 23
7539 23
7540 23
7541 23
7542 23
7543 23
7544 23
7545 23
7546 23
7547 23
7548 23
7549 23
7550 23
7551 23
7552 23
7553 23
7554 23
7555 23
7556 23
7557 23
7558 23
7559 23
7560 24
7561 24
7562 24
7563 24
7564 24
7565 24
7566 24
7567 24
7568 24
7569 24
7570 24
7571 24
7572 24
7573 24
7574 24
7575 24
7576 24
7577 24
7578 24
7579 24
7580 24
7581 24
7582 24
7583 24
7584 24
7585 24
7586 24
7587 24
7588 24
7589 24
7590 24
7591 24
7592 24
7593 24
7594 24
7595 24
7596 24
7597 24
7598 24
7599 24
7600 24
7601 24
7602 24
7603 24
7604 24
7605 24
7606 24
7607 24
7608 24
7609 24
7610 23
7611 23
7612 23
7613 23
7614 23
7615 23
7616 23
7617 23
7618 23
7619 23
7620 23
7621 23
7622 23
7623 23
7624 23
7625 23
7626 23
7627 23
7628 23
7629 23
7630 23
7631 23
7632 23
7633 23
7634 23
7635 23
7636 23
7637 23
7638 23
7639 23
7640 23
7641 23
7642 23
7643 23
7644 23
7645 23
7646 23
7647 23
7648 23
7649 23
7650 23
7651 23
7652 23
7653 23
7654 24
7655 24
7656 24
7657 24
7658 24
7659 24
7660 24
7661 24
7662 24
7663 24
7664 24
7665 24
7666 24
7667 24
7668 24
7669 24
7670 24
7671 24
7672 24
7673 24
7674 24
7675 24
7676 23
7677 23
7678 23
7679 23
7680 23
7681 23
7682 24
7683 24
7684 24
7685 24
7686 24
7687 24
7688 24
7689 24
7690 24
7691 24
7692 24
7693 24
7694 24
7695 24
7696 24
7697 24
7698 24
7699 24
7700 24
7701 24
7702 24
7703 24
7704 24
7705 24
7706 24
7707 24
7708 24
7709 24
7710 24
7711 24
7712 24
7713 24
7714 24
7715 24
7716 24
7717 24
7718 24
7719 24
7720 24
7721 24
7722 24
7723 24
7724 24
7725 24
7726 24
7727 24
7728 24
7729 24
7730 24
7731 24
7732 24
7733 24
7734 23
7735 23
7736 23
7737 23
7738 23
7739 23
7740 23
7741 23
7742 23
7743 23
7744 24
7745 24
7746 24
7747 24
7748 24
7749 24
7750 24
7751 24
7752 24
7753 24
7754 24
7755 24
7756 24
7757 24
7758 24
7759 24
7760 24
7761 24
7762 24
7763 24
7764 24
7765 24
7766 24
7767 24
7768 24
7769 24
7770 24
7771 24
7772 24
7773 24
7774 23
7775 23
7776 23
7777 23
7778 23
7779 23
7780 23
7781 23
7782 23
7783 23
7784 23
7785 23
7786 23
7787 23
7788 23
7789 23
7790 23
7791 23
7792 23
7793 23
7794 23
7795 23
7796 23
7797 23
7798 23
7799 23
7800 23
7801 23
7802 23
7803 23
7804 23
7805 23
7806 23
7807 23
7808 23
7809 23
7810 23
7811 23
7812 23
7813 23
7814 23
7815 23
7816 23
7817 23
7818 23
7819 23
7820 23
7821 23
7822 23
7823 23
7824 22
7825 22
7826 22
7827 22
7828 22
7829 22
7830 22
7831 22
7832 22
7833 22
7834 22
7835 22
7836 22
7837 22
7838 22
7839 22
7840 22
7841 22
7842 22
7843 22
7844 22
7845 22
7846 22
7847 22
7848 22
7849 22
7850 22
7851 22
7852 22
7853 22
7854 9
7855 9
7856 9
7857 9
7858 9
7859 9
7860 9
7861 9
7862 9
7863 9
7864 9
7865 9
7866 9
7867 9
7868 9
7869 9
7870 9
7871 9
7872 9
7873 9
7874 9
7875 9
7876 9
7877 9
7878 9
7879 9
7880 9
7881 9
7882 9
7883 9
7884 9
7885 9
7886 9
7887 9
7888 9
7889 9
7890 9
7891 9
7892 9
7893 9
7894 9
7895 9
7896 9
7897 9
7898 9
7899 9
7900 9
7901 9
7902 9
7903 9
7904 9
7905 9
7906 9
7907 9
7908 9
7909 9
7910 9
7911 9
7912 9
7913 9
7914 8
7915 8
7916 8
7917 8
7918 8
7919 8
7920 8
7921 8
7922 8
7923 8
7924 8
7925 8
7926 8
7927 8
7928 8
7929 8
7930 8
7931 8
7932 8
7933 8
7934 8
7935 8
7936 8
7937 8
7938 8
7939 8
7940 8
7941 8
7942 8
7943 8
7944 8
7945 8
7946 8
7947 8
7948 8
7949 8
7950 8
7951 8
7952 8
7953 8
7954 8
7955 8
7956 8
7957 8
7958 8
7959 8
7960 8
7961 8
7962 8
7963 8
7964 8
7965 8
7966 8
7967 8
7968 8
7969 8
7970 8
7971 8
7972 8
7973 8
7974 7
7975 7
7976 7
7977 7
7978 7
7979 7
7980 7
7981 7
7982 7
7983 7
7984 7
7985 7
7986 7
7987 7
7988 7
7989 7
7990 7
7991 7
7992 7
7993 7
7994 7
7995 7
7996 7
7997 7
7998 7
7999 7
8000 7
8001 7
8002 7
8003 7
8004 7
8005 7
8006 7
8007 7
8008 7
8009 7
8010 7
8011 7
8012 7
8013 7
8014 7
8015 7
8016 7
8017 7
8018 7
8019 7
8020 7
8021 7
8022 7
8023 7
8024 7
8025 7
8026 7
8027 7
8028 7
8029 7
8030 7
8031 7
8032 7
8033 7
8034 6
8035 6
8036 6
8037 6
8038 6
8039 6
8040 6
8041 6
8042 6
8043 6
8044 6
8045 6
8046 6
8047 6
8048 6
8049 6
8050 6
8051 6
8052 6
8053 6
8054 6
8055 6
8056 6
8057 6
8058 6
8059 6
8060 6
8061 6
8062 6
8063 6
8064 6
8065 6
8066 6
8067 6
8068 6
8069 6
8070 6
8071 6
8072 6
8073 6
8074 6
8075 6
8076 6
8077 6
8078 6
8079 6
8080 6
8081 6
8082 6
8083 6
8084 6
8085 6
8086 6
8087 6
8088 6
8089 6
8090 6
8091 6
8092 6
8093 6
8094 6
8095 6
8096 7
8097 7
8098 6
8099 6
8100 8
8101 8
8102 7
8103 7
8104 9
8105 9
8106 9
8107 9
8108 8
8109 8
8110 8
8111 7
8112 7
8113 8
8114 8
8115 9
8116 9
8117 9
8118 9
8119 8
8120 6
8121 6
8122 6
8123 7
8124 7
8125 6
8126 6
8127 6
8128 6
8129 6
8130 6
8131 6
8132 6
8133 6
8134 6
8135 6
8136 6
8137 6
8138 7
8139 7
8140 7
8141 7
8142 7
8143 7
8144 7
8145 7
8146 7
8147 7
8148 7
8149 7
8150 7
8151 7
8152 7
8153 7
8154 7
8155 7
8156 7
8157 7
8158 8
8159 8
8160 8
8161 8
8162 9
8163 9
8164 9
8165 9
8166 8
8167 7
8168 7
8169 8
8170 8
8171 8
8172 9
8173 9
8174 9
8175 9
8176 7
8177 7
8178 7
8179 7
8180 7
8181 7
8182 16
8183 16
8184 16
8185 16
8186 14
8187 10
8188 11
8189 12
8190 10
8191 11
8192 10
8193 11
8194 11
8195 12
8196 10
8197 13
8198 14
8199 12
8200 13
8201 13
8202 12
8203 13
8204 15
8205 15
8206 14
8207 15
8208 15
8209 14
8210 10
8211 10
8212 11
8213 12
8214 11
8215 11
8216 10
8217 11
8218 12
8219 10
8220 12
8221 13
8222 13
8223 14
8224 13
8225 13
8226 14
8227 12
8228 14
8229 15
8230 14
8231 15
8232 15
8233 15
8234 16
8235 16
8236 16
8237 16
8238 17
8239 17
8240 17
8241 18
8242 18
8243 17
8244 18
8245 18
8246 19
8247 19
8248 19
8249 19
8250 21
8251 22
8252 20
8253 21
8254 20
8255 20
8256 22
8257 21
8258 21
8259 20
8260 18
8261 18
8262 19
8263 19
8264 19
8265 21
8266 22
8267 21
8268 20
8269 20
8270 20
8271 20
8272 21
8273 22
8274 21
8275 19
8276 17
8277 17
8278 17
8279 18
8280 18
8281 17
8282 17
8283 17
8284 18
8285 18
8286 17
8287 17
8288 18
8289 18
8290 20
8291 21
8292 22
8293 21
8294 20
8295 20
8296 22
8297 21
8298 21
8299 20
8300 19
8301 19
8302 19
8303 19
8304 18
8305 18
8306 19
8307 19
8308 20
8309 21
8310 21
8311 22
8312 20
8313 20
8314 21
8315 22
8316 21
8317 20
8318 19
8319 19
8320 17
8321 17
8322 17
8323 18
8324 18
8325 17
8326 16
8327 16
8328 16
8329 16
8330 14
8331 13
8332 12
8333 13
8334 11
8335 12
8336 11
8337 10
8338 10
8339 10
8340 10
8341 12
8342 11
8343 11
8344 13
8345 13
8346 12
8347 14
8348 14
8349 15
8350 15
8351 15
8352 15
8353 14
8354 13
8355 12
8356 13
8357 14
8358 14
8359 13
8360 12
8361 13
8362 11
8363 11
8364 12
8365 10
8366 10
8367 10
8368 10
8369 11
8370 11
8371 12
8372 15
8373 15
8374 15
8375 14
8376 14
8377 15
8378 16
8379 16
8380 16
8381 16
8382 16
8383 16
8384 16
8385 16
8386 14
8387 10
8388 12
8389 10
8390 11
8391 11
8392 10
8393 11
8394 12
8395 11
8396 10
8397 12
8398 13
8399 14
8400 13
8401 13
8402 12
8403 13
8404 15
8405 14
8406 15
8407 15
8408 15
8409 14
8410 14
8411 10
8412 10
8413 11
8414 12
8415 11
8416 11
8417 12
8418 11
8419 10
8420 10
8421 14
8422 13
8423 12
8424 13
8425 13
8426 13
8427 12
8428 15
8429 15
8430 14
8431 15
8432 15
8433 14
8434 16
8435 16
8436 16
8437 16
8438 17
8439 17
8440 17
8441 18
8442 18
8443 17
8444 18
8445 18
8446 19
8447 19
8448 19
8449 21
8450 20
8451 21
8452 22
8453 20
8454 20
8455 20
8456 21
8457 22
8458 21
8459 19
8460 18
8461 18
8462 19
8463 19
8464 19
8465 20
8466 21
8467 22
8468 21
8469 20
8470 20
8471 20
8472 21
8473 21
8474 22
8475 19
8476 17
8477 17
8478 17
8479 18
8480 18
8481 17
8482 17
8483 17
8484 17
8485 18
8486 18
8487 17
8488 18
8489 18
8490 19
8491 19
8492 19
8493 20
8494 22
8495 21
8496 21
8497 20
8498 20
8499 21
8500 21
8501 20
8502 22
8503 19
8504 18
8505 18
8506 19
8507 19
8508 19
8509 20
8510 22
8511 21
8512 21
8513 20
8514 20
8515 22
8516 20
8517 21
8518 21
8519 19
8520 17
8521 17
8522 17
8523 18
8524 18
8525 17
8526 16
8527 16
8528 16
8529 16
8530 14
8531 10
8532 10
8533 12
8534 11
8535 11
8536 11
8537 11
8538 12
8539 10
8540 10
8541 14
8542 13
8543 13
8544 12
8545 13
8546 13
8547 12
8548 15
8549 15
8550 14
8551 15
8552 15
8553 14
8554 14
8555 10
8556 10
8557 12
8558 11
8559 11
8560 11
8561 12
8562 11
8563 10
8564 10
8565 14
8566 12
8567 13
8568 13
8569 13
8570 13
8571 12
8572 15
8573 15
8574 14
8575 15
8576 15
8577 14
8578 16
8579 16
8580 16
8581 16
8582 8
8583 8
8584 8
8585 8
8586 8
8587 8
8588 8
8589 8
8590 8
8591 8
8592 8
8593 8
8594 9
8595 9
8596 9
8597 9
8598 8
8599 8
8600 8
8601 8
8602 8
8603 8
8604 9
8605 9
8606 9
8607 9
8608 8
8609 8
8610 8
8611 8
8612 8
8613 8
8614 8
8615 8
8616 8
8617 8
8618 8
8619 8
8620 8
8621 8
8622 8
8623 8
8624 8
8625 8
8626 9
8627 9
8628 9
8629 9
8630 9
8631 9
8632 9
8633 9
8634 9
8635 9
8636 9
8637 9
8638 9
8639 9
8640 9
8641 9
8642 9
8643 9
8644 9
8645 9
8646 9
8647 9
8648 9
8649 9
8650 9
8651 9
8652 9
8653 9
8654 9
8655 9
8656 9
8657 9
8658 9
8659 9
8660 9
8661 9
8662 9
8663 9
8664 9
8665 9
8666 9
8667 9
8668 9
8669 9
8670 6
8671 6
8672 6
8673 6
8674 7
8675 7
8676 7
8677 7
8678 8
8679 8
8680 8
8681 8
8682 9
8683 9
8684 9
8685 9
8686 8
8687 9
8688 9
8689 9
8690 9
8691 8
8692 8
8693 7
8694 7
8695 8
8696 6
8697 7
8698 7
8699 6
8700 6
8701 6
8702 5
8703 5
8704 5
8705 5
8706 4
8707 4
8708 4
8709 4
8710 5
8711 5
8712 5
8713 5
8714 5
8715 5
8716 5
8717 5
8718 4
8719 4
8720 4
8721 4
8722 4
8723 4
8724 5
8725 5
8726 5
8727 5
8728 5
8729 5
8730 5
8731 5
8732 6
8733 6
8734 7
8735 7
8736 6
8737 6
8738 6
8739 6
8740 7
8741 7
8742 6
8743 6
8744 8
8745 8
8746 7
8747 7
8748 9
8749 9
8750 9
8751 9
8752 8
8753 8
8754 8
8755 8
8756 9
8757 9
8758 9
8759 9
8760 7
8761 7
8762 8
8763 8
8764 8
8765 7
8766 7
8767 8
8768 8
8769 9
8770 9
8771 9
8772 9
8773 8
8774 6
8775 6
8776 6
8777 7
8778 7
8779 6
8780 16
8781 16
8782 16
8783 16
8784 13
8785 14
8786 13
8787 12
8788 10
8789 10
8790 11
8791 11
8792 12
8793 10
8794 11
8795 10
8796 11
8797 12
8798 13
8799 12
8800 14
8801 13
8802 14
8803 15
8804 15
8805 15
8806 15
8807 14
8808 14
8809 15
8810 14
8811 15
8812 15
8813 15
8814 10
8815 11
8816 12
8817 10
8818 11
8819 12
8820 11
8821 10
8822 11
8823 10
8824 12
8825 13
8826 14
8827 13
8828 13
8829 12
8830 13
8831 14
8832 12
8833 13
8834 13
8835 14
8836 13
8837 12
8838 14
8839 13
8840 11
8841 12
8842 11
8843 10
8844 10
8845 10
8846 11
8847 10
8848 12
8849 11
8850 15
8851 15
8852 15
8853 14
8854 14
8855 15
8856 16
8857 16
8858 16
8859 16
8860 16
8861 16
8862 16
8863 16
8864 17
8865 17
8866 18
8867 18
8868 17
8869 17
8870 17
8871 17
8872 18
8873 18
8874 17
8875 17
8876 18
8877 18
8878 20
8879 22
8880 21
8881 21
8882 20
8883 21
8884 20
8885 21
8886 20
8887 22
8888 19
8889 19
8890 19
8891 19
8892 19
8893 19
8894 19
8895 19
8896 21
8897 20
8898 22
8899 21
8900 20
8901 20
8902 21
8903 20
8904 22
8905 21
8906 18
8907 18
8908 18
8909 18
8910 19
8911 19
8912 20
8913 21
8914 22
8915 21
8916 20
8917 21
8918 21
8919 20
8920 22
8921 20
8922 19
8923 19
8924 17
8925 17
8926 17
8927 18
8928 18
8929 17
8930 17
8931 17
8932 17
8933 17
8934 18
8935 18
8936 18
8937 18
8938 19
8939 19
8940 19
8941 19
8942 20
8943 22
8944 20
8945 21
8946 21
8947 20
8948 20
8949 22
8950 21
8951 21
8952 19
8953 19
8954 20
8955 21
8956 22
8957 21
8958 20
8959 21
8960 20
8961 20
8962 22
8963 21
8964 19
8965 19
8966 18
8967 18
8968 17
8969 18
8970 18
8971 17
8972 17
8973 17
8974 16
8975 16
8976 16
8977 16
8978 14
8979 15
8980 15
8981 15
8982 15
8983 14
8984 13
8985 13
8986 12
8987 14
8988 11
8989 10
8990 11
8991 12
8992 10
8993 10
8994 10
8995 11
8996 12
8997 11
8998 13
8999 12
9000 13
9001 14
9002 10
9003 12
9004 11
9005 11
9006 10
9007 12
9008 10
9009 11
9010 10
9011 11
9012 13
9013 13
9014 12
9015 14
9016 13
9017 13
9018 12
9019 14
9020 14
9021 15
9022 14
9023 15
9024 15
9025 15
9026 16
9027 16
9028 16
9029 16
9030 16
9031 16
9032 16
9033 16
9034 14
9035 13
9036 12
9037 13
9038 13
9039 14
9040 12
9041 13
9042 10
9043 11
9044 10
9045 12
9046 11
9047 12
9048 11
9049 11
9050 10
9051 10
9052 15
9053 15
9054 14
9055 15
9056 15
9057 14
9058 15
9059 14
9060 15
9061 14
9062 15
9063 15
9064 12
9065 10
9066 11
9067 11
9068 10
9069 10
9070 12
9071 11
9072 11
9073 10
9074 13
9075 12
9076 13
9077 14
9078 13
9079 14
9080 13
9081 12
9082 14
9083 13
9084 12
9085 13
9086 13
9087 13
9088 12
9089 14
9090 10
9091 10
9092 11
9093 11
9094 12
9095 11
9096 11
9097 12
9098 10
9099 10
9100 15
9101 15
9102 14
9103 15
9104 15
9105 14
9106 16
9107 16
9108 16
9109 16
9110 16
9111 16
9112 16
9113 16
9114 17
9115 17
9116 18
9117 18
9118 17
9119 17
9120 17
9121 17
9122 18
9123 18
9124 17
9125 17
9126 18
9127 18
9128 22
9129 20
9130 21
9131 21
9132 20
9133 20
9134 21
9135 21
9136 22
9137 20
9138 19
9139 19
9140 19
9141 19
9142 19
9143 19
9144 19
9145 19
9146 20
9147 21
9148 21
9149 22
9150 20
9151 20
9152 22
9153 21
9154 21
9155 20
9156 18
9157 18
9158 18
9159 18
9160 20
9161 20
9162 21
9163 21
9164 22
9165 22
9166 21
9167 21
9168 20
9169 20
9170 19
9171 19
9172 19
9173 19
9174 17
9175 17
9176 18
9177 18
9178 17
9179 17
9180 17
9181 18
9182 18
9183 17
9184 17
9185 17
9186 19
9187 21
9188 22
9189 20
9190 21
9191 20
9192 20
9193 21
9194 21
9195 22
9196 20
9197 19
9198 19
9199 19
9200 18
9201 18
9202 19
9203 19
9204 20
9205 21
9206 22
9207 21
9208 20
9209 20
9210 22
9211 21
9212 21
9213 20
9214 19
9215 19
9216 18
9217 18
9218 17
9219 18
9220 18
9221 17
9222 17
9223 17
9224 16
9225 16
9226 16
9227 16
9228 14
9229 15
9230 15
9231 15
9232 15
9233 14
9234 14
9235 13
9236 13
9237 12
9238 12
9239 11
9240 11
9241 10
9242 10
9243 10
9244 10
9245 12
9246 11
9247 11
9248 12
9249 13
9250 13
9251 14
9252 14
9253 15
9254 15
9255 14
9256 15
9257 15
9258 12
9259 13
9260 13
9261 13
9262 13
9263 12
9264 14
9265 10
9266 10
9267 12
9268 11
9269 11
9270 11
9271 11
9272 12
9273 10
9274 10
9275 14
9276 16
9277 16
9278 16
9279 16
9280 6
9281 7
9282 7
9283 6
9284 6
9285 6
9286 9
9287 9
9288 9
9289 9
9290 8
9291 8
9292 8
9293 7
9294 7
9295 8
9296 8
9297 9
9298 9
9299 9
9300 9
9301 8
9302 8
9303 7
9304 7
9305 8
9306 6
9307 7
9308 7
9309 6
9310 6
9311 6
9312 5
9313 5
9314 5
9315 5
9316 4
9317 4
9318 4
9319 4
9320 5
9321 5
9322 5
9323 5
9324 5
9325 5
9326 5
9327 5
9328 5
9329 5
9330 4
9331 4
9332 5
9333 5
9334 5
9335 5
9336 5
9337 5
9338 5
9339 5
9340 5
9341 5
9342 6
9343 6
9344 7
9345 7
9346 6
9347 6
9348 6
9349 6
9350 7
9351 7
9352 6
9353 6
9354 8
9355 8
9356 7
9357 7
9358 9
9359 9
9360 9
9361 9
9362 8
9363 8
9364 8
9365 8
9366 9
9367 9
9368 9
9369 9
9370 7
9371 7
9372 8
9373 8
9374 8
9375 8
9376 7
9377 7
9378 9
9379 9
9380 9
9381 9
9382 8
9383 8
9384 6
9385 6
9386 7
9387 7
9388 6
9389 6
9390 5
9391 5
9392 5
9393 5
9394 5
9395 5
9396 5
9397 5
9398 5
9399 5
9400 5
9401 5
9402 5
9403 5
9404 5
9405 5
9406 5
9407 5
9408 5
9409 5
9410 4
9411 4
9412 4
9413 4
9414 4
9415 4
9416 4
9417 4
9418 4
9419 4
9420 5
9421 5
9422 5
9423 5
9424 5
9425 5
9426 5
9427 5
9428 5
9429 5
9430 5
9431 5
9432 5
9433 5
9434 5
9435 5
9436 5
9437 5
9438 5
9439 5
9440 4
9441 4
9442 4
9443 4
9444 4
9445 4
9446 4
9447 4
9448 4
9449 4
9450 4
9451 4
9452 4
9453 4
9454 4
9455 4
9456 5
9457 5
9458 5
9459 5
9460 5
9461 5
9462 5
9463 5
9464 5
9465 5
9466 4
9467 4
9468 4
9469 4
9470 5
9471 5
9472 5
9473 5
9474 5
9475 5
9476 5
9477 5
9478 5
9479 5
9480 3
9481 3
9482 3
9483 3
9484 3
9485 3
9486 4
9487 4
9488 3
9489 3
9490 4
9491 4
9492 4
9493 4
9494 4
9495 4
9496 4
9497 4
9498 4
9499 4
9500 4
9501 4
9502 4
9503 4
9504 4
9505 4
9506 4
9507 4
9508 4
9509 4
9510 4
9511 4
9512 4
9513 4
9514 4
9515 4
9516 4
9517 4
9518 4
9519 4
9520 3
9521 3
9522 3
9523 3
9524 3
9525 3
9526 3
9527 4
9528 4
9529 3
9530 3
9531 3
9532 3
9533 3
9534 3
9535 3
9536 3
9537 3
9538 3
9539 3
9540 3
9541 3
9542 3
9543 3
9544 3
9545 3
9546 3
9547 3
9548 3
9549 3
9550 3
9551 4
9552 3
9553 3
9554 3
9555 3
9556 3
9557 3
9558 4
9559 3
9560 3
9561 4
9562 4
9563 3
9564 3
9565 2
9566 2
9567 2
9568 3
9569 2
9570 3
9571 2
9572 2
9573 3
9574 2
9575 2
9576 3
9577 4
9578 3
9579 4
9580 2
9581 2
9582 2
9583 2
9584 2
9585 2
9586 2
9587 2
9588 2
9589 2
9590 2
9591 2
9592 2
9593 2
9594 2
9595 2
9596 2
9597 2
9598 2
9599 2
9600 3
9601 3
9602 2
9603 2
9604 2
9605 2
9606 2
9607 2
9608 2
9609 2
9610 3
9611 3
9612 3
9613 3
9614 4
9615 4
9616 4
9617 4
9618 3
9619 3
9620 3
9621 3
9622 4
9623 4
9624 3
9625 3
9626 3
9627 3
9628 3
9629 3
9630 2
9631 2
9632 2
9633 2
9634 3
9635 3
9636 3
9637 3
9638 4
9639 4
9640 4
9641 4
9642 3
9643 3
9644 3
9645 3
9646 2
9647 2
9648 2
9649 2
9650 1
9651 1
9652 1
9653 1
9654 1
9655 1
9656 1
9657 1
9658 1
9659 1
9660 3
9661 4
9662 2
9663 3
9664 2
9665 3
9666 2
9667 2
9668 4
9669 3
9670 4
9671 3
9672 4
9673 3
9674 3
9675 2
9676 2
9677 2
9678 3
9679 2
9680 1
9681 1
9682 1
9683 1
9684 1
9685 1
9686 1
9687 1
9688 1
9689 1
9690 16
9691 16
9692 16
9693 16
9694 16
9695 16
9696 16
9697 16
9698 16
9699 16
9700 16
9701 16
9702 16
9703 16
9704 16
9705 16
9706 16
9707 16
9708 16
9709 16
9710 16
9711 16
9712 16
9713 16
9714 16
9715 16
9716 16
9717 16
9718 16
9719 16
9720 16
9721 16
9722 16
9723 16
9724 16
9725 16
9726 16
9727 16
9728 16
9729 16
9730 16
9731 16
9732 16
9733 16
9734 16
9735 16
9736 16
9737 16
9738 16
9739 16
9740 16
9741 16
9742 16
9743 16
9744 16
9745 16
9746 16
9747 16
9748 16
9749 16
9750 15
9751 15
9752 15
9753 15
9754 15
9755 15
9756 15
9757 15
9758 15
9759 15
9760 15
9761 15
9762 15
9763 15
9764 15
9765 15
9766 15
9767 15
9768 15
9769 15
9770 15
9771 15
9772 15
9773 15
9774 15
9775 15
9776 15
9777 15
9778 15
9779 15
9780 15
9781 15
9782 15
9783 15
9784 15
9785 15
9786 15
9787 15
9788 15
9789 15
9790 15
9791 15
9792 15
9793 15
9794 15
9795 15
9796 15
9797 15
9798 15
9799 15
9800 15
9801 15
9802 15
9803 15
9804 15
9805 15
9806 15
9807 15
9808 15
9809 15
9810 14
9811 14
9812 14
9813 14
9814 14
9815 14
9816 14
9817 14
9818 14
9819 14
9820 14
9821 14
9822 14
9823 14
9824 14
9825 14
9826 14
9827 14
9828 14
9829 14
9830 14
9831 14
9832 14
9833 14
9834 14
9835 14
9836 14
9837 14
9838 14
9839 14
9840 13
9841 13
9842 13
9843 13
9844 13
9845 13
9846 13
9847 13
9848 13
9849 13
9850 14
9851 14
9852 14
9853 14
9854 14
9855 14
9856 14
9857 14
9858 14
9859 14
9860 14
9861 14
9862 14
9863 14
9864 14
9865 14
9866 14
9867 14
9868 14
9869 14
9870 14
9871 14
9872 14
9873 14
9874 14
9875 14
9876 14
9877 14
9878 14
9879 14
9880 13
9881 13
9882 13
9883 13
9884 13
9885 13
9886 13
9887 13
9888 13
9889 13
9890 13
9891 13
9892 13
9893 13
9894 13
9895 13
9896 13
9897 13
9898 13
9899 13
9900 13
9901 13
9902 13
9903 13
9904 13
9905 13
9906 13
9907 13
9908 13
9909 13
9910 13
9911 13
9912 13
9913 13
9914 13
9915 13
9916 14
9917 14
9918 14
9919 14
9920 14
9921 14
9922 14
9923 14
9924 14
9925 14
9926 14
9927 14
9928 14
9929 14
9930 14
9931 14
9932 14
9933 14
9934 14
9935 14
9936 14
9937 14
9938 13
9939 13
9940 13
9941 13
9942 13
9943 13
9944 14
9945 14
9946 14
9947 14
9948 14
9949 14
9950 14
9951 14
9952 14
9953 14
9954 14
9955 14
9956 14
9957 14
9958 14
9959 14
9960 14
9961 14
9962 14
9963 14
9964 14
9965 14
9966 14
9967 14
9968 14
9969 14
9970 14
9971 14
9972 14
9973 14
9974 14
9975 14
9976 14
9977 14
9978 14
9979 14
9980 14
9981 14
9982 14
9983 14
9984 15
9985 15
9986 14
9987 15
9988 14
9989 15
9990 16
9991 16
9992 16
9993 16
9994 17
9995 17
9996 18
9997 18
9998 17
9999 17
10000 18
10001 18
10002 20
10003 20
10004 21
10005 21
10006 22
10007 21
10008 22
10009 21
10010 20
10011 20
10012 19
10013 19
10014 19
10015 19
10016 17
10017 18
10018 18
10019 17
10020 17
10021 17
10022 19
10023 20
10024 22
10025 21
10026 21
10027 20
10028 20
10029 20
10030 21
10031 21
10032 22
10033 19
10034 19
10035 19
10036 18
10037 18
10038 18
10039 18
10040 19
10041 19
10042 22
10043 21
10044 20
10045 21
10046 20
10047 20
10048 22
10049 21
10050 20
10051 21
10052 19
10053 19
10054 17
10055 17
10056 17
10057 18
10058 18
10059 17
10060 16
10061 16
10062 16
10063 16
10064 14
10065 14
10066 14
10067 14
10068 14
10069 14
10070 14
10071 14
10072 14
10073 14
10074 14
10075 14
10076 14
10077 14
10078 14
10079 14
10080 14
10081 14
10082 14
10083 15
10084 15
10085 15
10086 14
10087 15
10088 14
10089 15
10090 15
10091 14
10092 15
10093 15
10094 13
10095 13
10096 13
10097 13
10098 13
10099 13
10100 14
10101 13
10102 13
10103 13
10104 13
10105 13
10106 13
10107 13
10108 13
10109 13
10110 13
10111 14
10112 16
10113 16
10114 16
10115 16
10116 16
10117 16
10118 16
10119 16
10120 16
10121 16
10122 16
10123 16
10124 16
10125 16
10126 16
10127 16
10128 16
10129 16
10130 16
10131 16
10132 16
10133 16
10134 16
10135 16
10136 16
10137 16
10138 16
10139 16
10140 16
10141 16
10142 16
10143 16
10144 16
10145 16
10146 16
10147 16
10148 16
10149 16
10150 16
10151 16
10152 16
10153 16
10154 16
10155 16
10156 16
10157 16
10158 16
10159 16
10160 16
10161 16
10162 16
10163 16
10164 16
10165 16
10166 16
10167 16
10168 16
10169 16
10170 16
10171 16
10172 17
10173 17
10174 17
10175 18
10176 18
10177 17
10178 18
10179 18
10180 19
10181 19
10182 19
10183 19
10184 21
10185 20
10186 20
10187 22
10188 21
10189 20
10190 22
10191 21
10192 21
10193 20
10194 18
10195 18
10196 20
10197 20
10198 21
10199 22
10200 21
10201 21
10202 20
10203 22
10204 21
10205 20
10206 19
10207 19
10208 19
10209 19
10210 17
10211 17
10212 18
10213 18
10214 17
10215 17
10216 17
10217 17
10218 18
10219 18
10220 17
10221 17
10222 19
10223 19
10224 19
10225 19
10226 21
10227 20
10228 22
10229 21
10230 20
10231 20
10232 21
10233 21
10234 20
10235 22
10236 18
10237 18
10238 19
10239 19
10240 20
10241 21
10242 22
10243 21
10244 20
10245 21
10246 20
10247 21
10248 20
10249 22
10250 19
10251 19
10252 18
10253 18
10254 17
10255 18
10256 18
10257 17
10258 17
10259 17
10260 16
10261 16
10262 16
10263 16
10264 15
10265 15
10266 15
10267 15
10268 15
10269 15
10270 15
10271 15
10272 15
10273 15
10274 15
10275 15
10276 15
10277 15
10278 15
10279 15
10280 15
10281 15
10282 15
10283 15
10284 15
10285 15
10286 15
10287 15
10288 15
10289 15
10290 15
10291 15
10292 15
10293 15
10294 15
10295 15
10296 15
10297 15
10298 15
10299 15
10300 15
10301 15
10302 15
10303 15
10304 15
10305 15
10306 15
10307 15
10308 15
10309 15
10310 15
10311 15
10312 16
10313 16
10314 16
10315 16
10316 15
10317 15
10318 15
10319 15
10320 15
10321 15
10322 15
10323 15
10324 15
10325 15
10326 15
10327 15
10328 15
10329 15
10330 15
10331 15
10332 15
10333 15
10334 15
10335 15
10336 15
10337 15
10338 15
10339 15
10340 15
10341 15
10342 15
10343 15
10344 15
10345 15
10346 15
10347 15
10348 15
10349 15
10350 15
10351 15
10352 15
10353 15
10354 15
10355 15
10356 15
10357 15
10358 15
10359 15
10360 16
10361 16
10362 16
10363 16
10364 16
10365 16
10366 16
10367 16
10368 16
10369 16
10370 16
10371 16
10372 16
10373 16
10374 16
10375 16
10376 16
10377 16
10378 16
10379 16
10380 16
10381 16
10382 16
10383 16
10384 16
10385 16
10386 16
10387 16
10388 16
10389 16
10390 16
10391 16
10392 16
10393 16
10394 16
10395 16
10396 16
10397 16
10398 16
10399 16
10400 16
10401 16
10402 16
10403 16
10404 10
10405 10
10406 10
10407 10
10408 10
10409 10
10410 10
10411 10
10412 10
10413 10
10414 10
10415 10
10416 10
10417 10
10418 10
10419 10
10420 10
10421 10
10422 10
10423 10
10424 10
10425 10
10426 10
10427 10
10428 10
10429 10
10430 10
10431 10
10432 10
10433 10
10434 10
10435 10
10436 10
10437 10
10438 10
10439 10
10440 10
10441 10
10442 10
10443 10
10444 10
10445 10
10446 10
10447 10
10448 11
10449 11
10450 11
10451 11
10452 11
10453 11
10454 11
10455 11
10456 11
10457 11
10458 11
10459 11
10460 11
10461 11
10462 11
10463 11
10464 11
10465 11
10466 11
10467 11
10468 11
10469 11
10470 11
10471 11
10472 11
10473 11
10474 11
10475 11
10476 11
10477 11
10478 11
10479 11
10480 11
10481 11
10482 11
10483 11
10484 11
10485 11
10486 11
10487 11
10488 11
10489 11
10490 11
10491 11
10492 16
10493 16
10494 16
10495 16
10496 14
10497 12
10498 13
10499 13
10500 13
10501 12
10502 14
10503 13
10504 11
10505 11
10506 11
10507 12
10508 11
10509 11
10510 11
10511 11
10512 12
10513 11
10514 15
10515 15
10516 14
10517 15
10518 14
10519 15
10520 13
10521 12
10522 13
10523 14
10524 14
10525 13
10526 12
10527 13
10528 11
10529 11
10530 12
10531 11
10532 11
10533 11
10534 11
10535 12
10536 11
10537 11
10538 15
10539 15
10540 15
10541 14
10542 14
10543 15
10544 16
10545 16
10546 16
10547 16
10548 17
10549 17
10550 18
10551 18
10552 17
10553 17
10554 18
10555 18
10556 20
10557 21
10558 21
10559 22
10560 20
10561 20
10562 21
10563 21
10564 22
10565 20
10566 19
10567 19
10568 19
10569 19
10570 18
10571 18
10572 21
10573 21
10574 20
10575 22
10576 20
10577 21
10578 22
10579 20
10580 20
10581 21
10582 19
10583 19
10584 19
10585 19
10586 17
10587 17
10588 18
10589 18
10590 17
10591 17
10592 17
10593 17
10594 17
10595 17
10596 18
10597 18
10598 18
10599 18
10600 19
10601 19
10602 19
10603 19
10604 21
10605 20
10606 22
10607 21
10608 20
10609 20
10610 20
10611 21
10612 22
10613 21
10614 18
10615 18
10616 19
10617 19
10618 21
10619 20
10620 20
10621 22
10622 21
10623 20
10624 21
10625 21
10626 22
10627 20
10628 19
10629 19
10630 17
10631 17
10632 17
10633 18
10634 18
10635 17
10636 16
10637 16
10638 16
10639 16
10640 14
10641 13
10642 12
10643 13
10644 11
10645 10
10646 11
10647 12
10648 10
10649 11
10650 12
10651 10
10652 10
10653 11
10654 13
10655 13
10656 12
10657 14
10658 14
10659 15
10660 15
10661 15
10662 15
10663 14
10664 10
10665 11
10666 11
10667 10
10668 12
10669 11
10670 10
10671 10
10672 12
10673 11
10674 13
10675 12
10676 14
10677 13
10678 14
10679 12
10680 13
10681 13
10682 14
10683 15
10684 15
10685 14
10686 15
10687 15
10688 16
10689 16
10690 16
10691 16
10692 16
10693 16
10694 16
10695 16
10696 14
10697 15
10698 15
10699 15
10700 15
10701 14
10702 14
10703 13
10704 13
10705 13
10706 13
10707 13
10708 13
10709 13
10710 13
10711 13
10712 13
10713 13
10714 13
10715 13
10716 13
10717 13
10718 13
10719 14
10720 14
10721 15
10722 14
10723 15
10724 15
10725 15
10726 12
10727 12
10728 12
10729 12
10730 12
10731 12
10732 12
10733 12
10734 12
10735 12
10736 12
10737 13
10738 13
10739 14
10740 14
10741 13
10742 13
10743 12
10744 16
10745 16
10746 16
10747 16
10748 17
10749 17
10750 18
10751 18
10752 17
10753 17
10754 19
10755 19
10756 19
10757 19
10758 21
10759 21
10760 20
10761 22
10762 20
10763 20
10764 20
10765 21
10766 21
10767 22
10768 18
10769 18
10770 19
10771 19
10772 20
10773 21
10774 21
10775 22
10776 20
10777 20
10778 21
10779 22
10780 21
10781 20
10782 19
10783 19
10784 18
10785 18
10786 17
10787 18
10788 18
10789 17
10790 17
10791 17
10792 17
10793 17
10794 18
10795 18
10796 17
10797 17
10798 18
10799 18
10800 21
10801 20
10802 22
10803 21
10804 20
10805 20
10806 20
10807 21
10808 21
10809 22
10810 19
10811 19
10812 19
10813 19
10814 14
10815 13
10816 12
10817 13
10818 13
10819 13
10820 12
10821 14
10822 12
10823 12
10824 12
10825 12
10826 12
10827 12
10828 12
10829 12
10830 12
10831 12
10832 15
10833 15
10834 14
10835 15
10836 15
10837 14
10838 16
10839 16
10840 16
10841 16
10842 12
10843 12
10844 12
10845 12
10846 12
10847 12
10848 12
10849 12
10850 12
10851 12
10852 12
10853 12
10854 12
10855 12
10856 12
10857 12
10858 12
10859 12
10860 12
10861 12
10862 12
10863 12
10864 13
10865 13
10866 13
10867 13
10868 13
10869 13
10870 12
10871 12
10872 12
10873 12
10874 12
10875 12
10876 12
10877 12
10878 12
10879 12
10880 12
10881 12
10882 12
10883 12
10884 12
10885 12
10886 12
10887 12
10888 12
10889 12
10890 12
10891 12
10892 13
10893 13
10894 13
10895 13
10896 13
10897 13
10898 13
10899 13
10900 13
10901 13
10902 13
10903 13
10904 13
10905 13
10906 13
10907 13
10908 13
10909 13
10910 13
10911 13
10912 13
10913 13
10914 13
10915 13
10916 13
10917 13
10918 13
10919 13
10920 13
10921 13
10922 13
10923 13
10924 13
10925 13
10926 13
10927 13
10928 12
10929 12
10930 12
10931 12
10932 12
10933 12
10934 12
10935 12
10936 12
10937 12
10938 12
10939 12
10940 12
10941 12
10942 12
10943 12
10944 12
10945 12
10946 12
10947 12
10948 12
10949 12
10950 12
10951 12
10952 12
10953 12
10954 12
10955 12
10956 12
10957 12
10958 13
10959 13
10960 13
10961 13
10962 13
10963 13
10964 13
10965 13
10966 13
10967 13
10968 12
10969 12
10970 12
10971 12
10972 12
10973 12
10974 12
10975 12
10976 12
10977 12
10978 12
10979 12
10980 12
10981 12
10982 12
10983 12
10984 12
10985 12
10986 12
10987 12
10988 12
10989 12
10990 12
10991 12
10992 12
10993 12
10994 12
10995 12
10996 12
10997 12
10998 11
10999 11
11000 11
11001 11
11002 11
11003 11
11004 11
11005 11
11006 11
11007 11
11008 11
11009 11
11010 11
11011 11
11012 11
11013 11
11014 11
11015 11
11016 11
11017 11
11018 11
11019 11
11020 11
11021 11
11022 11
11023 11
11024 11
11025 11
11026 11
11027 11
11028 11
11029 11
11030 11
11031 11
11032 11
11033 11
11034 11
11035 11
11036 11
11037 11
11038 11
11039 11
11040 11
11041 11
11042 11
11043 11
11044 11
11045 11
11046 11
11047 11
11048 11
11049 11
11050 11
11051 11
11052 11
11053 11
11054 11
11055 11
11056 11
11057 11
11058 10
11059 10
11060 10
11061 10
11062 10
11063 10
11064 10
11065 10
11066 10
11067 10
11068 10
11069 10
11070 10
11071 10
11072 10
11073 10
11074 10
11075 10
11076 10
11077 10
11078 10
11079 10
11080 10
11081 10
11082 10
11083 10
11084 10
11085 10
11086 10
11087 10
11088 10
11089 10
11090 10
11091 10
11092 10
11093 10
11094 10
11095 10
11096 10
11097 10
11098 10
11099 10
11100 10
11101 10
11102 10
11103 10
11104 10
11105 10
11106 10
11107 10
11108 10
11109 10
11110 10
11111 10
11112 10
11113 10
11114 10
11115 10
11116 10
11117 10
11118 21
11119 20
11120 20
11121 20
11122 20
11123 20
11124 20
11125 20
11126 20
11127 20
11128 20
11129 20
11130 20
11131 21
11132 21
11133 22
11134 21
11135 21
11136 22
11137 22
11138 21
11139 21
11140 22
11141 21
11142 21
11143 21
11144 22
11145 21
11146 21
11147 22
11148 21
11149 21
11150 22
11151 21
11152 21
11153 21
11154 22
11155 21
11156 22
11157 21
11158 20
11159 20
11160 20
11161 20
11162 20
11163 20
11164 20
11165 20
11166 21
11167 22
11168 22
11169 23
11170 23
11171 24
11172 24
11173 25
11174 25
11175 25
11176 25
11177 24
11178 24
11179 24
11180 24
11181 25
11182 25
11183 25
11184 25
11185 24
11186 24
11187 23
11188 23
11189 22
11190 22
11191 23
11192 23
11193 23
11194 23
11195 22
11196 22
11197 22
11198 23
11199 23
11200 23
11201 23
11202 23
11203 23
11204 22
11205 22
11206 22
11207 22
11208 23
11209 23
11210 23
11211 23
11212 24
11213 24
11214 24
11215 24
11216 25
11217 25
11218 25
11219 25
11220 25
11221 25
11222 25
11223 25
11224 24
11225 24
11226 24
11227 24
11228 24
11229 24
11230 25
11231 25
11232 25
11233 25
11234 24
11235 24
11236 23
11237 23
11238 23
11239 23
11240 23
11241 23
11242 24
11243 24
11244 24
11245 24
11246 25
11247 25
11248 25
11249 25
11250 25
11251 25
11252 25
11253 25
11254 24
11255 24
11256 24
11257 24
11258 24
11259 24
11260 24
11261 24
11262 24
11263 24
11264 25
11265 25
11266 25
11267 25
11268 25
11269 25
11270 25
11271 25
11272 25
11273 25
11274 25
11275 25
11276 24
11277 24
11278 24
11279 24
11280 24
11281 24
11282 23
11283 23
11284 23
11285 23
11286 23
11287 23
11288 22
11289 22
11290 22
11291 22
11292 22
11293 22
11294 23
11295 23
11296 23
11297 23
11298 23
11299 23
11300 23
11301 23
11302 23
11303 23
11304 22
11305 22
11306 22
11307 22
11308 21
11309 22
11310 22
11311 21
11312 21
11313 21
11314 22
11315 22
11316 21
11317 21
11318 21
11319 21
11320 21
11321 22
11322 21
11323 22
11324 21
11325 21
11326 22
11327 22
11328 21
11329 21
11330 21
11331 22
11332 22
11333 21
11334 21
11335 21
11336 20
11337 20
11338 20
11339 20
11340 20
11341 20
11342 20
11343 20
11344 20
11345 20
11346 20
11347 20
11348 20
11349 20
11350 20
11351 20
11352 20
11353 20
11354 20
11355 20
11356 21
11357 21
11358 29
11359 29
11360 29
11361 29
11362 29
11363 29
11364 29
11365 29
11366 29
11367 29
11368 29
11369 29
11370 29
11371 29
11372 29
11373 28
11374 28
11375 28
11376 28
11377 28
11378 28
11379 29
11380 29
11381 29
11382 29
11383 29
11384 28
11385 28
11386 28
11387 28
11388 28
11389 28
11390 28
11391 28
11392 27
11393 27
11394 27
11395 27
11396 27
11397 28
11398 28
11399 28
11400 28
11401 28
11402 28
11403 27
11404 27
11405 27
11406 27
11407 27
11408 27
11409 26
11410 26
11411 26
11412 26
11413 26
11414 26
11415 26
11416 26
11417 26
11418 26
11419 26
11420 26
11421 27
11422 27
11423 27
11424 27
11425 27
11426 26
11427 26
11428 26
11429 26
11430 26
11431 26
11432 26
11433 26
11434 27
11435 27
11436 27
11437 27
11438 27
11439 27
11440 26
11441 26
11442 26
11443 26
11444 27
11445 27
11446 27
11447 26
11448 26
11449 26
11450 26
11451 26
11452 26
11453 26
11454 26
11455 27
11456 27
11457 27
11458 27
11459 28
11460 28
11461 28
11462 28
11463 27
11464 27
11465 27
11466 28
11467 28
11468 28
11469 27
11470 27
11471 28
11472 28
11473 27
11474 27
11475 26
11476 26
11477 26
11478 26
11479 27
11480 27
11481 26
11482 26
11483 26
11484 26
11485 27
11486 27
11487 28
11488 28
11489 29
11490 29
11491 29
11492 29
11493 29
11494 29
11495 28
11496 28
11497 29
11498 29
11499 28
11500 28
11501 28
11502 29
11503 29
11504 29
11505 28
11506 28
11507 28
11508 28
11509 29
11510 29
11511 29
11512 29
11513 29
11514 29
11515 29
11516 29
11517 29
11518 29
11519 29
11520 29
11521 28
11522 28
11523 29
11524 28
11525 29
11526 29
11527 28
11528 28
11529 29
11530 29
11531 29
11532 29
11533 29
11534 29
11535 28
11536 28
11537 27
11538 27
11539 26
11540 26
11541 26
11542 26
11543 27
11544 27
11545 26
11546 26
11547 26
11548 26
11549 27
11550 27
11551 28
11552 28
11553 27
11554 27
11555 28
11556 27
11557 28
11558 28
11559 27
11560 27
11561 26
11562 26
11563 26
11564 26
11565 27
11566 27
11567 27
11568 26
11569 26
11570 26
11571 26
11572 27
11573 27
11574 28
11575 28
11576 27
11577 28
11578 28
11579 27
11580 27
11581 26
11582 26
11583 26
11584 26
11585 27
11586 29
11587 29
11588 29
11589 28
11590 28
11591 29
11592 28
11593 28
11594 29
11595 29
11596 29
11597 29
11598 21
11599 20
11600 20
11601 20
11602 20
11603 21
11604 21
11605 22
11606 21
11607 22
11608 21
11609 21
11610 22
11611 22
11612 21
11613 21
11614 20
11615 20
11616 20
11617 20
11618 24
11619 24
11620 25
11621 25
11622 25
11623 25
11624 24
11625 24
11626 23
11627 23
11628 22
11629 22
11630 23
11631 23
11632 22
11633 22
11634 23
11635 23
11636 24
11637 24
11638 25
11639 25
11640 25
11641 25
11642 24
11643 24
11644 23
11645 23
11646 24
11647 24
11648 25
11649 25
11650 25
11651 25
11652 24
11653 24
11654 23
11655 23
11656 22
11657 22
11658 23
11659 23
11660 22
11661 23
11662 23
11663 23
11664 23
11665 22
11666 22
11667 23
11668 23
11669 24
11670 24
11671 25
11672 25
11673 25
11674 25
11675 24
11676 24
11677 24
11678 24
11679 25
11680 25
11681 25
11682 25
11683 24
11684 24
11685 23
11686 23
11687 22
11688 22
11689 21
11690 20
11691 20
11692 20
11693 20
11694 20
11695 20
11696 20
11697 20
11698 21
11699 22
11700 21
11701 21
11702 22
11703 21
11704 21
11705 22
11706 21
11707 21
11708 21
11709 21
11710 22
11711 22
11712 21
11713 21
11714 20
11715 20
11716 20
11717 20
11718 34
11719 34
11720 33
11721 33
11722 33
11723 33
11724 33
11725 34
11726 34
11727 34
11728 34
11729 33
11730 32
11731 32
11732 32
11733 32
11734 33
11735 33
11736 33
11737 33
11738 33
11739 33
11740 32
11741 32
11742 32
11743 32
11744 33
11745 33
11746 33
11747 33
11748 32
11749 32
11750 34
11751 34
11752 33
11753 33
11754 33
11755 34
11756 34
11757 33
11758 30
11759 30
11760 30
11761 30
11762 31
11763 31
11764 31
11765 31
11766 30
11767 30
11768 30
11769 30
11770 32
11771 32
11772 31
11773 31
11774 31
11775 32
11776 32
11777 31
11778 32
11779 32
11780 31
11781 31
11782 31
11783 31
11784 31
11785 32
11786 32
11787 32
11788 32
11789 31
11790 31
11791 30
11792 30
11793 30
11794 30
11795 30
11796 30
11797 30
11798 30
11799 31
11800 31
11801 31
11802 31
11803 31
11804 30
11805 30
11806 30
11807 30
11808 30
11809 30
11810 30
11811 30
11812 30
11813 30
11814 30
11815 30
11816 30
11817 30
11818 30
11819 30
11820 31
11821 31
11822 31
11823 31
11824 31
11825 31
11826 31
11827 31
11828 31
11829 30
11830 30
11831 30
11832 30
11833 30
11834 30
11835 30
11836 30
11837 31
11838 31
11839 32
11840 32
11841 32
11842 32
11843 31
11844 31
11845 31
11846 31
11847 31
11848 31
11849 31
11850 31
11851 32
11852 32
11853 32
11854 32
11855 32
11856 32
11857 31
11858 31
11859 31
11860 32
11861 32
11862 32
11863 32
11864 32
11865 32
11866 32
11867 32
11868 32
11869 32
11870 31
11871 31
11872 31
11873 31
11874 31
11875 31
11876 31
11877 31
11878 31
11879 31
11880 31
11881 31
11882 31
11883 31
11884 31
11885 31
11886 31
11887 31
11888 30
11889 30
11890 30
11891 30
11892 30
11893 30
11894 30
11895 30
11896 30
11897 30
11898 30
11899 30
11900 30
11901 30
11902 30
11903 30
11904 30
11905 30
11906 30
11907 30
11908 33
11909 33
11910 34
11911 34
11912 34
11913 34
11914 34
11915 34
11916 34
11917 34
11918 34
11919 34
11920 33
11921 33
11922 33
11923 33
11924 33
11925 33
11926 33
11927 33
11928 33
11929 33
11930 33
11931 33
11932 33
11933 33
11934 33
11935 33
11936 33
11937 33
11938 32
11939 32
11940 32
11941 32
11942 32
11943 32
11944 32
11945 32
11946 32
11947 32
11948 32
11949 32
11950 32
11951 32
11952 32
11953 32
11954 33
11955 33
11956 33
11957 33
11958 33
11959 33
11960 33
11961 33
11962 33
11963 33
11964 32
11965 32
11966 32
11967 32
11968 33
11969 34
11970 34
11971 34
11972 34
11973 33
11974 33
11975 33
11976 33
11977 33
11978 33
11979 33
11980 33
11981 34
11982 34
11983 34
11984 34
11985 34
11986 34
11987 33
11988 34
11989 34
11990 34
11991 34
11992 34
11993 34
11994 34
11995 34
11996 34
11997 34
11998 35
11999 35
12000 35
12001 35
12002 35
12003 35
12004 35
12005 35
12006 35
12007 35
12008 35
12009 35
12010 35
12011 35
12012 35
12013 35
12014 35
12015 35
12016 35
12017 35
12018 34
12019 34
12020 34
12021 34
12022 34
12023 34
12024 34
12025 34
12026 34
12027 34
12028 36
12029 36
12030 36
12031 36
12032 36
12033 36
12034 36
12035 36
12036 36
12037 36
12038 36
12039 36
12040 36
12041 36
12042 36
12043 36
12044 36
12045 36
12046 36
12047 36
12048 35
12049 35
12050 35
12051 35
12052 35
12053 35
12054 35
12055 35
12056 35
12057 35
12058 35
12059 35
12060 35
12061 35
12062 35
12063 35
12064 36
12065 36
12066 36
12067 36
12068 36
12069 36
12070 36
12071 36
12072 36
12073 36
12074 35
12075 35
12076 35
12077 35
12078 36
12079 36
12080 36
12081 36
12082 36
12083 36
12084 36
12085 36
12086 36
12087 36
12088 36
12089 36
12090 36
12091 36
12092 36
12093 36
12094 35
12095 35
12096 35
12097 35
12098 36
12099 36
12100 36
12101 36
12102 36
12103 36
12104 35
12105 35
12106 35
12107 35
12108 36
12109 36
12110 36
12111 36
12112 35
12113 35
12114 36
12115 36
12116 36
12117 36
12118 34
12119 34
12120 34
12121 34
12122 35
12123 35
12124 35
12125 35
12126 35
12127 35
12128 35
12129 35
12130 35
12131 35
12132 34
12133 34
12134 34
12135 34
12136 34
12137 34
12138 39
12139 39
12140 38
12141 38
12142 38
12143 38
12144 38
12145 39
12146 39
12147 39
12148 39
12149 38
12150 38
12151 38
12152 38
12153 38
12154 38
12155 38
12156 38
12157 38
12158 38
12159 38
12160 39
12161 39
12162 38
12163 38
12164 38
12165 38
12166 39
12167 39
12168 37
12169 37
12170 37
12171 37
12172 37
12173 37
12174 37
12175 37
12176 37
12177 37
12178 37
12179 37
12180 37
12181 37
12182 37
12183 37
12184 37
12185 37
12186 37
12187 37
12188 37
12189 37
12190 37
12191 37
12192 37
12193 37
12194 37
12195 37
12196 37
12197 37
12198 37
12199 37
12200 37
12201 37
12202 37
12203 37
12204 37
12205 37
12206 37
12207 37
12208 37
12209 37
12210 37
12211 37
12212 37
12213 37
12214 37
12215 37
12216 37
12217 37
12218 37
12219 37
12220 37
12221 37
12222 37
12223 37
12224 37
12225 37
12226 37
12227 37
12228 39
12229 39
12230 39
12231 39
12232 39
12233 39
12234 39
12235 39
12236 39
12237 39
12238 38
12239 38
12240 38
12241 38
12242 38
12243 38
12244 38
12245 38
12246 38
12247 38
12248 38
12249 38
12250 38
12251 38
12252 38
12253 38
12254 38
12255 38
12256 38
12257 38
12258 38
12259 38
12260 38
12261 38
12262 38
12263 38
12264 38
12265 38
12266 38
12267 38
12268 38
12269 39
12270 39
12271 39
12272 39
12273 38
12274 38
12275 38
12276 38
12277 38
12278 38
12279 38
12280 38
12281 38
12282 39
12283 39
12284 39
12285 39
12286 39
12287 39
12288 38
12289 39
12290 39
12291 39
12292 39
12293 38
12294 38
12295 38
12296 38
12297 38
12298 39
12299 39
12300 38
12301 38
12302 38
12303 38
12304 38
12305 38
12306 38
12307 38
12308 38
12309 38
12310 38
12311 38
12312 38
12313 38
12314 38
12315 38
12316 39
12317 39
12318 39
12319 39
12320 39
12321 39
12322 38
12323 38
12324 38
12325 38
12326 38
12327 38
12328 38
12329 38
12330 38
12331 39
12332 39
12333 39
12334 39
12335 38
12336 37
12337 37
12338 37
12339 37
12340 37
12341 37
12342 37
12343 37
12344 37
12345 37
12346 37
12347 37
12348 37
12349 37
12350 37
12351 37
12352 37
12353 37
12354 37
12355 37
12356 37
12357 37
12358 37
12359 37
12360 37
12361 37
12362 37
12363 37
12364 37
12365 37
12366 37
12367 37
12368 37
12369 37
12370 37
12371 37
12372 37
12373 37
12374 37
12375 37
12376 37
12377 37
12378 37
12379 37
12380 38
12381 39
12382 39
12383 38
12384 38
12385 38
12386 38
12387 38
12388 38
12389 38
12390 39
12391 39
12392 38
12393 38
12394 38
12395 38
12396 39
12397 39
12398 34
12399 34
12400 34
12401 34
12402 35
12403 35
12404 35
12405 35
12406 35
12407 35
12408 34
12409 34
12410 36
12411 36
12412 35
12413 35
12414 36
12415 36
12416 35
12417 35
12418 36
12419 36
12420 36
12421 36
12422 35
12423 35
12424 36
12425 36
12426 36
12427 36
12428 36
12429 36
12430 36
12431 36
12432 36
12433 36
12434 35
12435 35
12436 36
12437 36
12438 36
12439 36
12440 36
12441 36
12442 35
12443 35
12444 35
12445 35
12446 35
12447 35
12448 35
12449 35
12450 36
12451 36
12452 36
12453 36
12454 36
12455 36
12456 36
12457 36
12458 36
12459 36
12460 35
12461 35
12462 35
12463 35
12464 35
12465 35
12466 36
12467 36
12468 36
12469 36
12470 36
12471 36
12472 36
12473 36
12474 36
12475 36
12476 34
12477 34
12478 34
12479 34
12480 34
12481 34
12482 34
12483 34
12484 34
12485 34
12486 35
12487 35
12488 35
12489 35
12490 35
12491 35
12492 35
12493 35
12494 35
12495 35
12496 35
12497 35
12498 35
12499 35
12500 35
12501 35
12502 34
12503 34
12504 34
12505 34
12506 34
12507 34
12508 35
12509 35
12510 35
12511 35
12512 35
12513 35
12514 35
12515 35
12516 35
12517 35
12518 34
12519 34
12520 34
12521 34
12522 34
12523 34
12524 34
12525 34
12526 34
12527 34
12528 36
12529 36
12530 36
12531 36
12532 36
12533 36
12534 36
12535 36
12536 36
12537 36
12538 35
12539 35
12540 35
12541 35
12542 35
12543 35
12544 35
12545 35
12546 35
12547 35
12548 36
12549 36
12550 36
12551 36
12552 36
12553 36
12554 36
12555 36
12556 36
12557 36
12558 37
12559 37
12560 37
12561 37
12562 37
12563 37
12564 37
12565 37
12566 37
12567 37
12568 37
12569 37
12570 37
12571 37
12572 37
12573 37
12574 37
12575 37
12576 37
12577 37
12578 38
12579 38
12580 38
12581 38
12582 38
12583 38
12584 38
12585 38
12586 38
12587 38
12588 39
12589 39
12590 39
12591 39
12592 39
12593 39
12594 39
12595 39
12596 39
12597 39
12598 38
12599 38
12600 38
12601 38
12602 38
12603 38
12604 38
12605 38
12606 38
12607 38
12608 20
12609 20
12610 20
12611 20
12612 21
12613 22
12614 21
12615 21
12616 22
12617 21
12618 21
12619 22
12620 22
12621 21
12622 21
12623 20
12624 20
12625 20
12626 20
12627 21
12628 23
12629 23
12630 24
12631 24
12632 25
12633 25
12634 25
12635 25
12636 24
12637 24
12638 23
12639 23
12640 22
12641 22
12642 23
12643 23
12644 22
12645 22
12646 23
12647 23
12648 24
12649 24
12650 25
12651 25
12652 25
12653 25
12654 24
12655 24
12656 22
12657 23
12658 23
12659 23
12660 23
12661 24
12662 24
12663 24
12664 24
12665 25
12666 25
12667 25
12668 25
12669 25
12670 25
12671 25
12672 25
12673 24
12674 24
12675 24
12676 24
12677 24
12678 24
12679 25
12680 25
12681 25
12682 25
12683 24
12684 24
12685 23
12686 23
12687 22
12688 22
12689 23
12690 23
12691 23
12692 23
12693 23
12694 23
12695 22
12696 22
12697 22
12698 22
12699 22
12700 22
12701 22
12702 22
12703 22
12704 22
12705 23
12706 23
12707 23
12708 23
12709 23
12710 23
12711 23
12712 23
12713 23
12714 23
12715 23
12716 23
12717 23
12718 23
12719 23
12720 23
12721 23
12722 23
12723 22
12724 22
12725 22
12726 22
12727 22
12728 22
12729 22
12730 22
12731 22
12732 22
12733 23
12734 23
12735 23
12736 23
12737 23
12738 23
12739 23
12740 23
12741 23
12742 23
12743 24
12744 24
12745 24
12746 24
12747 24
12748 24
12749 24
12750 24
12751 24
12752 24
12753 25
12754 25
12755 25
12756 25
12757 25
12758 25
12759 25
12760 25
12761 25
12762 25
12763 25
12764 25
12765 25
12766 25
12767 25
12768 25
12769 25
12770 25
12771 25
12772 25
12773 24
12774 24
12775 24
12776 24
12777 24
12778 24
12779 24
12780 24
12781 24
12782 24
12783 24
12784 24
12785 24
12786 24
12787 24
12788 24
12789 24
12790 24
12791 25
12792 25
12793 25
12794 25
12795 25
12796 25
12797 25
12798 25
12799 25
12800 25
12801 25
12802 25
12803 25
12804 25
12805 25
12806 25
12807 24
12808 24
12809 24
12810 24
12811 24
12812 24
12813 24
12814 24
12815 23
12816 23
12817 23
12818 23
12819 23
12820 23
12821 23
12822 23
12823 22
12824 22
12825 21
12826 21
12827 21
12828 21
12829 20
12830 20
12831 20
12832 20
12833 20
12834 20
12835 20
12836 20
12837 20
12838 20
12839 20
12840 20
12841 20
12842 20
12843 20
12844 20
12845 20
12846 20
12847 20
12848 20
12849 20
12850 20
12851 20
12852 20
12853 20
12854 20
12855 20
12856 20
12857 20
12858 20
12859 20
12860 20
12861 20
12862 20
12863 20
12864 20
12865 21
12866 21
12867 21
12868 21
12869 21
12870 22
12871 22
12872 21
12873 22
12874 21
12875 21
12876 21
12877 22
12878 21
12879 22
12880 22
12881 21
12882 21
12883 21
12884 22
12885 21
12886 21
12887 22
12888 22
12889 22
12890 21
12891 21
12892 21
12893 21
12894 21
12895 21
12896 21
12897 21
12898 21
12899 22
12900 21
12901 22
12902 21
12903 21
12904 22
12905 21
12906 22
12907 22
12908 21
12909 22
12910 22
12911 21
12912 21
12913 21
12914 21
12915 21
12916 22
12917 21
12918 21
12919 22
12920 22
12921 21
12922 21
12923 21
12924 22
12925 21
12926 21
12927 22
12928 21
12929 20
12930 20
12931 20
12932 20
12933 20
12934 20
12935 20
12936 20
12937 20
12938 20
12939 20
12940 20
12941 21
12942 21
12943 22
12944 29
12945 29
12946 29
12947 29
12948 29
12949 28
12950 28
12951 28
12952 28
12953 28
12954 28
12955 28
12956 28
12957 28
12958 28
12959 29
12960 29
12961 29
12962 29
12963 29
12964 29
12965 29
12966 29
12967 29
12968 29
12969 29
12970 29
12971 29
12972 29
12973 29
12974 27
12975 27
12976 27
12977 27
12978 27
12979 26
12980 26
12981 26
12982 26
12983 26
12984 26
12985 26
12986 26
12987 26
12988 26
12989 26
12990 26
12991 26
12992 26
12993 26
12994 26
12995 26
12996 26
12997 26
12998 26
12999 27
13000 27
13001 27
13002 27
13003 27
13004 27
13005 27
13006 27
13007 27
13008 27
13009 28
13010 28
13011 28
13012 28
13013 28
13014 28
13015 28
13016 28
13017 28
13018 28
13019 27
13020 27
13021 27
13022 27
13023 27
13024 21
13025 20
13026 20
13027 20
13028 20
13029 21
13030 22
13031 21
13032 21
13033 22
13034 21
13035 21
13036 22
13037 21
13038 22
13039 21
13040 22
13041 21
13042 21
13043 21
13044 22
13045 21
13046 21
13047 21
13048 22
13049 22
13050 22
13051 22
13052 21
13053 21
13054 21
13055 21
13056 22
13057 22
13058 22
13059 21
13060 21
13061 22
13062 21
13063 21
13064 22
13065 22
13066 22
13067 22
13068 21
13069 21
13070 22
13071 21
13072 21
13073 20
13074 22
13075 21
13076 21
13077 20
13078 21
13079 22
13080 21
13081 20
13082 20
13083 20
13084 21
13085 21
13086 20
13087 22
13088 20
13089 20
13090 22
13091 21
13092 21
13093 20
13094 20
13095 20
13096 20
13097 20
13098 20
13099 20
13100 20
13101 21
13102 21
13103 22
13104 22
13105 23
13106 23
13107 23
13108 23
13109 24
13110 24
13111 24
13112 24
13113 25
13114 25
13115 25
13116 25
13117 25
13118 25
13119 25
13120 25
13121 24
13122 24
13123 24
13124 24
13125 24
13126 24
13127 24
13128 24
13129 24
13130 24
13131 24
13132 24
13133 24
13134 24
13135 25
13136 25
13137 25
13138 25
13139 25
13140 25
13141 25
13142 25
13143 25
13144 25
13145 25
13146 25
13147 25
13148 25
13149 25
13150 25
13151 25
13152 25
13153 25
13154 25
13155 24
13156 24
13157 24
13158 24
13159 24
13160 24
13161 24
13162 24
13163 24
13164 24
13165 23
13166 23
13167 23
13168 23
13169 23
13170 23
13171 23
13172 23
13173 23
13174 23
13175 22
13176 22
13177 22
13178 22
13179 22
13180 22
13181 22
13182 22
13183 22
13184 22
13185 23
13186 23
13187 23
13188 23
13189 23
13190 23
13191 23
13192 23
13193 23
13194 23
13195 23
13196 23
13197 23
13198 23
13199 22
13200 22
13201 22
13202 22
13203 22
13204 23
13205 23
13206 24
13207 24
13208 25
13209 25
13210 25
13211 25
13212 24
13213 24
13214 23
13215 23
13216 22
13217 23
13218 23
13219 24
13220 24
13221 25
13222 25
13223 25
13224 25
13225 24
13226 24
13227 24
13228 24
13229 25
13230 25
13231 25
13232 25
13233 24
13234 24
13235 23
13236 23
13237 22
13238 22
13239 23
13240 23
13241 23
13242 23
13243 22
13244 23
13245 23
13246 22
13247 22
13248 23
13249 23
13250 24
13251 24
13252 25
13253 25
13254 25
13255 25
13256 24
13257 24
13258 20
13259 20
13260 20
13261 20
13262 21
13263 22
13264 21
13265 21
13266 22
13267 21
13268 21
13269 21
13270 22
13271 21
13272 21
13273 22
13274 21
13275 21
13276 22
13277 21
13278 20
13279 20
13280 20
13281 20
13282 20
13283 20
13284 20
13285 20
13286 21
13287 22
13288 31
13289 31
13290 31
13291 31
13292 31
13293 31
13294 31
13295 31
13296 31
13297 31
13298 32
13299 32
13300 32
13301 32
13302 32
13303 32
13304 32
13305 32
13306 32
13307 32
13308 30
13309 30
13310 30
13311 30
13312 30
13313 30
13314 30
13315 30
13316 30
13317 30
13318 30
13319 30
13320 30
13321 30
13322 30
13323 30
13324 30
13325 30
13326 30
13327 30
13328 31
13329 31
13330 31
13331 31
13332 31
13333 31
13334 31
13335 31
13336 31
13337 31
13338 33
13339 33
13340 33
13341 33
13342 33
13343 33
13344 33
13345 33
13346 33
13347 33
13348 34
13349 34
13350 34
13351 34
13352 34
13353 34
13354 34
13355 34
13356 34
13357 34
13358 32
13359 32
13360 32
13361 32
13362 32
13363 32
13364 32
13365 32
13366 32
13367 32
13368 33
13369 33
13370 33
13371 33
13372 33
13373 33
13374 33
13375 33
13376 33
13377 33
13378 33
13379 34
13380 34
13381 34
13382 34
13383 33
13384 33
13385 33
13386 33
13387 33
13388 34
13389 34
13390 32
13391 32
13392 33
13393 33
13394 33
13395 33
13396 33
13397 33
13398 32
13399 32
13400 32
13401 32
13402 32
13403 32
13404 32
13405 32
13406 33
13407 33
13408 33
13409 33
13410 33
13411 33
13412 33
13413 33
13414 33
13415 33
13416 32
13417 32
13418 32
13419 32
13420 32
13421 32
13422 33
13423 34
13424 34
13425 34
13426 34
13427 34
13428 34
13429 33
13430 33
13431 33
13432 33
13433 33
13434 33
13435 33
13436 33
13437 34
13438 34
13439 34
13440 34
13441 33
13442 31
13443 30
13444 30
13445 30
13446 30
13447 30
13448 30
13449 30
13450 30
13451 31
13452 31
13453 31
13454 31
13455 31
13456 31
13457 31
13458 31
13459 31
13460 30
13461 30
13462 30
13463 30
13464 30
13465 30
13466 30
13467 30
13468 30
13469 30
13470 30
13471 30
13472 31
13473 32
13474 32
13475 32
13476 32
13477 32
13478 32
13479 31
13480 31
13481 31
13482 31
13483 31
13484 31
13485 31
13486 31
13487 32
13488 32
13489 32
13490 32
13491 31
13492 31
13493 32
13494 32
13495 32
13496 32
13497 31
13498 31
13499 31
13500 31
13501 31
13502 32
13503 32
13504 30
13505 30
13506 30
13507 30
13508 31
13509 31
13510 31
13511 31
13512 31
13513 30
13514 30
13515 30
13516 30
13517 30
13518 30
13519 30
13520 30
13521 31
13522 30
13523 30
13524 30
13525 30
13526 31
13527 31
13528 31
13529 31
13530 30
13531 30
13532 30
13533 30
13534 31
13535 32
13536 32
13537 31
13538 31
13539 31
13540 32
13541 32
13542 31
13543 32
13544 32
13545 31
13546 31
13547 30
13548 30
13549 30
13550 30
13551 31
13552 33
13553 34
13554 34
13555 33
13556 32
13557 32
13558 33
13559 33
13560 32
13561 32
13562 33
13563 33
13564 33
13565 33
13566 32
13567 32
13568 33
13569 34
13570 34
13571 33
13572 33
13573 33
13574 34
13575 34
13576 20
13577 20
13578 20
13579 20
13580 21
13581 22
13582 21
13583 21
13584 22
13585 21
13586 21
13587 22
13588 22
13589 21
13590 21
13591 20
13592 20
13593 20
13594 20
13595 21
13596 23
13597 23
13598 24
13599 24
13600 25
13601 25
13602 25
13603 25
13604 24
13605 24
13606 23
13607 23
13608 22
13609 22
13610 23
13611 23
13612 22
13613 22
13614 23
13615 23
13616 24
13617 24
13618 25
13619 25
13620 25
13621 25
13622 24
13623 24
13624 22
13625 23
13626 23
13627 24
13628 24
13629 25
13630 25
13631 25
13632 25
13633 24
13634 24
13635 23
13636 23
13637 22
13638 22
13639 21
13640 20
13641 20
13642 20
13643 20
13644 21
13645 22
13646 21
13647 21
13648 28
13649 29
13650 29
13651 29
13652 29
13653 28
13654 28
13655 27
13656 27
13657 26
13658 26
13659 26
13660 26
13661 27
13662 27
13663 28
13664 27
13665 26
13666 26
13667 26
13668 26
13669 27
13670 27
13671 28
13672 28
13673 27
13674 28
13675 28
13676 27
13677 27
13678 26
13679 26
13680 26
13681 26
13682 27
13683 27
13684 29
13685 29
13686 29
13687 29
13688 28
13689 28
13690 29
13691 28
13692 28
13693 29
13694 29
13695 29
13696 28
13697 29
13698 29
13699 29
13700 29
13701 29
13702 29
13703 28
13704 28
13705 29
13706 29
13707 28
13708 29
13709 28
13710 28
13711 29
13712 29
13713 29
13714 27
13715 26
13716 26
13717 26
13718 26
13719 27
13720 27
13721 28
13722 28
13723 27
13724 28
13725 27
13726 27
13727 28
13728 28
13729 27
13730 27
13731 26
13732 26
13733 26
13734 26
13735 27
13736 27
13737 26
13738 26
13739 26
13740 26
13741 27
13742 27
13743 28
13744 28
13745 27
13746 27
13747 26
13748 26
13749 26
13750 26
13751 27
13752 27
13753 26
13754 26
13755 26
13756 26
13757 27
13758 27
13759 28
13760 28
13761 27
13762 27
13763 28
13764 28
13765 28
13766 27
13767 27
13768 27
13769 28
13770 28
13771 28
13772 28
13773 27
13774 27
13775 27
13776 27
13777 26
13778 26
13779 26
13780 26
13781 26
13782 26
13783 26
13784 26
13785 27
13786 27
13787 27
13788 26
13789 26
13790 26
13791 26
13792 27
13793 27
13794 29
13795 29
13796 29
13797 29
13798 29
13799 29
13800 29
13801 29
13802 29
13803 28
13804 28
13805 28
13806 28
13807 29
13808 29
13809 29
13810 28
13811 28
13812 28
13813 29
13814 29
13815 28
13816 28
13817 29
13818 29
13819 29
13820 29
13821 29
13822 29
13823 28
13824 22
13825 21
13826 20
13827 20
13828 20
13829 20
13830 20
13831 20
13832 20
13833 20
13834 21
13835 22
13836 21
13837 22
13838 21
13839 21
13840 21
13841 22
13842 21
13843 21
13844 21
13845 22
13846 22
13847 21
13848 21
13849 21
13850 21
13851 22
13852 21
13853 22
13854 21
13855 21
13856 21
13857 22
13858 22
13859 21
13860 21
13861 20
13862 20
13863 20
13864 20
13865 20
13866 20
13867 20
13868 20
13869 20
13870 20
13871 20
13872 20
13873 21
13874 23
13875 23
13876 24
13877 24
13878 25
13879 25
13880 25
13881 25
13882 24
13883 24
13884 24
13885 24
13886 24
13887 24
13888 25
13889 25
13890 25
13891 25
13892 25
13893 25
13894 25
13895 25
13896 24
13897 24
13898 24
13899 24
13900 23
13901 23
13902 23
13903 23
13904 22
13905 22
13906 22
13907 22
13908 23
13909 23
13910 23
13911 23
13912 23
13913 23
13914 22
13915 22
13916 22
13917 23
13918 23
13919 23
13920 23
13921 22
13922 22
13923 23
13924 23
13925 24
13926 24
13927 25
13928 25
13929 25
13930 25
13931 24
13932 24
13933 24
13934 24
13935 25
13936 25
13937 25
13938 25
13939 24
13940 24
13941 23
13942 23
13943 22
13944 22
13945 23
13946 23
13947 24
13948 24
13949 25
13950 25
13951 25
13952 25
13953 24
13954 24
13955 24
13956 24
13957 25
13958 25
13959 25
13960 25
13961 24
13962 24
13963 23
13964 23
13965 22
13966 22
13967 23
13968 23
13969 23
13970 23
13971 22
13972 23
13973 23
13974 22
13975 22
13976 23
13977 23
13978 24
13979 24
13980 25
13981 25
13982 25
13983 25
13984 24
13985 24
13986 20
13987 20
13988 20
13989 20
13990 21
13991 22
13992 21
13993 21
13994 22
13995 21
13996 21
13997 21
13998 22
13999 21
14000 21
14001 22
14002 21
14003 21
14004 22
14005 21
14006 20
14007 20
14008 20
14009 20
14010 20
14011 20
14012 20
14013 20
14014 21
14015 22
14016 45
14017 45
14018 45
14019 45
14020 45
14021 45
14022 45
14023 45
14024 45
14025 45
14026 45
14027 45
14028 45
14029 45
14030 45
14031 45
14032 45
14033 45
14034 45
14035 45
14036 45
14037 45
14038 45
14039 45
14040 45
14041 45
14042 45
14043 45
14044 45
14045 45
14046 45
14047 45
14048 44
14049 44
14050 44
14051 44
14052 44
14053 44
14054 44
14055 44
14056 44
14057 44
14058 44
14059 44
14060 44
14061 44
14062 44
14063 44
14064 44
14065 44
14066 44
14067 44
14068 44
14069 44
14070 45
14071 45
14072 45
14073 45
14074 45
14075 45
14076 45
14077 45
14078 45
14079 45
14080 45
14081 45
14082 43
14083 43
14084 43
14085 43
14086 43
14087 43
14088 44
14089 44
14090 43
14091 43
14092 43
14093 43
14094 43
14095 43
14096 44
14097 44
14098 44
14099 44
14100 44
14101 44
14102 44
14103 44
14104 44
14105 44
14106 43
14107 43
14108 43
14109 43
14110 43
14111 43
14112 43
14113 43
14114 43
14115 43
14116 43
14117 43
14118 43
14119 43
14120 43
14121 43
14122 44
14123 44
14124 44
14125 44
14126 44
14127 44
14128 44
14129 44
14130 44
14131 44
14132 43
14133 43
14134 43
14135 43
14136 43
14137 43
14138 43
14139 43
14140 43
14141 43
14142 43
14143 43
14144 43
14145 43
14146 43
14147 43
14148 43
14149 43
14150 43
14151 43
14152 43
14153 43
14154 43
14155 43
14156 43
14157 43
14158 44
14159 44
14160 44
14161 44
14162 44
14163 44
14164 44
14165 44
14166 44
14167 44
14168 43
14169 43
14170 43
14171 43
14172 43
14173 43
14174 43
14175 43
14176 43
14177 43
14178 44
14179 44
14180 44
14181 44
14182 44
14183 44
14184 44
14185 44
14186 44
14187 44
14188 45
14189 45
14190 45
14191 45
14192 45
14193 45
14194 45
14195 45
14196 45
14197 45
14198 45
14199 45
14200 45
14201 45
14202 45
14203 45
14204 45
14205 45
14206 45
14207 45
14208 39
14209 39
14210 39
14211 39
14212 39
14213 39
14214 39
14215 39
14216 39
14217 39
14218 40
14219 40
14220 40
14221 40
14222 40
14223 40
14224 40
14225 40
14226 40
14227 40
14228 40
14229 40
14230 40
14231 40
14232 40
14233 40
14234 40
14235 40
14236 40
14237 40
14238 41
14239 41
14240 41
14241 41
14242 41
14243 41
14244 41
14245 41
14246 41
14247 41
14248 41
14249 41
14250 41
14251 41
14252 41
14253 41
14254 41
14255 41
14256 41
14257 41
14258 42
14259 42
14260 42
14261 42
14262 42
14263 42
14264 42
14265 42
14266 42
14267 42
14268 42
14269 42
14270 42
14271 42
14272 42
14273 42
14274 42
14275 42
14276 42
14277 42
14278 42
14279 42
14280 42
14281 42
14282 42
14283 42
14284 42
14285 42
14286 42
14287 42
14288 42
14289 42
14290 42
14291 42
14292 42
14293 42
14294 42
14295 42
14296 42
14297 42
14298 42
14299 42
14300 42
14301 42
14302 42
14303 42
14304 42
14305 42
14306 42
14307 42
14308 42
14309 42
14310 41
14311 41
14312 41
14313 41
14314 41
14315 41
14316 41
14317 41
14318 41
14319 41
14320 41
14321 41
14322 41
14323 41
14324 41
14325 41
14326 41
14327 41
14328 41
14329 41
14330 41
14331 41
14332 41
14333 41
14334 41
14335 41
14336 41
14337 41
14338 41
14339 41
14340 41
14341 41
14342 41
14343 41
14344 41
14345 41
14346 41
14347 41
14348 41
14349 41
14350 41
14351 41
14352 41
14353 41
14354 42
14355 42
14356 42
14357 42
14358 42
14359 42
14360 42
14361 42
14362 42
14363 42
14364 42
14365 42
14366 39
14367 39
14368 39
14369 39
14370 39
14371 39
14372 40
14373 40
14374 40
14375 40
14376 40
14377 40
14378 40
14379 40
14380 40
14381 40
14382 40
14383 40
14384 40
14385 40
14386 40
14387 40
14388 40
14389 40
14390 40
14391 40
14392 40
14393 40
14394 40
14395 40
14396 40
14397 40
14398 40
14399 40
14400 40
14401 40
14402 40
14403 40
14404 40
14405 40
14406 40
14407 40
14408 40
14409 40
14410 40
14411 40
14412 40
14413 40
14414 40
14415 40
14416 39
14417 39
14418 39
14419 39
14420 39
14421 39
14422 39
14423 39
14424 39
14425 39
14426 39
14427 39
14428 39
14429 39
14430 39
14431 39
14432 39
14433 39
14434 39
14435 39
14436 39
14437 39
14438 39
14439 39
14440 39
14441 39
14442 39
14443 39
14444 39
14445 39
14446 39
14447 39
14448 39
14449 39
14450 39
14451 39
14452 40
14453 40
14454 40
14455 40
14456 40
14457 40
14458 40
14459 40
14460 40
14461 40
14462 40
14463 40
14464 40
14465 40
14466 40
14467 40
14468 40
14469 40
14470 40
14471 40
14472 40
14473 40
14474 40
14475 40
14476 40
14477 40
14478 40
14479 40
14480 40
14481 40
14482 40
14483 40
14484 40
14485 40
14486 40
14487 40
14488 40
14489 40
14490 40
14491 40
14492 40
14493 40
14494 40
14495 40
14496 40
14497 40
14498 40
14499 40
14500 40
14501 40
14502 40
14503 40
14504 40
14505 40
14506 40
14507 40
14508 40
14509 40
14510 40
14511 40
14512 39
14513 39
14514 39
14515 39
14516 39
14517 39
14518 39
14519 39
14520 39
14521 39
14522 42
14523 42
14524 42
14525 42
14526 42
14527 42
14528 42
14529 42
14530 42
14531 42
14532 42
14533 42
14534 42
14535 42
14536 42
14537 42
14538 42
14539 42
14540 42
14541 42
14542 41
14543 41
14544 41
14545 41
14546 41
14547 41
14548 41
14549 41
14550 41
14551 41
14552 41
14553 41
14554 41
14555 41
14556 41
14557 41
14558 41
14559 41
14560 41
14561 41
14562 41
14563 41
14564 41
14565 41
14566 41
14567 41
14568 41
14569 41
14570 41
14571 41
14572 41
14573 41
14574 41
14575 41
14576 41
14577 41
14578 41
14579 41
14580 41
14581 41
14582 41
14583 41
14584 41
14585 41
14586 41
14587 41
14588 41
14589 41
14590 41
14591 41
14592 41
14593 41
14594 41
14595 41
14596 41
14597 41
14598 41
14599 41
14600 41
14601 41
14602 42
14603 42
14604 42
14605 42
14606 42
14607 42
14608 42
14609 42
14610 42
14611 42
14612 42
14613 42
14614 42
14615 42
14616 42
14617 42
14618 42
14619 42
14620 42
14621 42
14622 42
14623 42
14624 42
14625 42
14626 42
14627 42
14628 42
14629 42
14630 42
14631 42
14632 42
14633 42
14634 42
14635 42
14636 42
14637 42
14638 42
14639 42
14640 42
14641 42
14642 43
14643 43
14644 43
14645 43
14646 43
14647 43
14648 43
14649 43
14650 43
14651 43
14652 43
14653 43
14654 43
14655 43
14656 43
14657 43
14658 43
14659 43
14660 43
14661 43
14662 44
14663 44
14664 44
14665 44
14666 44
14667 44
14668 44
14669 44
14670 44
14671 44
14672 43
14673 43
14674 43
14675 43
14676 43
14677 43
14678 43
14679 43
14680 43
14681 43
14682 43
14683 43
14684 43
14685 43
14686 43
14687 43
14688 43
14689 43
14690 43
14691 43
14692 44
14693 44
14694 44
14695 44
14696 44
14697 44
14698 44
14699 44
14700 44
14701 44
14702 44
14703 44
14704 44
14705 44
14706 44
14707 44
14708 43
14709 43
14710 43
14711 43
14712 43
14713 43
14714 43
14715 43
14716 43
14717 43
14718 44
14719 44
14720 44
14721 44
14722 43
14723 43
14724 43
14725 43
14726 43
14727 43
14728 43
14729 43
14730 43
14731 43
14732 45
14733 45
14734 45
14735 45
14736 45
14737 45
14738 45
14739 45
14740 45
14741 45
14742 45
14743 45
14744 45
14745 45
14746 45
14747 45
14748 45
14749 45
14750 45
14751 45
14752 44
14753 44
14754 44
14755 44
14756 44
14757 44
14758 44
14759 44
14760 44
14761 44
14762 44
14763 44
14764 44
14765 44
14766 44
14767 44
14768 44
14769 44
14770 44
14771 44
14772 44
14773 44
14774 44
14775 44
14776 44
14777 44
14778 44
14779 44
14780 44
14781 44
14782 45
14783 45
14784 45
14785 45
14786 45
14787 45
14788 45
14789 45
14790 45
14791 45
14792 45
14793 45
14794 45
14795 45
14796 45
14797 45
14798 45
14799 45
14800 45
14801 45
14802 45
14803 45
14804 45
14805 45
14806 45
14807 45
14808 45
14809 45
14810 45
14811 45
14812 45
14813 45
14814 45
14815 45
14816 45
14817 45
14818 45
14819 45
14820 45
14821 45
