--- PageRank (Pres_Poisson.mtx) ---
alpha=0.85, eps=0.0001
Iterations: 2
Vertex | Rank
0 0.000010
1 0.000010
2 0.000010
3 0.000010
4 0.000010
5 0.000010
6 0.000010
7 0.000010
8 0.000010
9 0.000010
10 0.000010
11 0.000010
12 0.000010
13 0.000010
14 0.000010
15 0.000010
16 0.000010
17 0.000010
18 0.000010
19 0.000010
20 0.000010
21 0.000010
22 0.000010
23 0.000010
24 0.000010
25 0.000010
26 0.000010
27 0.000010
28 0.000010
29 0.000010
30 0.000010
31 0.000010
32 0.000010
33 0.000010
34 0.000010
35 0.000010
36 0.000010
37 0.000010
38 0.000010
39 0.000010
40 0.000010
41 0.000010
42 0.000010
43 0.000010
44 0.000010
45 0.000010
46 0.000010
47 0.000010
48 0.000010
49 0.000010
50 0.000010
51 0.000010
52 0.000010
53 0.000010
54 0.000010
55 0.000010
56 0.000010
57 0.000010
58 0.000010
59 0.000010
60 0.000010
61 0.000010
62 0.000010
63 0.000010
64 0.000010
65 0.000010
66 0.000010
67 0.000010
68 0.000010
69 0.000010
70 0.000010
71 0.000010
72 0.000010
73 0.000010
74 0.000010
75 0.000010
76 0.000010
77 0.000010
78 0.000010
79 0.000010
80 0.000010
81 0.000010
82 0.000010
83 0.000010
84 0.000010
85 0.000010
86 0.000010
87 0.000010
88 0.000010
89 0.000010
90 0.000010
91 0.000010
92 0.000010
93 0.000010
94 0.000010
95 0.000010
96 0.000010
97 0.000010
98 0.000010
99 0.000010
100 0.000010
101 0.000010
102 0.000010
103 0.000010
104 0.000010
105 0.000010
106 0.000010
107 0.000010
108 0.000010
109 0.000010
110 0.000010
111 0.000010
112 0.000010
113 0.000010
114 0.000010
115 0.000010
116 0.000010
117 0.000010
118 0.000010
119 0.000010
120 0.000010
121 0.000010
122 0.000010
123 0.000010
124 0.000010
125 0.000010
126 0.000010
127 0.000010
128 0.000010
129 0.000010
130 0.000010
131 0.000010
132 0.000010
133 0.000010
134 0.000010
135 0.000010
136 0.000010
137 0.000010
138 0.000010
139 0.000010
140 0.000010
141 0.000010
142 0.000010
143 0.000010
144 0.000010
145 0.000010
146 0.000010
147 0.000010
148 0.000010
149 0.000010
150 0.000010
151 0.000010
152 0.000010
153 0.000010
154 0.000010
155 0.000010
156 0.000010
157 0.000010
158 0.000010
159 0.000010
160 0.000010
161 0.000010
162 0.000010
163 0.000010
164 0.000010
165 0.000010
166 0.000010
167 0.000010
168 0.000010
169 0.000010
170 0.000010
171 0.000010
172 0.000010
173 0.000010
174 0.000010
175 0.000010
176 0.000010
177 0.000010
178 0.000010
179 0.000010
180 0.000010
181 0.000010
182 0.000010
183 0.000010
184 0.000010
185 0.000010
186 0.000010
187 0.000010
188 0.000010
189 0.000010
190 0.000010
191 0.000010
192 0.000010
193 0.000010
194 0.000010
195 0.000010
196 0.000010
197 0.000010
198 0.000010
199 0.000010
200 0.000010
201 0.000010
202 0.000010
203 0.000010
204 0.000010
205 0.000010
206 0.000010
207 0.000010
208 0.000010
209 0.000010
210 0.000010
211 0.000010
212 0.000010
213 0.000010
214 0.000010
215 0.000010
216 0.000010
217 0.000010
218 0.000010
219 0.000010
220 0.000010
221 0.000010
222 0.000010
223 0.000010
224 0.000010
225 0.000010
226 0.000010
227 0.000010
228 0.000010
229 0.000010
230 0.000010
231 0.000010
232 0.000010
233 0.000010
234 0.000010
235 0.000010
236 0.000010
237 0.000010
238 0.000010
239 0.000010
240 0.000010
241 0.000010
242 0.000010
243 0.000010
244 0.000010
245 0.000010
246 0.000010
247 0.000010
248 0.000010
249 0.000010
250 0.000010
251 0.000010
252 0.000010
253 0.000010
254 0.000010
255 0.000010
256 0.000010
257 0.000010
258 0.000010
259 0.000010
260 0.000010
261 0.000010
262 0.000010
263 0.000010
264 0.000010
265 0.000010
266 0.000010
267 0.000010
268 0.000010
269 0.000010
270 0.000010
271 0.000010
272 0.000010
273 0.000010
274 0.000010
275 0.000010
276 0.000010
277 0.000010
278 0.000010
279 0.000010
280 0.000010
281 0.000010
282 0.000010
283 0.000010
284 0.000010
285 0.000010
286 0.000010
287 0.000010
288 0.000010
289 0.000010
290 0.000010
291 0.000010
292 0.000010
293 0.000010
294 0.000010
295 0.000010
296 0.000010
297 0.000010
298 0.000010
299 0.000010
300 0.000010
301 0.000010
302 0.000010
303 0.000010
304 0.000010
305 0.000010
306 0.000010
307 0.000010
308 0.000010
309 0.000010
310 0.000010
311 0.000010
312 0.000010
313 0.000010
314 0.000010
315 0.000010
316 0.000010
317 0.000010
318 0.000010
319 0.000010
320 0.000010
321 0.000010
322 0.000010
323 0.000010
324 0.000010
325 0.000010
326 0.000010
327 0.000010
328 0.000010
329 0.000010
330 0.000010
331 0.000010
332 0.000010
333 0.000010
334 0.000010
335 0.000010
336 0.000010
337 0.000010
338 0.000010
339 0.000010
340 0.000010
341 0.000010
342 0.000010
343 0.000010
344 0.000010
345 0.000010
346 0.000010
347 0.000010
348 0.000010
349 0.000010
350 0.000010
351 0.000010
352 0.000010
353 0.000010
354 0.000010
355 0.000010
356 0.000010
357 0.000010
358 0.000010
359 0.000010
360 0.000010
361 0.000010
362 0.000010
363 0.000010
364 0.000010
365 0.000010
366 0.000010
367 0.000010
368 0.000010
369 0.000010
370 0.000010
371 0.000010
372 0.000010
373 0.000010
374 0.000010
375 0.000010
376 0.000010
377 0.000010
378 0.000010
379 0.000010
380 0.000010
381 0.000010
382 0.000010
383 0.000010
384 0.000010
385 0.000010
386 0.000010
387 0.000010
388 0.000010
389 0.000010
390 0.000010
391 0.000010
392 0.000010
393 0.000010
394 0.000010
395 0.000010
396 0.000010
397 0.000010
398 0.000010
399 0.000010
400 0.000010
401 0.000010
402 0.000010
403 0.000010
404 0.000010
405 0.000010
406 0.000010
407 0.000010
408 0.000010
409 0.000010
410 0.000010
411 0.000010
412 0.000010
413 0.000010
414 0.000010
415 0.000010
416 0.000010
417 0.000010
418 0.000010
419 0.000010
420 0.000010
421 0.000010
422 0.000010
423 0.000010
424 0.000010
425 0.000010
426 0.000010
427 0.000010
428 0.000010
429 0.000010
430 0.000010
431 0.000010
432 0.000010
433 0.000010
434 0.000010
435 0.000010
436 0.000010
437 0.000010
438 0.000010
439 0.000010
440 0.000010
441 0.000010
442 0.000010
443 0.000010
444 0.000010
445 0.000010
446 0.000010
447 0.000010
448 0.000010
449 0.000010
450 0.000010
451 0.000010
452 0.000010
453 0.000010
454 0.000010
455 0.000010
456 0.000010
457 0.000010
458 0.000010
459 0.000010
460 0.000010
461 0.000010
462 0.000010
463 0.000010
464 0.000010
465 0.000010
466 0.000010
467 0.000010
468 0.000010
469 0.000010
470 0.000010
471 0.000010
472 0.000010
473 0.000010
474 0.000010
475 0.000010
476 0.000010
477 0.000010
478 0.000010
479 0.000010
480 0.000010
481 0.000010
482 0.000010
483 0.000010
484 0.000010
485 0.000010
486 0.000010
487 0.000010
488 0.000010
489 0.000010
490 0.000010
491 0.000010
492 0.000010
493 0.000010
494 0.000010
495 0.000010
496 0.000010
497 0.000010
498 0.000010
499 0.000010
500 0.000010
501 0.000010
502 0.000010
503 0.000010
504 0.000010
505 0.000010
506 0.000010
507 0.000010
508 0.000010
509 0.000010
510 0.000010
511 0.000010
512 0.000010
513 0.000010
514 0.000010
515 0.000010
516 0.000010
517 0.000010
518 0.000010
519 0.000010
520 0.000010
521 0.000010
522 0.000010
523 0.000010
524 0.000010
525 0.000010
526 0.000010
527 0.000010
528 0.000010
529 0.000010
530 0.000010
531 0.000010
532 0.000010
533 0.000010
534 0.000010
535 0.000010
536 0.000010
537 0.000010
538 0.000010
539 0.000010
540 0.000010
541 0.000010
542 0.000010
543 0.000010
544 0.000010
545 0.000010
546 0.000010
547 0.000010
548 0.000010
549 0.000010
550 0.000010
551 0.000010
552 0.000010
553 0.000010
554 0.000010
555 0.000010
556 0.000010
557 0.000010
558 0.000010
559 0.000010
560 0.000010
561 0.000010
562 0.000010
563 0.000010
564 0.000010
565 0.000010
566 0.000010
567 0.000010
568 0.000010
569 0.000010
570 0.000010
571 0.000010
572 0.000010
573 0.000010
574 0.000010
575 0.000010
576 0.000010
577 0.000010
578 0.000010
579 0.000010
580 0.000010
581 0.000010
582 0.000010
583 0.000010
584 0.000010
585 0.000010
586 0.000010
587 0.000010
588 0.000010
589 0.000010
590 0.000010
591 0.000010
592 0.000010
593 0.000010
594 0.000010
595 0.000010
596 0.000010
597 0.000010
598 0.000010
599 0.000010
600 0.000010
601 0.000010
602 0.000010
603 0.000010
604 0.000010
605 0.000010
606 0.000010
607 0.000010
608 0.000010
609 0.000010
610 0.000010
611 0.000010
612 0.000010
613 0.000010
614 0.000010
615 0.000010
616 0.000010
617 0.000010
618 0.000010
619 0.000010
620 0.000010
621 0.000010
622 0.000010
623 0.000010
624 0.000010
625 0.000010
626 0.000010
627 0.000010
628 0.000010
629 0.000010
630 0.000010
631 0.000010
632 0.000010
633 0.000010
634 0.000010
635 0.000010
636 0.000010
637 0.000010
638 0.000010
639 0.000010
640 0.000010
641 0.000010
642 0.000010
643 0.000010
644 0.000010
645 0.000010
646 0.000010
647 0.000010
648 0.000010
649 0.000010
650 0.000010
651 0.000010
652 0.000010
653 0.000010
654 0.000010
655 0.000010
656 0.000010
657 0.000010
658 0.000010
659 0.000010
660 0.000010
661 0.000010
662 0.000010
663 0.000010
664 0.000010
665 0.000010
666 0.000010
667 0.000010
668 0.000010
669 0.000010
670 0.000010
671 0.000010
672 0.000010
673 0.000010
674 0.000010
675 0.000010
676 0.000010
677 0.000010
678 0.000010
679 0.000010
680 0.000010
681 0.000010
682 0.000010
683 0.000010
684 0.000010
685 0.000010
686 0.000010
687 0.000010
688 0.000010
689 0.000010
690 0.000010
691 0.000010
692 0.000010
693 0.000010
694 0.000010
695 0.000010
696 0.000010
697 0.000010
698 0.000010
699 0.000010
700 0.000010
701 0.000010
702 0.000010
703 0.000010
704 0.000010
705 0.000010
706 0.000010
707 0.000010
708 0.000010
709 0.000010
710 0.000010
711 0.000010
712 0.000010
713 0.000010
714 0.000010
715 0.000010
716 0.000010
717 0.000010
718 0.000010
719 0.000010
720 0.000010
721 0.000010
722 0.000010
723 0.000010
724 0.000010
725 0.000010
726 0.000010
727 0.000010
728 0.000010
729 0.000010
730 0.000010
731 0.000010
732 0.000010
733 0.000010
734 0.000010
735 0.000010
736 0.000010
737 0.000010
738 0.000010
739 0.000010
740 0.000010
741 0.000010
742 0.000010
743 0.000010
744 0.000010
745 0.000010
746 0.000010
747 0.000010
748 0.000010
749 0.000010
750 0.000010
751 0.000010
752 0.000010
753 0.000010
754 0.000010
755 0.000010
756 0.000010
757 0.000010
758 0.000010
759 0.000010
760 0.000010
761 0.000010
762 0.000010
763 0.000010
764 0.000010
765 0.000010
766 0.000010
767 0.000010
768 0.000010
769 0.000010
770 0.000010
771 0.000010
772 0.000010
773 0.000010
774 0.000010
775 0.000010
776 0.000010
777 0.000010
778 0.000010
779 0.000010
780 0.000010
781 0.000010
782 0.000010
783 0.000010
784 0.000010
785 0.000010
786 0.000010
787 0.000010
788 0.000010
789 0.000010
790 0.000010
791 0.000010
792 0.000010
793 0.000010
794 0.000010
795 0.000010
796 0.000010
797 0.000010
798 0.000010
799 0.000010
800 0.000010
801 0.000010
802 0.000010
803 0.000010
804 0.000010
805 0.000010
806 0.000010
807 0.000010
808 0.000010
809 0.000010
810 0.000010
811 0.000010
812 0.000010
813 0.000010
814 0.000010
815 0.000010
816 0.000010
817 0.000010
818 0.000010
819 0.000010
820 0.000010
821 0.000010
822 0.000010
823 0.000010
824 0.000010
825 0.000010
826 0.000010
827 0.000010
828 0.000010
829 0.000010
830 0.000010
831 0.000010
832 0.000010
833 0.000010
834 0.000010
835 0.000010
836 0.000010
837 0.000010
838 0.000010
839 0.000010
840 0.000010
841 0.000010
842 0.000010
843 0.000010
844 0.000010
845 0.000010
846 0.000010
847 0.000010
848 0.000010
849 0.000010
850 0.000010
851 0.000010
852 0.000010
853 0.000010
854 0.000010
855 0.000010
856 0.000010
857 0.000010
858 0.000010
859 0.000010
860 0.000010
861 0.000010
862 0.000010
863 0.000010
864 0.000010
865 0.000010
866 0.000010
867 0.000010
868 0.000010
869 0.000010
870 0.000010
871 0.000010
872 0.000010
873 0.000010
874 0.000010
875 0.000010
876 0.000010
877 0.000010
878 0.000010
879 0.000010
880 0.000010
881 0.000010
882 0.000010
883 0.000010
884 0.000010
885 0.000010
886 0.000010
887 0.000010
888 0.000010
889 0.000010
890 0.000010
891 0.000010
892 0.000010
893 0.000010
894 0.000010
895 0.000010
896 0.000010
897 0.000010
898 0.000010
899 0.000010
900 0.000010
901 0.000010
902 0.000010
903 0.000010
904 0.000010
905 0.000010
906 0.000010
907 0.000010
908 0.000010
909 0.000010
910 0.000010
911 0.000010
912 0.000010
913 0.000010
914 0.000010
915 0.000010
916 0.000010
917 0.000010
918 0.000010
919 0.000010
920 0.000010
921 0.000010
922 0.000010
923 0.000010
924 0.000010
925 0.000010
926 0.000010
927 0.000010
928 0.000010
929 0.000010
930 0.000010
931 0.000010
932 0.000010
933 0.000010
934 0.000010
935 0.000010
936 0.000010
937 0.000010
938 0.000010
939 0.000010
940 0.000010
941 0.000010
942 0.000010
943 0.000010
944 0.000010
945 0.000010
946 0.000010
947 0.000010
948 0.000010
949 0.000010
950 0.000010
951 0.000010
952 0.000010
953 0.000010
954 0.000010
955 0.000010
956 0.000010
957 0.000010
958 0.000010
959 0.000010
960 0.000010
961 0.000010
962 0.000010
963 0.000010
964 0.000010
965 0.000010
966 0.000010
967 0.000010
968 0.000010
969 0.000010
970 0.000010
971 0.000010
972 0.000010
973 0.000010
974 0.000010
975 0.000010
976 0.000010
977 0.000010
978 0.000010
979 0.000010
980 0.000010
981 0.000010
982 0.000010
983 0.000010
984 0.000010
985 0.000010
986 0.000010
987 0.000010
988 0.000010
989 0.000010
990 0.000010
991 0.000010
992 0.000010
993 0.000010
994 0.000010
995 0.000010
996 0.000010
997 0.000010
998 0.000010
999 0.000010
1000 0.000010
1001 0.000010
1002 0.000010
1003 0.000010
1004 0.000010
1005 0.000010
1006 0.000010
1007 0.000010
1008 0.000010
1009 0.000010
1010 0.000010
1011 0.000010
1012 0.000010
1013 0.000010
1014 0.000010
1015 0.000010
1016 0.000010
1017 0.000010
1018 0.000010
1019 0.000010
1020 0.000010
1021 0.000010
1022 0.000010
1023 0.000010
1024 0.000010
1025 0.000010
1026 0.000010
1027 0.000010
1028 0.000010
1029 0.000010
1030 0.000010
1031 0.000010
1032 0.000010
1033 0.000010
1034 0.000010
1035 0.000010
1036 0.000010
1037 0.000010
1038 0.000010
1039 0.000010
1040 0.000010
1041 0.000010
1042 0.000010
1043 0.000010
1044 0.000010
1045 0.000010
1046 0.000010
1047 0.000010
1048 0.000010
1049 0.000010
1050 0.000010
1051 0.000010
1052 0.000010
1053 0.000010
1054 0.000010
1055 0.000010
1056 0.000010
1057 0.000010
1058 0.000010
1059 0.000010
1060 0.000010
1061 0.000010
1062 0.000010
1063 0.000010
1064 0.000010
1065 0.000010
1066 0.000010
1067 0.000010
1068 0.000010
1069 0.000010
1070 0.000010
1071 0.000010
1072 0.000010
1073 0.000010
1074 0.000010
1075 0.000010
1076 0.000010
1077 0.000010
1078 0.000010
1079 0.000010
1080 0.000010
1081 0.000010
1082 0.000010
1083 0.000010
1084 0.000010
1085 0.000010
1086 0.000010
1087 0.000010
1088 0.000010
1089 0.000010
1090 0.000010
1091 0.000010
1092 0.000010
1093 0.000010
1094 0.000010
1095 0.000010
1096 0.000010
1097 0.000010
1098 0.000010
1099 0.000010
1100 0.000010
1101 0.000010
1102 0.000010
1103 0.000010
1104 0.000010
1105 0.000010
1106 0.000010
1107 0.000010
1108 0.000010
1109 0.000010
1110 0.000010
1111 0.000010
1112 0.000010
1113 0.000010
1114 0.000010
1115 0.000010
1116 0.000010
1117 0.000010
1118 0.000010
1119 0.000010
1120 0.000010
1121 0.000010
1122 0.000010
1123 0.000010
1124 0.000010
1125 0.000010
1126 0.000010
1127 0.000010
1128 0.000010
1129 0.000010
1130 0.000010
1131 0.000010
1132 0.000010
1133 0.000010
1134 0.000010
1135 0.000010
1136 0.000010
1137 0.000010
1138 0.000010
1139 0.000010
1140 0.000010
1141 0.000010
1142 0.000010
1143 0.000010
1144 0.000010
1145 0.000010
1146 0.000010
1147 0.000010
1148 0.000010
1149 0.000010
1150 0.000010
1151 0.000010
1152 0.000010
1153 0.000010
1154 0.000010
1155 0.000010
1156 0.000010
1157 0.000010
1158 0.000010
1159 0.000010
1160 0.000010
1161 0.000010
1162 0.000010
1163 0.000010
1164 0.000010
1165 0.000010
1166 0.000010
1167 0.000010
1168 0.000010
1169 0.000010
1170 0.000010
1171 0.000010
1172 0.000010
1173 0.000010
1174 0.000010
1175 0.000010
1176 0.000010
1177 0.000010
1178 0.000010
1179 0.000010
1180 0.000010
1181 0.000010
1182 0.000010
1183 0.000010
1184 0.000010
1185 0.000010
1186 0.000010
1187 0.000010
1188 0.000010
1189 0.000010
1190 0.000010
1191 0.000010
1192 0.000010
1193 0.000010
1194 0.000010
1195 0.000010
1196 0.000010
1197 0.000010
1198 0.000010
1199 0.000010
1200 0.000010
1201 0.000010
1202 0.000010
1203 0.000010
1204 0.000010
1205 0.000010
1206 0.000010
1207 0.000010
1208 0.000010
1209 0.000010
1210 0.000010
1211 0.000010
1212 0.000010
1213 0.000010
1214 0.000010
1215 0.000010
1216 0.000010
1217 0.000010
1218 0.000010
1219 0.000010
1220 0.000010
1221 0.000010
1222 0.000010
1223 0.000010
1224 0.000010
1225 0.000010
1226 0.000010
1227 0.000010
1228 0.000010
1229 0.000010
1230 0.000010
1231 0.000010
1232 0.000010
1233 0.000010
1234 0.000010
1235 0.000010
1236 0.000010
1237 0.000010
1238 0.000010
1239 0.000010
1240 0.000010
1241 0.000010
1242 0.000010
1243 0.000010
1244 0.000010
1245 0.000010
1246 0.000010
1247 0.000010
1248 0.000010
1249 0.000010
1250 0.000010
1251 0.000010
1252 0.000010
1253 0.000010
1254 0.000010
1255 0.000010
1256 0.000010
1257 0.000010
1258 0.000010
1259 0.000010
1260 0.000010
1261 0.000010
1262 0.000010
1263 0.000010
1264 0.000010
1265 0.000010
1266 0.000010
1267 0.000010
1268 0.000010
1269 0.000010
1270 0.000010
1271 0.000010
1272 0.000010
1273 0.000010
1274 0.000010
1275 0.000010
1276 0.000010
1277 0.000010
1278 0.000010
1279 0.000010
1280 0.000010
1281 0.000010
1282 0.000010
1283 0.000010
1284 0.000010
1285 0.000010
1286 0.000010
1287 0.000010
1288 0.000010
1289 0.000010
1290 0.000010
1291 0.000010
1292 0.000010
1293 0.000010
1294 0.000010
1295 0.000010
1296 0.000010
1297 0.000010
1298 0.000010
1299 0.000010
1300 0.000010
1301 0.000010
1302 0.000010
1303 0.000010
1304 0.000010
1305 0.000010
1306 0.000010
1307 0.000010
1308 0.000010
1309 0.000010
1310 0.000010
1311 0.000010
1312 0.000010
1313 0.000010
1314 0.000010
1315 0.000010
1316 0.000010
1317 0.000010
1318 0.000010
1319 0.000010
1320 0.000010
1321 0.000010
1322 0.000010
1323 0.000010
1324 0.000010
1325 0.000010
1326 0.000010
1327 0.000010
1328 0.000010
1329 0.000010
1330 0.000010
1331 0.000010
1332 0.000010
1333 0.000010
1334 0.000010
1335 0.000010
1336 0.000010
1337 0.000010
1338 0.000010
1339 0.000010
1340 0.000010
1341 0.000010
1342 0.000010
1343 0.000010
1344 0.000010
1345 0.000010
1346 0.000010
1347 0.000010
1348 0.000010
1349 0.000010
1350 0.000010
1351 0.000010
1352 0.000010
1353 0.000010
1354 0.000010
1355 0.000010
1356 0.000010
1357 0.000010
1358 0.000010
1359 0.000010
1360 0.000010
1361 0.000010
1362 0.000010
1363 0.000010
1364 0.000010
1365 0.000010
1366 0.000010
1367 0.000010
1368 0.000010
1369 0.000010
1370 0.000010
1371 0.000010
1372 0.000010
1373 0.000010
1374 0.000010
1375 0.000010
1376 0.000010
1377 0.000010
1378 0.000010
1379 0.000010
1380 0.000010
1381 0.000010
1382 0.000010
1383 0.000010
1384 0.000010
1385 0.000010
1386 0.000010
1387 0.000010
1388 0.000010
1389 0.000010
1390 0.000010
1391 0.000010
1392 0.000010
1393 0.000010
1394 0.000010
1395 0.000010
1396 0.000010
1397 0.000010
1398 0.000010
1399 0.000010
1400 0.000010
1401 0.000010
1402 0.000010
1403 0.000010
1404 0.000010
1405 0.000010
1406 0.000010
1407 0.000010
1408 0.000010
1409 0.000010
1410 0.000010
1411 0.000010
1412 0.000010
1413 0.000010
1414 0.000010
1415 0.000010
1416 0.000010
1417 0.000010
1418 0.000010
1419 0.000010
1420 0.000010
1421 0.000010
1422 0.000010
1423 0.000010
1424 0.000010
1425 0.000010
1426 0.000010
1427 0.000010
1428 0.000010
1429 0.000010
1430 0.000010
1431 0.000010
1432 0.000010
1433 0.000010
1434 0.000010
1435 0.000010
1436 0.000010
1437 0.000010
1438 0.000010
1439 0.000010
1440 0.000010
1441 0.000010
1442 0.000010
1443 0.000010
1444 0.000010
1445 0.000010
1446 0.000010
1447 0.000010
1448 0.000010
1449 0.000010
1450 0.000010
1451 0.000010
1452 0.000010
1453 0.000010
1454 0.000010
1455 0.000010
1456 0.000010
1457 0.000010
1458 0.000010
1459 0.000010
1460 0.000010
1461 0.000010
1462 0.000010
1463 0.000010
1464 0.000010
1465 0.000010
1466 0.000010
1467 0.000010
1468 0.000010
1469 0.000010
1470 0.000010
1471 0.000010
1472 0.000010
1473 0.000010
1474 0.000010
1475 0.000010
1476 0.000010
1477 0.000010
1478 0.000010
1479 0.000010
1480 0.000010
1481 0.000010
1482 0.000010
1483 0.000010
1484 0.000010
1485 0.000010
1486 0.000010
1487 0.000010
1488 0.000010
1489 0.000010
1490 0.000010
1491 0.000010
1492 0.000010
1493 0.000010
1494 0.000010
1495 0.000010
1496 0.000010
1497 0.000010
1498 0.000010
1499 0.000010
1500 0.000010
1501 0.000010
1502 0.000010
1503 0.000010
1504 0.000010
1505 0.000010
1506 0.000010
1507 0.000010
1508 0.000010
1509 0.000010
1510 0.000010
1511 0.000010
1512 0.000010
1513 0.000010
1514 0.000010
1515 0.000010
1516 0.000010
1517 0.000010
1518 0.000010
1519 0.000010
1520 0.000010
1521 0.000010
1522 0.000010
1523 0.000010
1524 0.000010
1525 0.000010
1526 0.000010
1527 0.000010
1528 0.000010
1529 0.000010
1530 0.000010
1531 0.000010
1532 0.000010
1533 0.000010
1534 0.000010
1535 0.000010
1536 0.000010
1537 0.000010
1538 0.000010
1539 0.000010
1540 0.000010
1541 0.000010
1542 0.000010
1543 0.000010
1544 0.000010
1545 0.000010
1546 0.000010
1547 0.000010
1548 0.000010
1549 0.000010
1550 0.000010
1551 0.000010
1552 0.000010
1553 0.000010
1554 0.000010
1555 0.000010
1556 0.000010
1557 0.000010
1558 0.000010
1559 0.000010
1560 0.000010
1561 0.000010
1562 0.000010
1563 0.000010
1564 0.000010
1565 0.000010
1566 0.000010
1567 0.000010
1568 0.000010
1569 0.000010
1570 0.000010
1571 0.000010
1572 0.000010
1573 0.000010
1574 0.000010
1575 0.000010
1576 0.000010
1577 0.000010
1578 0.000010
1579 0.000010
1580 0.000010
1581 0.000010
1582 0.000010
1583 0.000010
1584 0.000010
1585 0.000010
1586 0.000010
1587 0.000010
1588 0.000010
1589 0.000010
1590 0.000010
1591 0.000010
1592 0.000010
1593 0.000010
1594 0.000010
1595 0.000010
1596 0.000010
1597 0.000010
1598 0.000010
1599 0.000010
1600 0.000010
1601 0.000010
1602 0.000010
1603 0.000010
1604 0.000010
1605 0.000010
1606 0.000010
1607 0.000010
1608 0.000010
1609 0.000010
1610 0.000010
1611 0.000010
1612 0.000010
1613 0.000010
1614 0.000010
1615 0.000010
1616 0.000010
1617 0.000010
1618 0.000010
1619 0.000010
1620 0.000010
1621 0.000010
1622 0.000010
1623 0.000010
1624 0.000010
1625 0.000010
1626 0.000010
1627 0.000010
1628 0.000010
1629 0.000010
1630 0.000010
1631 0.000010
1632 0.000010
1633 0.000010
1634 0.000010
1635 0.000010
1636 0.000010
1637 0.000010
1638 0.000010
1639 0.000010
1640 0.000010
1641 0.000010
1642 0.000010
1643 0.000010
1644 0.000010
1645 0.000010
1646 0.000010
1647 0.000010
1648 0.000010
1649 0.000010
1650 0.000010
1651 0.000010
1652 0.000010
1653 0.000010
1654 0.000010
1655 0.000010
1656 0.000010
1657 0.000010
1658 0.000010
1659 0.000010
1660 0.000010
1661 0.000010
1662 0.000010
1663 0.000010
1664 0.000010
1665 0.000010
1666 0.000010
1667 0.000010
1668 0.000010
1669 0.000010
1670 0.000010
1671 0.000010
1672 0.000010
1673 0.000010
1674 0.000010
1675 0.000010
1676 0.000010
1677 0.000010
1678 0.000010
1679 0.000010
1680 0.000010
1681 0.000010
1682 0.000010
1683 0.000010
1684 0.000010
1685 0.000010
1686 0.000010
1687 0.000010
1688 0.000010
1689 0.000010
1690 0.000010
1691 0.000010
1692 0.000010
1693 0.000010
1694 0.000010
1695 0.000010
1696 0.000010
1697 0.000010
1698 0.000010
1699 0.000010
1700 0.000010
1701 0.000010
1702 0.000010
1703 0.000010
1704 0.000010
1705 0.000010
1706 0.000010
1707 0.000010
1708 0.000010
1709 0.000010
1710 0.000010
1711 0.000010
1712 0.000010
1713 0.000010
1714 0.000010
1715 0.000010
1716 0.000010
1717 0.000010
1718 0.000010
1719 0.000010
1720 0.000010
1721 0.000010
1722 0.000010
1723 0.000010
1724 0.000010
1725 0.000010
1726 0.000010
1727 0.000010
1728 0.000010
1729 0.000010
1730 0.000010
1731 0.000010
1732 0.000010
1733 0.000010
1734 0.000010
1735 0.000010
1736 0.000010
1737 0.000010
1738 0.000010
1739 0.000010
1740 0.000010
1741 0.000010
1742 0.000010
1743 0.000010
1744 0.000010
1745 0.000010
1746 0.000010
1747 0.000010
1748 0.000010
1749 0.000010
1750 0.000010
1751 0.000010
1752 0.000010
1753 0.000010
1754 0.000010
1755 0.000010
1756 0.000010
1757 0.000010
1758 0.000010
1759 0.000010
1760 0.000010
1761 0.000010
1762 0.000010
1763 0.000010
1764 0.000010
1765 0.000010
1766 0.000010
1767 0.000010
1768 0.000010
1769 0.000010
1770 0.000010
1771 0.000010
1772 0.000010
1773 0.000010
1774 0.000010
1775 0.000010
1776 0.000010
1777 0.000010
1778 0.000010
1779 0.000010
1780 0.000010
1781 0.000010
1782 0.000010
1783 0.000010
1784 0.000010
1785 0.000010
1786 0.000010
1787 0.000010
1788 0.000010
1789 0.000010
1790 0.000010
1791 0.000010
1792 0.000010
1793 0.000010
1794 0.000010
1795 0.000010
1796 0.000010
1797 0.000010
1798 0.000010
1799 0.000010
1800 0.000010
1801 0.000010
1802 0.000010
1803 0.000010
1804 0.000010
1805 0.000010
1806 0.000010
1807 0.000010
1808 0.000010
1809 0.000010
1810 0.000010
1811 0.000010
1812 0.000010
1813 0.000010
1814 0.000010
1815 0.000010
1816 0.000010
1817 0.000010
1818 0.000010
1819 0.000010
1820 0.000010
1821 0.000010
1822 0.000010
1823 0.000010
1824 0.000010
1825 0.000010
1826 0.000010
1827 0.000010
1828 0.000010
1829 0.000010
1830 0.000010
1831 0.000010
1832 0.000010
1833 0.000010
1834 0.000010
1835 0.000010
1836 0.000010
1837 0.000010
1838 0.000010
1839 0.000010
1840 0.000010
1841 0.000010
1842 0.000010
1843 0.000010
1844 0.000010
1845 0.000010
1846 0.000010
1847 0.000010
1848 0.000010
1849 0.000010
1850 0.000010
1851 0.000010
1852 0.000010
1853 0.000010
1854 0.000010
1855 0.000010
1856 0.000010
1857 0.000010
1858 0.000010
1859 0.000010
1860 0.000010
1861 0.000010
1862 0.000010
1863 0.000010
1864 0.000010
1865 0.000010
1866 0.000010
1867 0.000010
1868 0.000010
1869 0.000010
1870 0.000010
1871 0.000010
1872 0.000010
1873 0.000010
1874 0.000010
1875 0.000010
1876 0.000010
1877 0.000010
1878 0.000010
1879 0.000010
1880 0.000010
1881 0.000010
1882 0.000010
1883 0.000010
1884 0.000010
1885 0.000010
1886 0.000010
1887 0.000010
1888 0.000010
1889 0.000010
1890 0.000010
1891 0.000010
1892 0.000010
1893 0.000010
1894 0.000010
1895 0.000010
1896 0.000010
1897 0.000010
1898 0.000010
1899 0.000010
1900 0.000010
1901 0.000010
1902 0.000010
1903 0.000010
1904 0.000010
1905 0.000010
1906 0.000010
1907 0.000010
1908 0.000010
1909 0.000010
1910 0.000010
1911 0.000010
1912 0.000010
1913 0.000010
1914 0.000010
1915 0.000010
1916 0.000010
1917 0.000010
1918 0.000010
1919 0.000010
1920 0.000010
1921 0.000010
1922 0.000010
1923 0.000010
1924 0.000010
1925 0.000010
1926 0.000010
1927 0.000010
1928 0.000010
1929 0.000010
1930 0.000010
1931 0.000010
1932 0.000010
1933 0.000010
1934 0.000010
1935 0.000010
1936 0.000010
1937 0.000010
1938 0.000010
1939 0.000010
1940 0.000010
1941 0.000010
1942 0.000010
1943 0.000010
1944 0.000010
1945 0.000010
1946 0.000010
1947 0.000010
1948 0.000010
1949 0.000010
1950 0.000010
1951 0.000010
1952 0.000010
1953 0.000010
1954 0.000010
1955 0.000010
1956 0.000010
1957 0.000010
1958 0.000010
1959 0.000010
1960 0.000010
1961 0.000010
1962 0.000010
1963 0.000010
1964 0.000010
1965 0.000010
1966 0.000010
1967 0.000010
1968 0.000010
1969 0.000010
1970 0.000010
1971 0.000010
1972 0.000010
1973 0.000010
1974 0.000010
1975 0.000010
1976 0.000010
1977 0.000010
1978 0.000010
1979 0.000010
1980 0.000010
1981 0.000010
1982 0.000010
1983 0.000010
1984 0.000010
1985 0.000010
1986 0.000010
1987 0.000010
1988 0.000010
1989 0.000010
1990 0.000010
1991 0.000010
1992 0.000010
1993 0.000010
1994 0.000010
1995 0.000010
1996 0.000010
1997 0.000010
1998 0.000010
1999 0.000010
2000 0.000010
2001 0.000010
2002 0.000010
2003 0.000010
2004 0.000010
2005 0.000010
2006 0.000010
2007 0.000010
2008 0.000010
2009 0.000010
2010 0.000010
2011 0.000010
2012 0.000010
2013 0.000010
2014 0.000010
2015 0.000010
2016 0.000010
2017 0.000010
2018 0.000010
2019 0.000010
2020 0.000010
2021 0.000010
2022 0.000010
2023 0.000010
2024 0.000010
2025 0.000010
2026 0.000010
2027 0.000010
2028 0.000010
2029 0.000010
2030 0.000010
2031 0.000010
2032 0.000010
2033 0.000010
2034 0.000010
2035 0.000010
2036 0.000010
2037 0.000010
2038 0.000010
2039 0.000010
2040 0.000010
2041 0.000010
2042 0.000010
2043 0.000010
2044 0.000010
2045 0.000010
2046 0.000010
2047 0.000010
2048 0.000010
2049 0.000010
2050 0.000010
2051 0.000010
2052 0.000010
2053 0.000010
2054 0.000010
2055 0.000010
2056 0.000010
2057 0.000010
2058 0.000010
2059 0.000010
2060 0.000010
2061 0.000010
2062 0.000010
2063 0.000010
2064 0.000010
2065 0.000010
2066 0.000010
2067 0.000010
2068 0.000010
2069 0.000010
2070 0.000010
2071 0.000010
2072 0.000010
2073 0.000010
2074 0.000010
2075 0.000010
2076 0.000010
2077 0.000010
2078 0.000010
2079 0.000010
2080 0.000010
2081 0.000010
2082 0.000010
2083 0.000010
2084 0.000010
2085 0.000010
2086 0.000010
2087 0.000010
2088 0.000010
2089 0.000010
2090 0.000010
2091 0.000010
2092 0.000010
2093 0.000010
2094 0.000010
2095 0.000010
2096 0.000010
2097 0.000010
2098 0.000010
2099 0.000010
2100 0.000010
2101 0.000010
2102 0.000010
2103 0.000010
2104 0.000010
2105 0.000010
2106 0.000010
2107 0.000010
2108 0.000010
2109 0.000010
2110 0.000010
2111 0.000010
2112 0.000010
2113 0.000010
2114 0.000010
2115 0.000010
2116 0.000010
2117 0.000010
2118 0.000010
2119 0.000010
2120 0.000010
2121 0.000010
2122 0.000010
2123 0.000010
2124 0.000010
2125 0.000010
2126 0.000010
2127 0.000010
2128 0.000010
2129 0.000010
2130 0.000010
2131 0.000010
2132 0.000010
2133 0.000010
2134 0.000010
2135 0.000010
2136 0.000010
2137 0.000010
2138 0.000010
2139 0.000010
2140 0.000010
2141 0.000010
2142 0.000010
2143 0.000010
2144 0.000010
2145 0.000010
2146 0.000010
2147 0.000010
2148 0.000010
2149 0.000010
2150 0.000010
2151 0.000010
2152 0.000010
2153 0.000010
2154 0.000010
2155 0.000010
2156 0.000010
2157 0.000010
2158 0.000010
2159 0.000010
2160 0.000010
2161 0.000010
2162 0.000010
2163 0.000010
2164 0.000010
2165 0.000010
2166 0.000010
2167 0.000010
2168 0.000010
2169 0.000010
2170 0.000010
2171 0.000010
2172 0.000010
2173 0.000010
2174 0.000010
2175 0.000010
2176 0.000010
2177 0.000010
2178 0.000010
2179 0.000010
2180 0.000010
2181 0.000010
2182 0.000010
2183 0.000010
2184 0.000010
2185 0.000010
2186 0.000010
2187 0.000010
2188 0.000010
2189 0.000010
2190 0.000010
2191 0.000010
2192 0.000010
2193 0.000010
2194 0.000010
2195 0.000010
2196 0.000010
2197 0.000010
2198 0.000010
2199 0.000010
2200 0.000010
2201 0.000010
2202 0.000010
2203 0.000010
2204 0.000010
2205 0.000010
2206 0.000010
2207 0.000010
2208 0.000010
2209 0.000010
2210 0.000010
2211 0.000010
2212 0.000010
2213 0.000010
2214 0.000010
2215 0.000010
2216 0.000010
2217 0.000010
2218 0.000010
2219 0.000010
2220 0.000010
2221 0.000010
2222 0.000010
2223 0.000010
2224 0.000010
2225 0.000010
2226 0.000010
2227 0.000010
2228 0.000010
2229 0.000010
2230 0.000010
2231 0.000010
2232 0.000010
2233 0.000010
2234 0.000010
2235 0.000010
2236 0.000010
2237 0.000010
2238 0.000010
2239 0.000010
2240 0.000010
2241 0.000010
2242 0.000010
2243 0.000010
2244 0.000010
2245 0.000010
2246 0.000010
2247 0.000010
2248 0.000010
2249 0.000010
2250 0.000010
2251 0.000010
2252 0.000010
2253 0.000010
2254 0.000010
2255 0.000010
2256 0.000010
2257 0.000010
2258 0.000010
2259 0.000010
2260 0.000010
2261 0.000010
2262 0.000010
2263 0.000010
2264 0.000010
2265 0.000010
2266 0.000010
2267 0.000010
2268 0.000010
2269 0.000010
2270 0.000010
2271 0.000010
2272 0.000010
2273 0.000010
2274 0.000010
2275 0.000010
2276 0.000010
2277 0.000010
2278 0.000010
2279 0.000010
2280 0.000010
2281 0.000010
2282 0.000010
2283 0.000010
2284 0.000010
2285 0.000010
2286 0.000010
2287 0.000010
2288 0.000010
2289 0.000010
2290 0.000010
2291 0.000010
2292 0.000010
2293 0.000010
2294 0.000010
2295 0.000010
2296 0.000010
2297 0.000010
2298 0.000010
2299 0.000010
2300 0.000010
2301 0.000010
2302 0.000010
2303 0.000010
2304 0.000010
2305 0.000010
2306 0.000010
2307 0.000010
2308 0.000010
2309 0.000010
2310 0.000010
2311 0.000010
2312 0.000010
2313 0.000010
2314 0.000010
2315 0.000010
2316 0.000010
2317 0.000010
2318 0.000010
2319 0.000010
2320 0.000010
2321 0.000010
2322 0.000010
2323 0.000010
2324 0.000010
2325 0.000010
2326 0.000010
2327 0.000010
2328 0.000010
2329 0.000010
2330 0.000010
2331 0.000010
2332 0.000010
2333 0.000010
2334 0.000010
2335 0.000010
2336 0.000010
2337 0.000010
2338 0.000010
2339 0.000010
2340 0.000010
2341 0.000010
2342 0.000010
2343 0.000010
2344 0.000010
2345 0.000010
2346 0.000010
2347 0.000010
2348 0.000010
2349 0.000010
2350 0.000010
2351 0.000010
2352 0.000010
2353 0.000010
2354 0.000010
2355 0.000010
2356 0.000010
2357 0.000010
2358 0.000010
2359 0.000010
2360 0.000010
2361 0.000010
2362 0.000010
2363 0.000010
2364 0.000010
2365 0.000010
2366 0.000010
2367 0.000010
2368 0.000010
2369 0.000010
2370 0.000010
2371 0.000010
2372 0.000010
2373 0.000010
2374 0.000010
2375 0.000010
2376 0.000010
2377 0.000010
2378 0.000010
2379 0.000010
2380 0.000010
2381 0.000010
2382 0.000010
2383 0.000010
2384 0.000010
2385 0.000010
2386 0.000010
2387 0.000010
2388 0.000010
2389 0.000010
2390 0.000010
2391 0.000010
2392 0.000010
2393 0.000010
2394 0.000010
2395 0.000010
2396 0.000010
2397 0.000010
2398 0.000010
2399 0.000010
2400 0.000010
2401 0.000010
2402 0.000010
2403 0.000010
2404 0.000010
2405 0.000010
2406 0.000010
2407 0.000010
2408 0.000010
2409 0.000010
2410 0.000010
2411 0.000010
2412 0.000010
2413 0.000010
2414 0.000010
2415 0.000010
2416 0.000010
2417 0.000010
2418 0.000010
2419 0.000010
2420 0.000010
2421 0.000010
2422 0.000010
2423 0.000010
2424 0.000010
2425 0.000010
2426 0.000010
2427 0.000010
2428 0.000010
2429 0.000010
2430 0.000010
2431 0.000010
2432 0.000010
2433 0.000010
2434 0.000010
2435 0.000010
2436 0.000010
2437 0.000010
2438 0.000010
2439 0.000010
2440 0.000010
2441 0.000010
2442 0.000010
2443 0.000010
2444 0.000010
2445 0.000010
2446 0.000010
2447 0.000010
2448 0.000010
2449 0.000010
2450 0.000010
2451 0.000010
2452 0.000010
2453 0.000010
2454 0.000010
2455 0.000010
2456 0.000010
2457 0.000010
2458 0.000010
2459 0.000010
2460 0.000010
2461 0.000010
2462 0.000010
2463 0.000010
2464 0.000010
2465 0.000010
2466 0.000010
2467 0.000010
2468 0.000010
2469 0.000010
2470 0.000010
2471 0.000010
2472 0.000010
2473 0.000010
2474 0.000010
2475 0.000010
2476 0.000010
2477 0.000010
2478 0.000010
2479 0.000010
2480 0.000010
2481 0.000010
2482 0.000010
2483 0.000010
2484 0.000010
2485 0.000010
2486 0.000010
2487 0.000010
2488 0.000010
2489 0.000010
2490 0.000010
2491 0.000010
2492 0.000010
2493 0.000010
2494 0.000010
2495 0.000010
2496 0.000010
2497 0.000010
2498 0.000010
2499 0.000010
2500 0.000010
2501 0.000010
2502 0.000010
2503 0.000010
2504 0.000010
2505 0.000010
2506 0.000010
2507 0.000010
2508 0.000010
2509 0.000010
2510 0.000010
2511 0.000010
2512 0.000010
2513 0.000010
2514 0.000010
2515 0.000010
2516 0.000010
2517 0.000010
2518 0.000010
2519 0.000010
2520 0.000010
2521 0.000010
2522 0.000010
2523 0.000010
2524 0.000010
2525 0.000010
2526 0.000010
2527 0.000010
2528 0.000010
2529 0.000010
2530 0.000010
2531 0.000010
2532 0.000010
2533 0.000010
2534 0.000010
2535 0.000010
2536 0.000010
2537 0.000010
2538 0.000010
2539 0.000010
2540 0.000010
2541 0.000010
2542 0.000010
2543 0.000010
2544 0.000010
2545 0.000010
2546 0.000010
2547 0.000010
2548 0.000010
2549 0.000010
2550 0.000010
2551 0.000010
2552 0.000010
2553 0.000010
2554 0.000010
2555 0.000010
2556 0.000010
2557 0.000010
2558 0.000010
2559 0.000010
2560 0.000010
2561 0.000010
2562 0.000010
2563 0.000010
2564 0.000010
2565 0.000010
2566 0.000010
2567 0.000010
2568 0.000010
2569 0.000010
2570 0.000010
2571 0.000010
2572 0.000010
2573 0.000010
2574 0.000010
2575 0.000010
2576 0.000010
2577 0.000010
2578 0.000010
2579 0.000010
2580 0.000010
2581 0.000010
2582 0.000010
2583 0.000010
2584 0.000010
2585 0.000010
2586 0.000010
2587 0.000010
2588 0.000010
2589 0.000010
2590 0.000010
2591 0.000010
2592 0.000010
2593 0.000010
2594 0.000010
2595 0.000010
2596 0.000010
2597 0.000010
2598 0.000010
2599 0.000010
2600 0.000010
2601 0.000010
2602 0.000010
2603 0.000010
2604 0.000010
2605 0.000010
2606 0.000010
2607 0.000010
2608 0.000010
2609 0.000010
2610 0.000010
2611 0.000010
2612 0.000010
2613 0.000010
2614 0.000010
2615 0.000010
2616 0.000010
2617 0.000010
2618 0.000010
2619 0.000010
2620 0.000010
2621 0.000010
2622 0.000010
2623 0.000010
2624 0.000010
2625 0.000010
2626 0.000010
2627 0.000010
2628 0.000010
2629 0.000010
2630 0.000010
2631 0.000010
2632 0.000010
2633 0.000010
2634 0.000010
2635 0.000010
2636 0.000010
2637 0.000010
2638 0.000010
2639 0.000010
2640 0.000010
2641 0.000010
2642 0.000010
2643 0.000010
2644 0.000010
2645 0.000010
2646 0.000010
2647 0.000010
2648 0.000010
2649 0.000010
2650 0.000010
2651 0.000010
2652 0.000010
2653 0.000010
2654 0.000010
2655 0.000010
2656 0.000010
2657 0.000010
2658 0.000010
2659 0.000010
2660 0.000010
2661 0.000010
2662 0.000010
2663 0.000010
2664 0.000010
2665 0.000010
2666 0.000010
2667 0.000010
2668 0.000010
2669 0.000010
2670 0.000010
2671 0.000010
2672 0.000010
2673 0.000010
2674 0.000010
2675 0.000010
2676 0.000010
2677 0.000010
2678 0.000010
2679 0.000010
2680 0.000010
2681 0.000010
2682 0.000010
2683 0.000010
2684 0.000010
2685 0.000010
2686 0.000010
2687 0.000010
2688 0.000010
2689 0.000010
2690 0.000010
2691 0.000010
2692 0.000010
2693 0.000010
2694 0.000010
2695 0.000010
2696 0.000010
2697 0.000010
2698 0.000010
2699 0.000010
2700 0.000010
2701 0.000010
2702 0.000010
2703 0.000010
2704 0.000010
2705 0.000010
2706 0.000010
2707 0.000010
2708 0.000010
2709 0.000010
2710 0.000010
2711 0.000010
2712 0.000010
2713 0.000010
2714 0.000010
2715 0.000010
2716 0.000010
2717 0.000010
2718 0.000010
2719 0.000010
2720 0.000010
2721 0.000010
2722 0.000010
2723 0.000010
2724 0.000010
2725 0.000010
2726 0.000010
2727 0.000010
2728 0.000010
2729 0.000010
2730 0.000010
2731 0.000010
2732 0.000010
2733 0.000010
2734 0.000010
2735 0.000010
2736 0.000010
2737 0.000010
2738 0.000010
2739 0.000010
2740 0.000010
2741 0.000010
2742 0.000010
2743 0.000010
2744 0.000010
2745 0.000010
2746 0.000010
2747 0.000010
2748 0.000010
2749 0.000010
2750 0.000010
2751 0.000010
2752 0.000010
2753 0.000010
2754 0.000010
2755 0.000010
2756 0.000010
2757 0.000010
2758 0.000010
2759 0.000010
2760 0.000010
2761 0.000010
2762 0.000010
2763 0.000010
2764 0.000010
2765 0.000010
2766 0.000010
2767 0.000010
2768 0.000010
2769 0.000010
2770 0.000010
2771 0.000010
2772 0.000010
2773 0.000010
2774 0.000010
2775 0.000010
2776 0.000010
2777 0.000010
2778 0.000010
2779 0.000010
2780 0.000010
2781 0.000010
2782 0.000010
2783 0.000010
2784 0.000010
2785 0.000010
2786 0.000010
2787 0.000010
2788 0.000010
2789 0.000010
2790 0.000010
2791 0.000010
2792 0.000010
2793 0.000010
2794 0.000010
2795 0.000010
2796 0.000010
2797 0.000010
2798 0.000010
2799 0.000010
2800 0.000010
2801 0.000010
2802 0.000010
2803 0.000010
2804 0.000010
2805 0.000010
2806 0.000010
2807 0.000010
2808 0.000010
2809 0.000010
2810 0.000010
2811 0.000010
2812 0.000010
2813 0.000010
2814 0.000010
2815 0.000010
2816 0.000010
2817 0.000010
2818 0.000010
2819 0.000010
2820 0.000010
2821 0.000010
2822 0.000010
2823 0.000010
2824 0.000010
2825 0.000010
2826 0.000010
2827 0.000010
2828 0.000010
2829 0.000010
2830 0.000010
2831 0.000010
2832 0.000010
2833 0.000010
2834 0.000010
2835 0.000010
2836 0.000010
2837 0.000010
2838 0.000010
2839 0.000010
2840 0.000010
2841 0.000010
2842 0.000010
2843 0.000010
2844 0.000010
2845 0.000010
2846 0.000010
2847 0.000010
2848 0.000010
2849 0.000010
2850 0.000010
2851 0.000010
2852 0.000010
2853 0.000010
2854 0.000010
2855 0.000010
2856 0.000010
2857 0.000010
2858 0.000010
2859 0.000010
2860 0.000010
2861 0.000010
2862 0.000010
2863 0.000010
2864 0.000010
2865 0.000010
2866 0.000010
2867 0.000010
2868 0.000010
2869 0.000010
2870 0.000010
2871 0.000010
2872 0.000010
2873 0.000010
2874 0.000010
2875 0.000010
2876 0.000010
2877 0.000010
2878 0.000010
2879 0.000010
2880 0.000010
2881 0.000010
2882 0.000010
2883 0.000010
2884 0.000010
2885 0.000010
2886 0.000010
2887 0.000010
2888 0.000010
2889 0.000010
2890 0.000010
2891 0.000010
2892 0.000010
2893 0.000010
2894 0.000010
2895 0.000010
2896 0.000010
2897 0.000010
2898 0.000010
2899 0.000010
2900 0.000010
2901 0.000010
2902 0.000010
2903 0.000010
2904 0.000010
2905 0.000010
2906 0.000010
2907 0.000010
2908 0.000010
2909 0.000010
2910 0.000010
2911 0.000010
2912 0.000010
2913 0.000010
2914 0.000010
2915 0.000010
2916 0.000010
2917 0.000010
2918 0.000010
2919 0.000010
2920 0.000010
2921 0.000010
2922 0.000010
2923 0.000010
2924 0.000010
2925 0.000010
2926 0.000010
2927 0.000010
2928 0.000010
2929 0.000010
2930 0.000010
2931 0.000010
2932 0.000010
2933 0.000010
2934 0.000010
2935 0.000010
2936 0.000010
2937 0.000010
2938 0.000010
2939 0.000010
2940 0.000010
2941 0.000010
2942 0.000010
2943 0.000010
2944 0.000010
2945 0.000010
2946 0.000010
2947 0.000010
2948 0.000010
2949 0.000010
2950 0.000010
2951 0.000010
2952 0.000010
2953 0.000010
2954 0.000010
2955 0.000010
2956 0.000010
2957 0.000010
2958 0.000010
2959 0.000010
2960 0.000010
2961 0.000010
2962 0.000010
2963 0.000010
2964 0.000010
2965 0.000010
2966 0.000010
2967 0.000010
2968 0.000010
2969 0.000010
2970 0.000010
2971 0.000010
2972 0.000010
2973 0.000010
2974 0.000010
2975 0.000010
2976 0.000010
2977 0.000010
2978 0.000010
2979 0.000010
2980 0.000010
2981 0.000010
2982 0.000010
2983 0.000010
2984 0.000010
2985 0.000010
2986 0.000010
2987 0.000010
2988 0.000010
2989 0.000010
2990 0.000010
2991 0.000010
2992 0.000010
2993 0.000010
2994 0.000010
2995 0.000010
2996 0.000010
2997 0.000010
2998 0.000010
2999 0.000010
3000 0.000010
3001 0.000010
3002 0.000010
3003 0.000010
3004 0.000010
3005 0.000010
3006 0.000010
3007 0.000010
3008 0.000010
3009 0.000010
3010 0.000010
3011 0.000010
3012 0.000010
3013 0.000010
3014 0.000010
3015 0.000010
3016 0.000010
3017 0.000010
3018 0.000010
3019 0.000010
3020 0.000010
3021 0.000010
3022 0.000010
3023 0.000010
3024 0.000010
3025 0.000010
3026 0.000010
3027 0.000010
3028 0.000010
3029 0.000010
3030 0.000010
3031 0.000010
3032 0.000010
3033 0.000010
3034 0.000010
3035 0.000010
3036 0.000010
3037 0.000010
3038 0.000010
3039 0.000010
3040 0.000010
3041 0.000010
3042 0.000010
3043 0.000010
3044 0.000010
3045 0.000010
3046 0.000010
3047 0.000010
3048 0.000010
3049 0.000010
3050 0.000010
3051 0.000010
3052 0.000010
3053 0.000010
3054 0.000010
3055 0.000010
3056 0.000010
3057 0.000010
3058 0.000010
3059 0.000010
3060 0.000010
3061 0.000010
3062 0.000010
3063 0.000010
3064 0.000010
3065 0.000010
3066 0.000010
3067 0.000010
3068 0.000010
3069 0.000010
3070 0.000010
3071 0.000010
3072 0.000010
3073 0.000010
3074 0.000010
3075 0.000010
3076 0.000010
3077 0.000010
3078 0.000010
3079 0.000010
3080 0.000010
3081 0.000010
3082 0.000010
3083 0.000010
3084 0.000010
3085 0.000010
3086 0.000010
3087 0.000010
3088 0.000010
3089 0.000010
3090 0.000010
3091 0.000010
3092 0.000010
3093 0.000010
3094 0.000010
3095 0.000010
3096 0.000010
3097 0.000010
3098 0.000010
3099 0.000010
3100 0.000010
3101 0.000010
3102 0.000010
3103 0.000010
3104 0.000010
3105 0.000010
3106 0.000010
3107 0.000010
3108 0.000010
3109 0.000010
3110 0.000010
3111 0.000010
3112 0.000010
3113 0.000010
3114 0.000010
3115 0.000010
3116 0.000010
3117 0.000010
3118 0.000010
3119 0.000010
3120 0.000010
3121 0.000010
3122 0.000010
3123 0.000010
3124 0.000010
3125 0.000010
3126 0.000010
3127 0.000010
3128 0.000010
3129 0.000010
3130 0.000010
3131 0.000010
3132 0.000010
3133 0.000010
3134 0.000010
3135 0.000010
3136 0.000010
3137 0.000010
3138 0.000010
3139 0.000010
3140 0.000010
3141 0.000010
3142 0.000010
3143 0.000010
3144 0.000010
3145 0.000010
3146 0.000010
3147 0.000010
3148 0.000010
3149 0.000010
3150 0.000010
3151 0.000010
3152 0.000010
3153 0.000010
3154 0.000010
3155 0.000010
3156 0.000010
3157 0.000010
3158 0.000010
3159 0.000010
3160 0.000010
3161 0.000010
3162 0.000010
3163 0.000010
3164 0.000010
3165 0.000010
3166 0.000010
3167 0.000010
3168 0.000010
3169 0.000010
3170 0.000010
3171 0.000010
3172 0.000010
3173 0.000010
3174 0.000010
3175 0.000010
3176 0.000010
3177 0.000010
3178 0.000010
3179 0.000010
3180 0.000010
3181 0.000010
3182 0.000010
3183 0.000010
3184 0.000010
3185 0.000010
3186 0.000010
3187 0.000010
3188 0.000010
3189 0.000010
3190 0.000010
3191 0.000010
3192 0.000010
3193 0.000010
3194 0.000010
3195 0.000010
3196 0.000010
3197 0.000010
3198 0.000010
3199 0.000010
3200 0.000010
3201 0.000010
3202 0.000010
3203 0.000010
3204 0.000010
3205 0.000010
3206 0.000010
3207 0.000010
3208 0.000010
3209 0.000010
3210 0.000010
3211 0.000010
3212 0.000010
3213 0.000010
3214 0.000010
3215 0.000010
3216 0.000010
3217 0.000010
3218 0.000010
3219 0.000010
3220 0.000010
3221 0.000010
3222 0.000010
3223 0.000010
3224 0.000010
3225 0.000010
3226 0.000010
3227 0.000010
3228 0.000010
3229 0.000010
3230 0.000010
3231 0.000010
3232 0.000010
3233 0.000010
3234 0.000010
3235 0.000010
3236 0.000010
3237 0.000010
3238 0.000010
3239 0.000010
3240 0.000010
3241 0.000010
3242 0.000010
3243 0.000010
3244 0.000010
3245 0.000010
3246 0.000010
3247 0.000010
3248 0.000010
3249 0.000010
3250 0.000010
3251 0.000010
3252 0.000010
3253 0.000010
3254 0.000010
3255 0.000010
3256 0.000010
3257 0.000010
3258 0.000010
3259 0.000010
3260 0.000010
3261 0.000010
3262 0.000010
3263 0.000010
3264 0.000010
3265 0.000010
3266 0.000010
3267 0.000010
3268 0.000010
3269 0.000010
3270 0.000010
3271 0.000010
3272 0.000010
3273 0.000010
3274 0.000010
3275 0.000010
3276 0.000010
3277 0.000010
3278 0.000010
3279 0.000010
3280 0.000010
3281 0.000010
3282 0.000010
3283 0.000010
3284 0.000010
3285 0.000010
3286 0.000010
3287 0.000010
3288 0.000010
3289 0.000010
3290 0.000010
3291 0.000010
3292 0.000010
3293 0.000010
3294 0.000010
3295 0.000010
3296 0.000010
3297 0.000010
3298 0.000010
3299 0.000010
3300 0.000010
3301 0.000010
3302 0.000010
3303 0.000010
3304 0.000010
3305 0.000010
3306 0.000010
3307 0.000010
3308 0.000010
3309 0.000010
3310 0.000010
3311 0.000010
3312 0.000010
3313 0.000010
3314 0.000010
3315 0.000010
3316 0.000010
3317 0.000010
3318 0.000010
3319 0.000010
3320 0.000010
3321 0.000010
3322 0.000010
3323 0.000010
3324 0.000010
3325 0.000010
3326 0.000010
3327 0.000010
3328 0.000010
3329 0.000010
3330 0.000010
3331 0.000010
3332 0.000010
3333 0.000010
3334 0.000010
3335 0.000010
3336 0.000010
3337 0.000010
3338 0.000010
3339 0.000010
3340 0.000010
3341 0.000010
3342 0.000010
3343 0.000010
3344 0.000010
3345 0.000010
3346 0.000010
3347 0.000010
3348 0.000010
3349 0.000010
3350 0.000010
3351 0.000010
3352 0.000010
3353 0.000010
3354 0.000010
3355 0.000010
3356 0.000010
3357 0.000010
3358 0.000010
3359 0.000010
3360 0.000010
3361 0.000010
3362 0.000010
3363 0.000010
3364 0.000010
3365 0.000010
3366 0.000010
3367 0.000010
3368 0.000010
3369 0.000010
3370 0.000010
3371 0.000010
3372 0.000010
3373 0.000010
3374 0.000010
3375 0.000010
3376 0.000010
3377 0.000010
3378 0.000010
3379 0.000010
3380 0.000010
3381 0.000010
3382 0.000010
3383 0.000010
3384 0.000010
3385 0.000010
3386 0.000010
3387 0.000010
3388 0.000010
3389 0.000010
3390 0.000010
3391 0.000010
3392 0.000010
3393 0.000010
3394 0.000010
3395 0.000010
3396 0.000010
3397 0.000010
3398 0.000010
3399 0.000010
3400 0.000010
3401 0.000010
3402 0.000010
3403 0.000010
3404 0.000010
3405 0.000010
3406 0.000010
3407 0.000010
3408 0.000010
3409 0.000010
3410 0.000010
3411 0.000010
3412 0.000010
3413 0.000010
3414 0.000010
3415 0.000010
3416 0.000010
3417 0.000010
3418 0.000010
3419 0.000010
3420 0.000010
3421 0.000010
3422 0.000010
3423 0.000010
3424 0.000010
3425 0.000010
3426 0.000010
3427 0.000010
3428 0.000010
3429 0.000010
3430 0.000010
3431 0.000010
3432 0.000010
3433 0.000010
3434 0.000010
3435 0.000010
3436 0.000010
3437 0.000010
3438 0.000010
3439 0.000010
3440 0.000010
3441 0.000010
3442 0.000010
3443 0.000010
3444 0.000010
3445 0.000010
3446 0.000010
3447 0.000010
3448 0.000010
3449 0.000010
3450 0.000010
3451 0.000010
3452 0.000010
3453 0.000010
3454 0.000010
3455 0.000010
3456 0.000010
3457 0.000010
3458 0.000010
3459 0.000010
3460 0.000010
3461 0.000010
3462 0.000010
3463 0.000010
3464 0.000010
3465 0.000010
3466 0.000010
3467 0.000010
3468 0.000010
3469 0.000010
3470 0.000010
3471 0.000010
3472 0.000010
3473 0.000010
3474 0.000010
3475 0.000010
3476 0.000010
3477 0.000010
3478 0.000010
3479 0.000010
3480 0.000010
3481 0.000010
3482 0.000010
3483 0.000010
3484 0.000010
3485 0.000010
3486 0.000010
3487 0.000010
3488 0.000010
3489 0.000010
3490 0.000010
3491 0.000010
3492 0.000010
3493 0.000010
3494 0.000010
3495 0.000010
3496 0.000010
3497 0.000010
3498 0.000010
3499 0.000010
3500 0.000010
3501 0.000010
3502 0.000010
3503 0.000010
3504 0.000010
3505 0.000010
3506 0.000010
3507 0.000010
3508 0.000010
3509 0.000010
3510 0.000010
3511 0.000010
3512 0.000010
3513 0.000010
3514 0.000010
3515 0.000010
3516 0.000010
3517 0.000010
3518 0.000010
3519 0.000010
3520 0.000010
3521 0.000010
3522 0.000010
3523 0.000010
3524 0.000010
3525 0.000010
3526 0.000010
3527 0.000010
3528 0.000010
3529 0.000010
3530 0.000010
3531 0.000010
3532 0.000010
3533 0.000010
3534 0.000010
3535 0.000010
3536 0.000010
3537 0.000010
3538 0.000010
3539 0.000010
3540 0.000010
3541 0.000010
3542 0.000010
3543 0.000010
3544 0.000010
3545 0.000010
3546 0.000010
3547 0.000010
3548 0.000010
3549 0.000010
3550 0.000010
3551 0.000010
3552 0.000010
3553 0.000010
3554 0.000010
3555 0.000010
3556 0.000010
3557 0.000010
3558 0.000010
3559 0.000010
3560 0.000010
3561 0.000010
3562 0.000010
3563 0.000010
3564 0.000010
3565 0.000010
3566 0.000010
3567 0.000010
3568 0.000010
3569 0.000010
3570 0.000010
3571 0.000010
3572 0.000010
3573 0.000010
3574 0.000010
3575 0.000010
3576 0.000010
3577 0.000010
3578 0.000010
3579 0.000010
3580 0.000010
3581 0.000010
3582 0.000010
3583 0.000010
3584 0.000010
3585 0.000010
3586 0.000010
3587 0.000010
3588 0.000010
3589 0.000010
3590 0.000010
3591 0.000010
3592 0.000010
3593 0.000010
3594 0.000010
3595 0.000010
3596 0.000010
3597 0.000010
3598 0.000010
3599 0.000010
3600 0.000010
3601 0.000010
3602 0.000010
3603 0.000010
3604 0.000010
3605 0.000010
3606 0.000010
3607 0.000010
3608 0.000010
3609 0.000010
3610 0.000010
3611 0.000010
3612 0.000010
3613 0.000010
3614 0.000010
3615 0.000010
3616 0.000010
3617 0.000010
3618 0.000010
3619 0.000010
3620 0.000010
3621 0.000010
3622 0.000010
3623 0.000010
3624 0.000010
3625 0.000010
3626 0.000010
3627 0.000010
3628 0.000010
3629 0.000010
3630 0.000010
3631 0.000010
3632 0.000010
3633 0.000010
3634 0.000010
3635 0.000010
3636 0.000010
3637 0.000010
3638 0.000010
3639 0.000010
3640 0.000010
3641 0.000010
3642 0.000010
3643 0.000010
3644 0.000010
3645 0.000010
3646 0.000010
3647 0.000010
3648 0.000010
3649 0.000010
3650 0.000010
3651 0.000010
3652 0.000010
3653 0.000010
3654 0.000010
3655 0.000010
3656 0.000010
3657 0.000010
3658 0.000010
3659 0.000010
3660 0.000010
3661 0.000010
3662 0.000010
3663 0.000010
3664 0.000010
3665 0.000010
3666 0.000010
3667 0.000010
3668 0.000010
3669 0.000010
3670 0.000010
3671 0.000010
3672 0.000010
3673 0.000010
3674 0.000010
3675 0.000010
3676 0.000010
3677 0.000010
3678 0.000010
3679 0.000010
3680 0.000010
3681 0.000010
3682 0.000010
3683 0.000010
3684 0.000010
3685 0.000010
3686 0.000010
3687 0.000010
3688 0.000010
3689 0.000010
3690 0.000010
3691 0.000010
3692 0.000010
3693 0.000010
3694 0.000010
3695 0.000010
3696 0.000010
3697 0.000010
3698 0.000010
3699 0.000010
3700 0.000010
3701 0.000010
3702 0.000010
3703 0.000010
3704 0.000010
3705 0.000010
3706 0.000010
3707 0.000010
3708 0.000010
3709 0.000010
3710 0.000010
3711 0.000010
3712 0.000010
3713 0.000010
3714 0.000010
3715 0.000010
3716 0.000010
3717 0.000010
3718 0.000010
3719 0.000010
3720 0.000010
3721 0.000010
3722 0.000010
3723 0.000010
3724 0.000010
3725 0.000010
3726 0.000010
3727 0.000010
3728 0.000010
3729 0.000010
3730 0.000010
3731 0.000010
3732 0.000010
3733 0.000010
3734 0.000010
3735 0.000010
3736 0.000010
3737 0.000010
3738 0.000010
3739 0.000010
3740 0.000010
3741 0.000010
3742 0.000010
3743 0.000010
3744 0.000010
3745 0.000010
3746 0.000010
3747 0.000010
3748 0.000010
3749 0.000010
3750 0.000010
3751 0.000010
3752 0.000010
3753 0.000010
3754 0.000010
3755 0.000010
3756 0.000010
3757 0.000010
3758 0.000010
3759 0.000010
3760 0.000010
3761 0.000010
3762 0.000010
3763 0.000010
3764 0.000010
3765 0.000010
3766 0.000010
3767 0.000010
3768 0.000010
3769 0.000010
3770 0.000010
3771 0.000010
3772 0.000010
3773 0.000010
3774 0.000010
3775 0.000010
3776 0.000010
3777 0.000010
3778 0.000010
3779 0.000010
3780 0.000010
3781 0.000010
3782 0.000010
3783 0.000010
3784 0.000010
3785 0.000010
3786 0.000010
3787 0.000010
3788 0.000010
3789 0.000010
3790 0.000010
3791 0.000010
3792 0.000010
3793 0.000010
3794 0.000010
3795 0.000010
3796 0.000010
3797 0.000010
3798 0.000010
3799 0.000010
3800 0.000010
3801 0.000010
3802 0.000010
3803 0.000010
3804 0.000010
3805 0.000010
3806 0.000010
3807 0.000010
3808 0.000010
3809 0.000010
3810 0.000010
3811 0.000010
3812 0.000010
3813 0.000010
3814 0.000010
3815 0.000010
3816 0.000010
3817 0.000010
3818 0.000010
3819 0.000010
3820 0.000010
3821 0.000010
3822 0.000010
3823 0.000010
3824 0.000010
3825 0.000010
3826 0.000010
3827 0.000010
3828 0.000010
3829 0.000010
3830 0.000010
3831 0.000010
3832 0.000010
3833 0.000010
3834 0.000010
3835 0.000010
3836 0.000010
3837 0.000010
3838 0.000010
3839 0.000010
3840 0.000010
3841 0.000010
3842 0.000010
3843 0.000010
3844 0.000010
3845 0.000010
3846 0.000010
3847 0.000010
3848 0.000010
3849 0.000010
3850 0.000010
3851 0.000010
3852 0.000010
3853 0.000010
3854 0.000010
3855 0.000010
3856 0.000010
3857 0.000010
3858 0.000010
3859 0.000010
3860 0.000010
3861 0.000010
3862 0.000010
3863 0.000010
3864 0.000010
3865 0.000010
3866 0.000010
3867 0.000010
3868 0.000010
3869 0.000010
3870 0.000010
3871 0.000010
3872 0.000010
3873 0.000010
3874 0.000010
3875 0.000010
3876 0.000010
3877 0.000010
3878 0.000010
3879 0.000010
3880 0.000010
3881 0.000010
3882 0.000010
3883 0.000010
3884 0.000010
3885 0.000010
3886 0.000010
3887 0.000010
3888 0.000010
3889 0.000010
3890 0.000010
3891 0.000010
3892 0.000010
3893 0.000010
3894 0.000010
3895 0.000010
3896 0.000010
3897 0.000010
3898 0.000010
3899 0.000010
3900 0.000010
3901 0.000010
3902 0.000010
3903 0.000010
3904 0.000010
3905 0.000010
3906 0.000010
3907 0.000010
3908 0.000010
3909 0.000010
3910 0.000010
3911 0.000010
3912 0.000010
3913 0.000010
3914 0.000010
3915 0.000010
3916 0.000010
3917 0.000010
3918 0.000010
3919 0.000010
3920 0.000010
3921 0.000010
3922 0.000010
3923 0.000010
3924 0.000010
3925 0.000010
3926 0.000010
3927 0.000010
3928 0.000010
3929 0.000010
3930 0.000010
3931 0.000010
3932 0.000010
3933 0.000010
3934 0.000010
3935 0.000010
3936 0.000010
3937 0.000010
3938 0.000010
3939 0.000010
3940 0.000010
3941 0.000010
3942 0.000010
3943 0.000010
3944 0.000010
3945 0.000010
3946 0.000010
3947 0.000010
3948 0.000010
3949 0.000010
3950 0.000010
3951 0.000010
3952 0.000010
3953 0.000010
3954 0.000010
3955 0.000010
3956 0.000010
3957 0.000010
3958 0.000010
3959 0.000010
3960 0.000010
3961 0.000010
3962 0.000010
3963 0.000010
3964 0.000010
3965 0.000010
3966 0.000010
3967 0.000010
3968 0.000010
3969 0.000010
3970 0.000010
3971 0.000010
3972 0.000010
3973 0.000010
3974 0.000010
3975 0.000010
3976 0.000010
3977 0.000010
3978 0.000010
3979 0.000010
3980 0.000010
3981 0.000010
3982 0.000010
3983 0.000010
3984 0.000010
3985 0.000010
3986 0.000010
3987 0.000010
3988 0.000010
3989 0.000010
3990 0.000010
3991 0.000010
3992 0.000010
3993 0.000010
3994 0.000010
3995 0.000010
3996 0.000010
3997 0.000010
3998 0.000010
3999 0.000010
4000 0.000010
4001 0.000010
4002 0.000010
4003 0.000010
4004 0.000010
4005 0.000010
4006 0.000010
4007 0.000010
4008 0.000010
4009 0.000010
4010 0.000010
4011 0.000010
4012 0.000010
4013 0.000010
4014 0.000010
4015 0.000010
4016 0.000010
4017 0.000010
4018 0.000010
4019 0.000010
4020 0.000010
4021 0.000010
4022 0.000010
4023 0.000010
4024 0.000010
4025 0.000010
4026 0.000010
4027 0.000010
4028 0.000010
4029 0.000010
4030 0.000010
4031 0.000010
4032 0.000010
4033 0.000010
4034 0.000010
4035 0.000010
4036 0.000010
4037 0.000010
4038 0.000010
4039 0.000010
4040 0.000010
4041 0.000010
4042 0.000010
4043 0.000010
4044 0.000010
4045 0.000010
4046 0.000010
4047 0.000010
4048 0.000010
4049 0.000010
4050 0.000010
4051 0.000010
4052 0.000010
4053 0.000010
4054 0.000010
4055 0.000010
4056 0.000010
4057 0.000010
4058 0.000010
4059 0.000010
4060 0.000010
4061 0.000010
4062 0.000010
4063 0.000010
4064 0.000010
4065 0.000010
4066 0.000010
4067 0.000010
4068 0.000010
4069 0.000010
4070 0.000010
4071 0.000010
4072 0.000010
4073 0.000010
4074 0.000010
4075 0.000010
4076 0.000010
4077 0.000010
4078 0.000010
4079 0.000010
4080 0.000010
4081 0.000010
4082 0.000010
4083 0.000010
4084 0.000010
4085 0.000010
4086 0.000010
4087 0.000010
4088 0.000010
4089 0.000010
4090 0.000010
4091 0.000010
4092 0.000010
4093 0.000010
4094 0.000010
4095 0.000010
4096 0.000010
4097 0.000010
4098 0.000010
4099 0.000010
4100 0.000010
4101 0.000010
4102 0.000010
4103 0.000010
4104 0.000010
4105 0.000010
4106 0.000010
4107 0.000010
4108 0.000010
4109 0.000010
4110 0.000010
4111 0.000010
4112 0.000010
4113 0.000010
4114 0.000010
4115 0.000010
4116 0.000010
4117 0.000010
4118 0.000010
4119 0.000010
4120 0.000010
4121 0.000010
4122 0.000010
4123 0.000010
4124 0.000010
4125 0.000010
4126 0.000010
4127 0.000010
4128 0.000010
4129 0.000010
4130 0.000010
4131 0.000010
4132 0.000010
4133 0.000010
4134 0.000010
4135 0.000010
4136 0.000010
4137 0.000010
4138 0.000010
4139 0.000010
4140 0.000010
4141 0.000010
4142 0.000010
4143 0.000010
4144 0.000010
4145 0.000010
4146 0.000010
4147 0.000010
4148 0.000010
4149 0.000010
4150 0.000010
4151 0.000010
4152 0.000010
4153 0.000010
4154 0.000010
4155 0.000010
4156 0.000010
4157 0.000010
4158 0.000010
4159 0.000010
4160 0.000010
4161 0.000010
4162 0.000010
4163 0.000010
4164 0.000010
4165 0.000010
4166 0.000010
4167 0.000010
4168 0.000010
4169 0.000010
4170 0.000010
4171 0.000010
4172 0.000010
4173 0.000010
4174 0.000010
4175 0.000010
4176 0.000010
4177 0.000010
4178 0.000010
4179 0.000010
4180 0.000010
4181 0.000010
4182 0.000010
4183 0.000010
4184 0.000010
4185 0.000010
4186 0.000010
4187 0.000010
4188 0.000010
4189 0.000010
4190 0.000010
4191 0.000010
4192 0.000010
4193 0.000010
4194 0.000010
4195 0.000010
4196 0.000010
4197 0.000010
4198 0.000010
4199 0.000010
4200 0.000010
4201 0.000010
4202 0.000010
4203 0.000010
4204 0.000010
4205 0.000010
4206 0.000010
4207 0.000010
4208 0.000010
4209 0.000010
4210 0.000010
4211 0.000010
4212 0.000010
4213 0.000010
4214 0.000010
4215 0.000010
4216 0.000010
4217 0.000010
4218 0.000010
4219 0.000010
4220 0.000010
4221 0.000010
4222 0.000010
4223 0.000010
4224 0.000010
4225 0.000010
4226 0.000010
4227 0.000010
4228 0.000010
4229 0.000010
4230 0.000010
4231 0.000010
4232 0.000010
4233 0.000010
4234 0.000010
4235 0.000010
4236 0.000010
4237 0.000010
4238 0.000010
4239 0.000010
4240 0.000010
4241 0.000010
4242 0.000010
4243 0.000010
4244 0.000010
4245 0.000010
4246 0.000010
4247 0.000010
4248 0.000010
4249 0.000010
4250 0.000010
4251 0.000010
4252 0.000010
4253 0.000010
4254 0.000010
4255 0.000010
4256 0.000010
4257 0.000010
4258 0.000010
4259 0.000010
4260 0.000010
4261 0.000010
4262 0.000010
4263 0.000010
4264 0.000010
4265 0.000010
4266 0.000010
4267 0.000010
4268 0.000010
4269 0.000010
4270 0.000010
4271 0.000010
4272 0.000010
4273 0.000010
4274 0.000010
4275 0.000010
4276 0.000010
4277 0.000010
4278 0.000010
4279 0.000010
4280 0.000010
4281 0.000010
4282 0.000010
4283 0.000010
4284 0.000010
4285 0.000010
4286 0.000010
4287 0.000010
4288 0.000010
4289 0.000010
4290 0.000010
4291 0.000010
4292 0.000010
4293 0.000010
4294 0.000010
4295 0.000010
4296 0.000010
4297 0.000010
4298 0.000010
4299 0.000010
4300 0.000010
4301 0.000010
4302 0.000010
4303 0.000010
4304 0.000010
4305 0.000010
4306 0.000010
4307 0.000010
4308 0.000010
4309 0.000010
4310 0.000010
4311 0.000010
4312 0.000010
4313 0.000010
4314 0.000010
4315 0.000010
4316 0.000010
4317 0.000010
4318 0.000010
4319 0.000010
4320 0.000010
4321 0.000010
4322 0.000010
4323 0.000010
4324 0.000010
4325 0.000010
4326 0.000010
4327 0.000010
4328 0.000010
4329 0.000010
4330 0.000010
4331 0.000010
4332 0.000010
4333 0.000010
4334 0.000010
4335 0.000010
4336 0.000010
4337 0.000010
4338 0.000010
4339 0.000010
4340 0.000010
4341 0.000010
4342 0.000010
4343 0.000010
4344 0.000010
4345 0.000010
4346 0.000010
4347 0.000010
4348 0.000010
4349 0.000010
4350 0.000010
4351 0.000010
4352 0.000010
4353 0.000010
4354 0.000010
4355 0.000010
4356 0.000010
4357 0.000010
4358 0.000010
4359 0.000010
4360 0.000010
4361 0.000010
4362 0.000010
4363 0.000010
4364 0.000010
4365 0.000010
4366 0.000010
4367 0.000010
4368 0.000010
4369 0.000010
4370 0.000010
4371 0.000010
4372 0.000010
4373 0.000010
4374 0.000010
4375 0.000010
4376 0.000010
4377 0.000010
4378 0.000010
4379 0.000010
4380 0.000010
4381 0.000010
4382 0.000010
4383 0.000010
4384 0.000010
4385 0.000010
4386 0.000010
4387 0.000010
4388 0.000010
4389 0.000010
4390 0.000010
4391 0.000010
4392 0.000010
4393 0.000010
4394 0.000010
4395 0.000010
4396 0.000010
4397 0.000010
4398 0.000010
4399 0.000010
4400 0.000010
4401 0.000010
4402 0.000010
4403 0.000010
4404 0.000010
4405 0.000010
4406 0.000010
4407 0.000010
4408 0.000010
4409 0.000010
4410 0.000010
4411 0.000010
4412 0.000010
4413 0.000010
4414 0.000010
4415 0.000010
4416 0.000010
4417 0.000010
4418 0.000010
4419 0.000010
4420 0.000010
4421 0.000010
4422 0.000010
4423 0.000010
4424 0.000010
4425 0.000010
4426 0.000010
4427 0.000010
4428 0.000010
4429 0.000010
4430 0.000010
4431 0.000010
4432 0.000010
4433 0.000010
4434 0.000010
4435 0.000010
4436 0.000010
4437 0.000010
4438 0.000010
4439 0.000010
4440 0.000010
4441 0.000010
4442 0.000010
4443 0.000010
4444 0.000010
4445 0.000010
4446 0.000010
4447 0.000010
4448 0.000010
4449 0.000010
4450 0.000010
4451 0.000010
4452 0.000010
4453 0.000010
4454 0.000010
4455 0.000010
4456 0.000010
4457 0.000010
4458 0.000010
4459 0.000010
4460 0.000010
4461 0.000010
4462 0.000010
4463 0.000010
4464 0.000010
4465 0.000010
4466 0.000010
4467 0.000010
4468 0.000010
4469 0.000010
4470 0.000010
4471 0.000010
4472 0.000010
4473 0.000010
4474 0.000010
4475 0.000010
4476 0.000010
4477 0.000010
4478 0.000010
4479 0.000010
4480 0.000010
4481 0.000010
4482 0.000010
4483 0.000010
4484 0.000010
4485 0.000010
4486 0.000010
4487 0.000010
4488 0.000010
4489 0.000010
4490 0.000010
4491 0.000010
4492 0.000010
4493 0.000010
4494 0.000010
4495 0.000010
4496 0.000010
4497 0.000010
4498 0.000010
4499 0.000010
4500 0.000010
4501 0.000010
4502 0.000010
4503 0.000010
4504 0.000010
4505 0.000010
4506 0.000010
4507 0.000010
4508 0.000010
4509 0.000010
4510 0.000010
4511 0.000010
4512 0.000010
4513 0.000010
4514 0.000010
4515 0.000010
4516 0.000010
4517 0.000010
4518 0.000010
4519 0.000010
4520 0.000010
4521 0.000010
4522 0.000010
4523 0.000010
4524 0.000010
4525 0.000010
4526 0.000010
4527 0.000010
4528 0.000010
4529 0.000010
4530 0.000010
4531 0.000010
4532 0.000010
4533 0.000010
4534 0.000010
4535 0.000010
4536 0.000010
4537 0.000010
4538 0.000010
4539 0.000010
4540 0.000010
4541 0.000010
4542 0.000010
4543 0.000010
4544 0.000010
4545 0.000010
4546 0.000010
4547 0.000010
4548 0.000010
4549 0.000010
4550 0.000010
4551 0.000010
4552 0.000010
4553 0.000010
4554 0.000010
4555 0.000010
4556 0.000010
4557 0.000010
4558 0.000010
4559 0.000010
4560 0.000010
4561 0.000010
4562 0.000010
4563 0.000010
4564 0.000010
4565 0.000010
4566 0.000010
4567 0.000010
4568 0.000010
4569 0.000010
4570 0.000010
4571 0.000010
4572 0.000010
4573 0.000010
4574 0.000010
4575 0.000010
4576 0.000010
4577 0.000010
4578 0.000010
4579 0.000010
4580 0.000010
4581 0.000010
4582 0.000010
4583 0.000010
4584 0.000010
4585 0.000010
4586 0.000010
4587 0.000010
4588 0.000010
4589 0.000010
4590 0.000010
4591 0.000010
4592 0.000010
4593 0.000010
4594 0.000010
4595 0.000010
4596 0.000010
4597 0.000010
4598 0.000010
4599 0.000010
4600 0.000010
4601 0.000010
4602 0.000010
4603 0.000010
4604 0.000010
4605 0.000010
4606 0.000010
4607 0.000010
4608 0.000010
4609 0.000010
4610 0.000010
4611 0.000010
4612 0.000010
4613 0.000010
4614 0.000010
4615 0.000010
4616 0.000010
4617 0.000010
4618 0.000010
4619 0.000010
4620 0.000010
4621 0.000010
4622 0.000010
4623 0.000010
4624 0.000010
4625 0.000010
4626 0.000010
4627 0.000010
4628 0.000010
4629 0.000010
4630 0.000010
4631 0.000010
4632 0.000010
4633 0.000010
4634 0.000010
4635 0.000010
4636 0.000010
4637 0.000010
4638 0.000010
4639 0.000010
4640 0.000010
4641 0.000010
4642 0.000010
4643 0.000010
4644 0.000010
4645 0.000010
4646 0.000010
4647 0.000010
4648 0.000010
4649 0.000010
4650 0.000010
4651 0.000010
4652 0.000010
4653 0.000010
4654 0.000010
4655 0.000010
4656 0.000010
4657 0.000010
4658 0.000010
4659 0.000010
4660 0.000010
4661 0.000010
4662 0.000010
4663 0.000010
4664 0.000010
4665 0.000010
4666 0.000010
4667 0.000010
4668 0.000010
4669 0.000010
4670 0.000010
4671 0.000010
4672 0.000010
4673 0.000010
4674 0.000010
4675 0.000010
4676 0.000010
4677 0.000010
4678 0.000010
4679 0.000010
4680 0.000010
4681 0.000010
4682 0.000010
4683 0.000010
4684 0.000010
4685 0.000010
4686 0.000010
4687 0.000010
4688 0.000010
4689 0.000010
4690 0.000010
4691 0.000010
4692 0.000010
4693 0.000010
4694 0.000010
4695 0.000010
4696 0.000010
4697 0.000010
4698 0.000010
4699 0.000010
4700 0.000010
4701 0.000010
4702 0.000010
4703 0.000010
4704 0.000010
4705 0.000010
4706 0.000010
4707 0.000010
4708 0.000010
4709 0.000010
4710 0.000010
4711 0.000010
4712 0.000010
4713 0.000010
4714 0.000010
4715 0.000010
4716 0.000010
4717 0.000010
4718 0.000010
4719 0.000010
4720 0.000010
4721 0.000010
4722 0.000010
4723 0.000010
4724 0.000010
4725 0.000010
4726 0.000010
4727 0.000010
4728 0.000010
4729 0.000010
4730 0.000010
4731 0.000010
4732 0.000010
4733 0.000010
4734 0.000010
4735 0.000010
4736 0.000010
4737 0.000010
4738 0.000010
4739 0.000010
4740 0.000010
4741 0.000010
4742 0.000010
4743 0.000010
4744 0.000010
4745 0.000010
4746 0.000010
4747 0.000010
4748 0.000010
4749 0.000010
4750 0.000010
4751 0.000010
4752 0.000010
4753 0.000010
4754 0.000010
4755 0.000010
4756 0.000010
4757 0.000010
4758 0.000010
4759 0.000010
4760 0.000010
4761 0.000010
4762 0.000010
4763 0.000010
4764 0.000010
4765 0.000010
4766 0.000010
4767 0.000010
4768 0.000010
4769 0.000010
4770 0.000010
4771 0.000010
4772 0.000010
4773 0.000010
4774 0.000010
4775 0.000010
4776 0.000010
4777 0.000010
4778 0.000010
4779 0.000010
4780 0.000010
4781 0.000010
4782 0.000010
4783 0.000010
4784 0.000010
4785 0.000010
4786 0.000010
4787 0.000010
4788 0.000010
4789 0.000010
4790 0.000010
4791 0.000010
4792 0.000010
4793 0.000010
4794 0.000010
4795 0.000010
4796 0.000010
4797 0.000010
4798 0.000010
4799 0.000010
4800 0.000012
4801 0.000012
4802 0.000011
4803 0.000011
4804 0.000010
4805 0.000010
4806 0.000010
4807 0.000010
4808 0.000010
4809 0.000010
4810 0.000011
4811 0.000009
4812 0.000011
4813 0.000009
4814 0.000015
4815 0.000015
4816 0.000014
4817 0.000014
4818 0.000014
4819 0.000014
4820 0.000013
4821 0.000013
4822 0.000015
4823 0.000015
4824 0.000015
4825 0.000015
4826 0.000014
4827 0.000014
4828 0.000014
4829 0.000014
4830 0.000013
4831 0.000013
4832 0.000015
4833 0.000015
4834 0.000010
4835 0.000010
4836 0.000010
4837 0.000010
4838 0.000010
4839 0.000010
4840 0.000012
4841 0.000012
4842 0.000011
4843 0.000011
4844 0.000010
4845 0.000010
4846 0.000010
4847 0.000010
4848 0.000010
4849 0.000010
4850 0.000008
4851 0.000012
4852 0.000008
4853 0.000012
4854 0.000010
4855 0.000010
4856 0.000010
4857 0.000010
4858 0.000010
4859 0.000010
4860 0.000010
4861 0.000010
4862 0.000010
4863 0.000010
4864 0.000010
4865 0.000010
4866 0.000010
4867 0.000010
4868 0.000010
4869 0.000010
4870 0.000010
4871 0.000010
4872 0.000010
4873 0.000010
4874 0.000010
4875 0.000010
4876 0.000010
4877 0.000010
4878 0.000010
4879 0.000010
4880 0.000010
4881 0.000010
4882 0.000010
4883 0.000010
4884 0.000010
4885 0.000010
4886 0.000010
4887 0.000010
4888 0.000010
4889 0.000010
4890 0.000010
4891 0.000010
4892 0.000010
4893 0.000010
4894 0.000010
4895 0.000010
4896 0.000010
4897 0.000010
4898 0.000010
4899 0.000010
4900 0.000010
4901 0.000010
4902 0.000010
4903 0.000010
4904 0.000010
4905 0.000010
4906 0.000010
4907 0.000010
4908 0.000010
4909 0.000010
4910 0.000010
4911 0.000010
4912 0.000010
4913 0.000010
4914 0.000010
4915 0.000010
4916 0.000010
4917 0.000010
4918 0.000010
4919 0.000010
4920 0.000010
4921 0.000010
4922 0.000010
4923 0.000010
4924 0.000010
4925 0.000010
4926 0.000010
4927 0.000010
4928 0.000010
4929 0.000010
4930 0.000010
4931 0.000010
4932 0.000010
4933 0.000010
4934 0.000010
4935 0.000010
4936 0.000010
4937 0.000010
4938 0.000010
4939 0.000010
4940 0.000010
4941 0.000010
4942 0.000010
4943 0.000010
4944 0.000010
4945 0.000010
4946 0.000010
4947 0.000010
4948 0.000010
4949 0.000010
4950 0.000010
4951 0.000010
4952 0.000010
4953 0.000010
4954 0.000010
4955 0.000010
4956 0.000010
4957 0.000010
4958 0.000009
4959 0.000009
4960 0.000009
4961 0.000009
4962 0.000010
4963 0.000010
4964 0.000010
4965 0.000010
4966 0.000010
4967 0.000010
4968 0.000010
4969 0.000010
4970 0.000010
4971 0.000010
4972 0.000010
4973 0.000010
4974 0.000010
4975 0.000010
4976 0.000010
4977 0.000010
4978 0.000010
4979 0.000010
4980 0.000010
4981 0.000010
4982 0.000010
4983 0.000010
4984 0.000010
4985 0.000010
4986 0.000010
4987 0.000010
4988 0.000010
4989 0.000008
4990 0.000009
4991 0.000010
4992 0.000009
4993 0.000009
4994 0.000010
4995 0.000010
4996 0.000009
4997 0.000008
4998 0.000008
4999 0.000009
5000 0.000008
5001 0.000009
5002 0.000009
5003 0.000009
5004 0.000013
5005 0.000013
5006 0.000012
5007 0.000012
5008 0.000010
5009 0.000010
5010 0.000010
5011 0.000010
5012 0.000010
5013 0.000010
5014 0.000010
5015 0.000010
5016 0.000010
5017 0.000010
5018 0.000010
5019 0.000010
5020 0.000010
5021 0.000010
5022 0.000010
5023 0.000010
5024 0.000010
5025 0.000010
5026 0.000010
5027 0.000010
5028 0.000010
5029 0.000010
5030 0.000010
5031 0.000010
5032 0.000010
5033 0.000010
5034 0.000010
5035 0.000010
5036 0.000010
5037 0.000010
5038 0.000010
5039 0.000010
5040 0.000010
5041 0.000010
5042 0.000010
5043 0.000010
5044 0.000010
5045 0.000010
5046 0.000010
5047 0.000010
5048 0.000010
5049 0.000010
5050 0.000010
5051 0.000010
5052 0.000010
5053 0.000010
5054 0.000010
5055 0.000010
5056 0.000010
5057 0.000010
5058 0.000010
5059 0.000010
5060 0.000011
5061 0.000011
5062 0.000010
5063 0.000010
5064 0.000010
5065 0.000010
5066 0.000010
5067 0.000010
5068 0.000010
5069 0.000010
5070 0.000010
5071 0.000010
5072 0.000010
5073 0.000010
5074 0.000010
5075 0.000010
5076 0.000010
5077 0.000010
5078 0.000010
5079 0.000010
5080 0.000010
5081 0.000010
5082 0.000010
5083 0.000010
5084 0.000010
5085 0.000010
5086 0.000015
5087 0.000015
5088 0.000009
5089 0.000011
5090 0.000006
5091 0.000011
5092 0.000009
5093 0.000009
5094 0.000011
5095 0.000011
5096 0.000009
5097 0.000006
5098 0.000009
5099 0.000009
5100 0.000009
5101 0.000009
5102 0.000015
5103 0.000015
5104 0.000026
5105 0.000026
5106 0.000023
5107 0.000023
5108 0.000015
5109 0.000015
5110 0.000008
5111 0.000011
5112 0.000012
5113 0.000004
5114 0.000009
5115 0.000008
5116 0.000009
5117 0.000011
5118 0.000004
5119 0.000012
5120 0.000008
5121 0.000006
5122 0.000008
5123 0.000006
5124 0.000015
5125 0.000015
5126 0.000030
5127 0.000030
5128 0.000026
5129 0.000026
5130 0.000009
5131 0.000009
5132 0.000010
5133 0.000010
5134 0.000010
5135 0.000010
5136 0.000010
5137 0.000010
5138 0.000010
5139 0.000010
5140 0.000010
5141 0.000010
5142 0.000010
5143 0.000010
5144 0.000010
5145 0.000010
5146 0.000010
5147 0.000010
5148 0.000010
5149 0.000010
5150 0.000010
5151 0.000010
5152 0.000010
5153 0.000010
5154 0.000010
5155 0.000010
5156 0.000010
5157 0.000010
5158 0.000010
5159 0.000010
5160 0.000010
5161 0.000010
5162 0.000010
5163 0.000010
5164 0.000010
5165 0.000010
5166 0.000010
5167 0.000010
5168 0.000011
5169 0.000011
5170 0.000010
5171 0.000010
5172 0.000011
5173 0.000011
5174 0.000012
5175 0.000012
5176 0.000011
5177 0.000011
5178 0.000013
5179 0.000013
5180 0.000012
5181 0.000012
5182 0.000011
5183 0.000011
5184 0.000013
5185 0.000013
5186 0.000010
5187 0.000010
5188 0.000010
5189 0.000010
5190 0.000010
5191 0.000010
5192 0.000010
5193 0.000010
5194 0.000010
5195 0.000010
5196 0.000011
5197 0.000011
5198 0.000010
5199 0.000010
5200 0.000011
5201 0.000011
5202 0.000010
5203 0.000010
5204 0.000010
5205 0.000010
5206 0.000010
5207 0.000010
5208 0.000010
5209 0.000010
5210 0.000010
5211 0.000010
5212 0.000010
5213 0.000010
5214 0.000010
5215 0.000010
5216 0.000010
5217 0.000010
5218 0.000010
5219 0.000010
5220 0.000010
5221 0.000010
5222 0.000010
5223 0.000010
5224 0.000010
5225 0.000010
5226 0.000010
5227 0.000010
5228 0.000010
5229 0.000010
5230 0.000010
5231 0.000010
5232 0.000010
5233 0.000010
5234 0.000010
5235 0.000010
5236 0.000010
5237 0.000010
5238 0.000010
5239 0.000010
5240 0.000010
5241 0.000010
5242 0.000010
5243 0.000010
5244 0.000010
5245 0.000010
5246 0.000010
5247 0.000010
5248 0.000010
5249 0.000010
5250 0.000010
5251 0.000010
5252 0.000010
5253 0.000010
5254 0.000010
5255 0.000010
5256 0.000010
5257 0.000010
5258 0.000010
5259 0.000010
5260 0.000010
5261 0.000010
5262 0.000010
5263 0.000010
5264 0.000010
5265 0.000010
5266 0.000010
5267 0.000010
5268 0.000010
5269 0.000010
5270 0.000010
5271 0.000010
5272 0.000010
5273 0.000010
5274 0.000010
5275 0.000010
5276 0.000010
5277 0.000010
5278 0.000010
5279 0.000010
5280 0.000010
5281 0.000010
5282 0.000010
5283 0.000010
5284 0.000010
5285 0.000010
5286 0.000010
5287 0.000010
5288 0.000010
5289 0.000010
5290 0.000010
5291 0.000010
5292 0.000010
5293 0.000010
5294 0.000010
5295 0.000010
5296 0.000010
5297 0.000010
5298 0.000010
5299 0.000010
5300 0.000010
5301 0.000010
5302 0.000010
5303 0.000010
5304 0.000010
5305 0.000010
5306 0.000010
5307 0.000010
5308 0.000010
5309 0.000010
5310 0.000010
5311 0.000010
5312 0.000010
5313 0.000010
5314 0.000010
5315 0.000010
5316 0.000010
5317 0.000010
5318 0.000010
5319 0.000010
5320 0.000010
5321 0.000010
5322 0.000010
5323 0.000010
5324 0.000010
5325 0.000010
5326 0.000010
5327 0.000010
5328 0.000010
5329 0.000010
5330 0.000010
5331 0.000010
5332 0.000010
5333 0.000010
5334 0.000010
5335 0.000010
5336 0.000010
5337 0.000010
5338 0.000010
5339 0.000010
5340 0.000010
5341 0.000010
5342 0.000010
5343 0.000010
5344 0.000010
5345 0.000010
5346 0.000010
5347 0.000010
5348 0.000010
5349 0.000010
5350 0.000010
5351 0.000010
5352 0.000010
5353 0.000010
5354 0.000010
5355 0.000010
5356 0.000010
5357 0.000010
5358 0.000010
5359 0.000010
5360 0.000010
5361 0.000010
5362 0.000010
5363 0.000010
5364 0.000010
5365 0.000010
5366 0.000010
5367 0.000010
5368 0.000010
5369 0.000010
5370 0.000010
5371 0.000010
5372 0.000010
5373 0.000010
5374 0.000010
5375 0.000010
5376 0.000010
5377 0.000010
5378 0.000010
5379 0.000010
5380 0.000010
5381 0.000010
5382 0.000010
5383 0.000010
5384 0.000010
5385 0.000010
5386 0.000010
5387 0.000010
5388 0.000010
5389 0.000010
5390 0.000010
5391 0.000010
5392 0.000010
5393 0.000010
5394 0.000010
5395 0.000010
5396 0.000010
5397 0.000010
5398 0.000010
5399 0.000010
5400 0.000010
5401 0.000010
5402 0.000010
5403 0.000010
5404 0.000010
5405 0.000010
5406 0.000010
5407 0.000010
5408 0.000010
5409 0.000010
5410 0.000010
5411 0.000010
5412 0.000010
5413 0.000010
5414 0.000010
5415 0.000010
5416 0.000010
5417 0.000010
5418 0.000010
5419 0.000010
5420 0.000010
5421 0.000010
5422 0.000010
5423 0.000010
5424 0.000010
5425 0.000010
5426 0.000010
5427 0.000010
5428 0.000010
5429 0.000010
5430 0.000010
5431 0.000010
5432 0.000010
5433 0.000010
5434 0.000010
5435 0.000010
5436 0.000010
5437 0.000010
5438 0.000010
5439 0.000010
5440 0.000010
5441 0.000010
5442 0.000010
5443 0.000010
5444 0.000010
5445 0.000010
5446 0.000010
5447 0.000010
5448 0.000010
5449 0.000010
5450 0.000010
5451 0.000010
5452 0.000010
5453 0.000010
5454 0.000010
5455 0.000010
5456 0.000010
5457 0.000010
5458 0.000010
5459 0.000010
5460 0.000010
5461 0.000010
5462 0.000010
5463 0.000010
5464 0.000010
5465 0.000010
5466 0.000010
5467 0.000010
5468 0.000010
5469 0.000010
5470 0.000010
5471 0.000010
5472 0.000010
5473 0.000010
5474 0.000010
5475 0.000010
5476 0.000010
5477 0.000010
5478 0.000010
5479 0.000010
5480 0.000010
5481 0.000010
5482 0.000010
5483 0.000010
5484 0.000010
5485 0.000010
5486 0.000010
5487 0.000010
5488 0.000010
5489 0.000010
5490 0.000010
5491 0.000010
5492 0.000010
5493 0.000010
5494 0.000010
5495 0.000010
5496 0.000010
5497 0.000010
5498 0.000010
5499 0.000010
5500 0.000010
5501 0.000010
5502 0.000010
5503 0.000010
5504 0.000010
5505 0.000010
5506 0.000010
5507 0.000010
5508 0.000010
5509 0.000010
5510 0.000010
5511 0.000010
5512 0.000010
5513 0.000010
5514 0.000010
5515 0.000010
5516 0.000010
5517 0.000010
5518 0.000010
5519 0.000010
5520 0.000010
5521 0.000010
5522 0.000010
5523 0.000010
5524 0.000010
5525 0.000010
5526 0.000010
5527 0.000010
5528 0.000010
5529 0.000010
5530 0.000010
5531 0.000010
5532 0.000010
5533 0.000010
5534 0.000010
5535 0.000010
5536 0.000010
5537 0.000010
5538 0.000010
5539 0.000010
5540 0.000010
5541 0.000010
5542 0.000010
5543 0.000010
5544 0.000010
5545 0.000010
5546 0.000010
5547 0.000010
5548 0.000010
5549 0.000010
5550 0.000010
5551 0.000010
5552 0.000010
5553 0.000010
5554 0.000010
5555 0.000010
5556 0.000010
5557 0.000010
5558 0.000010
5559 0.000010
5560 0.000010
5561 0.000010
5562 0.000010
5563 0.000010
5564 0.000010
5565 0.000010
5566 0.000010
5567 0.000010
5568 0.000010
5569 0.000010
5570 0.000010
5571 0.000010
5572 0.000010
5573 0.000010
5574 0.000010
5575 0.000010
5576 0.000010
5577 0.000010
5578 0.000010
5579 0.000010
5580 0.000010
5581 0.000010
5582 0.000010
5583 0.000010
5584 0.000010
5585 0.000010
5586 0.000010
5587 0.000010
5588 0.000010
5589 0.000010
5590 0.000010
5591 0.000010
5592 0.000010
5593 0.000010
5594 0.000010
5595 0.000010
5596 0.000010
5597 0.000010
5598 0.000010
5599 0.000010
5600 0.000010
5601 0.000010
5602 0.000010
5603 0.000010
5604 0.000010
5605 0.000010
5606 0.000010
5607 0.000010
5608 0.000010
5609 0.000010
5610 0.000010
5611 0.000010
5612 0.000010
5613 0.000010
5614 0.000010
5615 0.000010
5616 0.000010
5617 0.000010
5618 0.000010
5619 0.000010
5620 0.000010
5621 0.000010
5622 0.000010
5623 0.000010
5624 0.000010
5625 0.000010
5626 0.000010
5627 0.000010
5628 0.000010
5629 0.000010
5630 0.000010
5631 0.000010
5632 0.000010
5633 0.000010
5634 0.000010
5635 0.000010
5636 0.000010
5637 0.000010
5638 0.000010
5639 0.000010
5640 0.000010
5641 0.000010
5642 0.000010
5643 0.000010
5644 0.000010
5645 0.000010
5646 0.000010
5647 0.000010
5648 0.000010
5649 0.000010
5650 0.000010
5651 0.000010
5652 0.000010
5653 0.000010
5654 0.000010
5655 0.000010
5656 0.000010
5657 0.000010
5658 0.000010
5659 0.000010
5660 0.000010
5661 0.000010
5662 0.000010
5663 0.000010
5664 0.000010
5665 0.000010
5666 0.000010
5667 0.000010
5668 0.000010
5669 0.000010
5670 0.000010
5671 0.000010
5672 0.000010
5673 0.000010
5674 0.000010
5675 0.000010
5676 0.000010
5677 0.000010
5678 0.000010
5679 0.000010
5680 0.000010
5681 0.000010
5682 0.000010
5683 0.000010
5684 0.000010
5685 0.000010
5686 0.000010
5687 0.000010
5688 0.000010
5689 0.000010
5690 0.000010
5691 0.000010
5692 0.000010
5693 0.000010
5694 0.000010
5695 0.000010
5696 0.000010
5697 0.000010
5698 0.000010
5699 0.000010
5700 0.000010
5701 0.000010
5702 0.000010
5703 0.000010
5704 0.000010
5705 0.000010
5706 0.000010
5707 0.000010
5708 0.000010
5709 0.000010
5710 0.000010
5711 0.000010
5712 0.000010
5713 0.000010
5714 0.000010
5715 0.000010
5716 0.000010
5717 0.000010
5718 0.000010
5719 0.000010
5720 0.000010
5721 0.000010
5722 0.000010
5723 0.000010
5724 0.000010
5725 0.000010
5726 0.000010
5727 0.000010
5728 0.000010
5729 0.000010
5730 0.000010
5731 0.000010
5732 0.000010
5733 0.000010
5734 0.000010
5735 0.000010
5736 0.000010
5737 0.000010
5738 0.000010
5739 0.000010
5740 0.000010
5741 0.000010
5742 0.000010
5743 0.000010
5744 0.000010
5745 0.000010
5746 0.000010
5747 0.000010
5748 0.000010
5749 0.000010
5750 0.000010
5751 0.000010
5752 0.000010
5753 0.000010
5754 0.000010
5755 0.000010
5756 0.000010
5757 0.000010
5758 0.000010
5759 0.000010
5760 0.000010
5761 0.000010
5762 0.000010
5763 0.000010
5764 0.000010
5765 0.000010
5766 0.000010
5767 0.000010
5768 0.000010
5769 0.000010
5770 0.000010
5771 0.000010
5772 0.000010
5773 0.000010
5774 0.000010
5775 0.000010
5776 0.000010
5777 0.000010
5778 0.000010
5779 0.000010
5780 0.000010
5781 0.000010
5782 0.000010
5783 0.000010
5784 0.000010
5785 0.000010
5786 0.000010
5787 0.000010
5788 0.000010
5789 0.000010
5790 0.000010
5791 0.000010
5792 0.000010
5793 0.000010
5794 0.000010
5795 0.000010
5796 0.000010
5797 0.000010
5798 0.000010
5799 0.000010
5800 0.000010
5801 0.000010
5802 0.000010
5803 0.000010
5804 0.000010
5805 0.000010
5806 0.000010
5807 0.000010
5808 0.000010
5809 0.000010
5810 0.000010
5811 0.000010
5812 0.000010
5813 0.000010
5814 0.000010
5815 0.000010
5816 0.000010
5817 0.000010
5818 0.000010
5819 0.000010
5820 0.000010
5821 0.000010
5822 0.000010
5823 0.000010
5824 0.000010
5825 0.000010
5826 0.000010
5827 0.000010
5828 0.000010
5829 0.000010
5830 0.000010
5831 0.000010
5832 0.000010
5833 0.000010
5834 0.000010
5835 0.000010
5836 0.000010
5837 0.000010
5838 0.000010
5839 0.000010
5840 0.000010
5841 0.000010
5842 0.000010
5843 0.000010
5844 0.000010
5845 0.000010
5846 0.000010
5847 0.000010
5848 0.000010
5849 0.000010
5850 0.000010
5851 0.000010
5852 0.000010
5853 0.000010
5854 0.000010
5855 0.000010
5856 0.000010
5857 0.000010
5858 0.000010
5859 0.000010
5860 0.000010
5861 0.000010
5862 0.000010
5863 0.000010
5864 0.000010
5865 0.000010
5866 0.000010
5867 0.000010
5868 0.000010
5869 0.000010
5870 0.000010
5871 0.000010
5872 0.000010
5873 0.000010
5874 0.000010
5875 0.000010
5876 0.000010
5877 0.000010
5878 0.000010
5879 0.000010
5880 0.000010
5881 0.000010
5882 0.000010
5883 0.000010
5884 0.000010
5885 0.000010
5886 0.000010
5887 0.000010
5888 0.000010
5889 0.000010
5890 0.000010
5891 0.000010
5892 0.000010
5893 0.000010
5894 0.000010
5895 0.000010
5896 0.000010
5897 0.000010
5898 0.000010
5899 0.000010
5900 0.000010
5901 0.000010
5902 0.000010
5903 0.000010
5904 0.000010
5905 0.000010
5906 0.000010
5907 0.000010
5908 0.000010
5909 0.000010
5910 0.000010
5911 0.000010
5912 0.000010
5913 0.000010
5914 0.000010
5915 0.000010
5916 0.000010
5917 0.000010
5918 0.000010
5919 0.000010
5920 0.000010
5921 0.000010
5922 0.000010
5923 0.000010
5924 0.000010
5925 0.000010
5926 0.000010
5927 0.000010
5928 0.000010
5929 0.000010
5930 0.000010
5931 0.000010
5932 0.000010
5933 0.000010
5934 0.000010
5935 0.000010
5936 0.000010
5937 0.000010
5938 0.000010
5939 0.000010
5940 0.000010
5941 0.000010
5942 0.000010
5943 0.000010
5944 0.000010
5945 0.000010
5946 0.000010
5947 0.000010
5948 0.000010
5949 0.000010
5950 0.000010
5951 0.000010
5952 0.000010
5953 0.000010
5954 0.000010
5955 0.000010
5956 0.000010
5957 0.000010
5958 0.000010
5959 0.000010
5960 0.000010
5961 0.000010
5962 0.000010
5963 0.000010
5964 0.000010
5965 0.000010
5966 0.000010
5967 0.000010
5968 0.000010
5969 0.000010
5970 0.000010
5971 0.000010
5972 0.000010
5973 0.000010
5974 0.000010
5975 0.000010
5976 0.000010
5977 0.000010
5978 0.000010
5979 0.000010
5980 0.000010
5981 0.000010
5982 0.000010
5983 0.000010
5984 0.000010
5985 0.000010
5986 0.000010
5987 0.000010
5988 0.000010
5989 0.000010
5990 0.000010
5991 0.000010
5992 0.000010
5993 0.000010
5994 0.000010
5995 0.000010
5996 0.000010
5997 0.000010
5998 0.000010
5999 0.000010
6000 0.000010
6001 0.000010
6002 0.000010
6003 0.000010
6004 0.000010
6005 0.000010
6006 0.000010
6007 0.000010
6008 0.000010
6009 0.000010
6010 0.000010
6011 0.000010
6012 0.000010
6013 0.000010
6014 0.000010
6015 0.000010
6016 0.000010
6017 0.000010
6018 0.000010
6019 0.000010
6020 0.000010
6021 0.000010
6022 0.000010
6023 0.000010
6024 0.000010
6025 0.000010
6026 0.000010
6027 0.000010
6028 0.000010
6029 0.000010
6030 0.000010
6031 0.000010
6032 0.000010
6033 0.000010
6034 0.000010
6035 0.000010
6036 0.000010
6037 0.000010
6038 0.000010
6039 0.000010
6040 0.000010
6041 0.000010
6042 0.000010
6043 0.000010
6044 0.000010
6045 0.000010
6046 0.000010
6047 0.000010
6048 0.000010
6049 0.000010
6050 0.000010
6051 0.000010
6052 0.000010
6053 0.000010
6054 0.000010
6055 0.000010
6056 0.000010
6057 0.000010
6058 0.000010
6059 0.000010
6060 0.000010
6061 0.000010
6062 0.000010
6063 0.000010
6064 0.000010
6065 0.000010
6066 0.000010
6067 0.000010
6068 0.000010
6069 0.000010
6070 0.000010
6071 0.000010
6072 0.000010
6073 0.000010
6074 0.000010
6075 0.000010
6076 0.000010
6077 0.000010
6078 0.000010
6079 0.000010
6080 0.000010
6081 0.000010
6082 0.000010
6083 0.000010
6084 0.000010
6085 0.000010
6086 0.000010
6087 0.000010
6088 0.000010
6089 0.000010
6090 0.000010
6091 0.000010
6092 0.000010
6093 0.000010
6094 0.000010
6095 0.000010
6096 0.000010
6097 0.000010
6098 0.000010
6099 0.000010
6100 0.000010
6101 0.000010
6102 0.000010
6103 0.000010
6104 0.000010
6105 0.000010
6106 0.000010
6107 0.000010
6108 0.000010
6109 0.000010
6110 0.000010
6111 0.000010
6112 0.000010
6113 0.000010
6114 0.000010
6115 0.000010
6116 0.000010
6117 0.000010
6118 0.000010
6119 0.000010
6120 0.000010
6121 0.000010
6122 0.000010
6123 0.000010
6124 0.000010
6125 0.000010
6126 0.000010
6127 0.000010
6128 0.000010
6129 0.000010
6130 0.000010
6131 0.000010
6132 0.000010
6133 0.000010
6134 0.000010
6135 0.000010
6136 0.000010
6137 0.000010
6138 0.000010
6139 0.000010
6140 0.000010
6141 0.000010
6142 0.000010
6143 0.000010
6144 0.000010
6145 0.000010
6146 0.000010
6147 0.000010
6148 0.000010
6149 0.000010
6150 0.000010
6151 0.000010
6152 0.000010
6153 0.000010
6154 0.000010
6155 0.000010
6156 0.000010
6157 0.000010
6158 0.000010
6159 0.000010
6160 0.000010
6161 0.000010
6162 0.000010
6163 0.000010
6164 0.000010
6165 0.000010
6166 0.000010
6167 0.000010
6168 0.000010
6169 0.000010
6170 0.000010
6171 0.000010
6172 0.000010
6173 0.000010
6174 0.000010
6175 0.000010
6176 0.000010
6177 0.000010
6178 0.000010
6179 0.000010
6180 0.000010
6181 0.000010
6182 0.000010
6183 0.000010
6184 0.000010
6185 0.000010
6186 0.000010
6187 0.000010
6188 0.000010
6189 0.000010
6190 0.000010
6191 0.000010
6192 0.000010
6193 0.000010
6194 0.000010
6195 0.000010
6196 0.000010
6197 0.000010
6198 0.000010
6199 0.000010
6200 0.000010
6201 0.000010
6202 0.000010
6203 0.000010
6204 0.000010
6205 0.000010
6206 0.000010
6207 0.000010
6208 0.000010
6209 0.000010
6210 0.000010
6211 0.000010
6212 0.000010
6213 0.000010
6214 0.000010
6215 0.000010
6216 0.000010
6217 0.000010
6218 0.000010
6219 0.000010
6220 0.000010
6221 0.000010
6222 0.000010
6223 0.000010
6224 0.000010
6225 0.000010
6226 0.000010
6227 0.000010
6228 0.000010
6229 0.000010
6230 0.000010
6231 0.000010
6232 0.000010
6233 0.000010
6234 0.000010
6235 0.000010
6236 0.000010
6237 0.000010
6238 0.000010
6239 0.000010
6240 0.000010
6241 0.000010
6242 0.000010
6243 0.000010
6244 0.000010
6245 0.000010
6246 0.000010
6247 0.000010
6248 0.000010
6249 0.000010
6250 0.000010
6251 0.000010
6252 0.000010
6253 0.000010
6254 0.000010
6255 0.000010
6256 0.000010
6257 0.000010
6258 0.000010
6259 0.000010
6260 0.000010
6261 0.000010
6262 0.000010
6263 0.000010
6264 0.000010
6265 0.000010
6266 0.000010
6267 0.000010
6268 0.000010
6269 0.000010
6270 0.000010
6271 0.000010
6272 0.000010
6273 0.000010
6274 0.000010
6275 0.000010
6276 0.000010
6277 0.000010
6278 0.000010
6279 0.000010
6280 0.000010
6281 0.000010
6282 0.000010
6283 0.000010
6284 0.000010
6285 0.000010
6286 0.000010
6287 0.000010
6288 0.000010
6289 0.000010
6290 0.000010
6291 0.000010
6292 0.000010
6293 0.000010
6294 0.000010
6295 0.000010
6296 0.000010
6297 0.000010
6298 0.000010
6299 0.000010
6300 0.000010
6301 0.000010
6302 0.000010
6303 0.000010
6304 0.000010
6305 0.000010
6306 0.000010
6307 0.000010
6308 0.000010
6309 0.000010
6310 0.000010
6311 0.000010
6312 0.000010
6313 0.000010
6314 0.000010
6315 0.000010
6316 0.000010
6317 0.000010
6318 0.000010
6319 0.000010
6320 0.000010
6321 0.000010
6322 0.000010
6323 0.000010
6324 0.000010
6325 0.000010
6326 0.000010
6327 0.000010
6328 0.000010
6329 0.000010
6330 0.000010
6331 0.000010
6332 0.000010
6333 0.000010
6334 0.000010
6335 0.000010
6336 0.000010
6337 0.000010
6338 0.000010
6339 0.000010
6340 0.000010
6341 0.000010
6342 0.000010
6343 0.000010
6344 0.000010
6345 0.000010
6346 0.000010
6347 0.000010
6348 0.000010
6349 0.000010
6350 0.000010
6351 0.000010
6352 0.000010
6353 0.000010
6354 0.000010
6355 0.000010
6356 0.000010
6357 0.000010
6358 0.000010
6359 0.000010
6360 0.000010
6361 0.000010
6362 0.000010
6363 0.000010
6364 0.000010
6365 0.000010
6366 0.000010
6367 0.000010
6368 0.000010
6369 0.000010
6370 0.000010
6371 0.000010
6372 0.000010
6373 0.000010
6374 0.000010
6375 0.000010
6376 0.000010
6377 0.000010
6378 0.000010
6379 0.000010
6380 0.000010
6381 0.000010
6382 0.000010
6383 0.000010
6384 0.000010
6385 0.000010
6386 0.000010
6387 0.000010
6388 0.000010
6389 0.000010
6390 0.000010
6391 0.000010
6392 0.000010
6393 0.000010
6394 0.000010
6395 0.000010
6396 0.000010
6397 0.000010
6398 0.000010
6399 0.000010
6400 0.000010
6401 0.000010
6402 0.000010
6403 0.000010
6404 0.000010
6405 0.000010
6406 0.000010
6407 0.000010
6408 0.000010
6409 0.000010
6410 0.000010
6411 0.000010
6412 0.000010
6413 0.000010
6414 0.000010
6415 0.000010
6416 0.000010
6417 0.000010
6418 0.000010
6419 0.000010
6420 0.000010
6421 0.000010
6422 0.000010
6423 0.000010
6424 0.000010
6425 0.000010
6426 0.000010
6427 0.000010
6428 0.000010
6429 0.000010
6430 0.000010
6431 0.000010
6432 0.000010
6433 0.000010
6434 0.000010
6435 0.000010
6436 0.000010
6437 0.000010
6438 0.000010
6439 0.000010
6440 0.000010
6441 0.000010
6442 0.000010
6443 0.000010
6444 0.000010
6445 0.000010
6446 0.000010
6447 0.000010
6448 0.000010
6449 0.000010
6450 0.000010
6451 0.000010
6452 0.000010
6453 0.000010
6454 0.000010
6455 0.000010
6456 0.000010
6457 0.000010
6458 0.000010
6459 0.000010
6460 0.000010
6461 0.000010
6462 0.000010
6463 0.000010
6464 0.000010
6465 0.000010
6466 0.000010
6467 0.000010
6468 0.000010
6469 0.000010
6470 0.000010
6471 0.000010
6472 0.000010
6473 0.000010
6474 0.000010
6475 0.000010
6476 0.000010
6477 0.000010
6478 0.000010
6479 0.000010
6480 0.000010
6481 0.000010
6482 0.000010
6483 0.000010
6484 0.000010
6485 0.000010
6486 0.000010
6487 0.000010
6488 0.000010
6489 0.000010
6490 0.000010
6491 0.000010
6492 0.000010
6493 0.000010
6494 0.000010
6495 0.000010
6496 0.000010
6497 0.000010
6498 0.000010
6499 0.000010
6500 0.000010
6501 0.000010
6502 0.000010
6503 0.000010
6504 0.000010
6505 0.000010
6506 0.000010
6507 0.000010
6508 0.000010
6509 0.000010
6510 0.000010
6511 0.000010
6512 0.000010
6513 0.000010
6514 0.000010
6515 0.000010
6516 0.000010
6517 0.000010
6518 0.000010
6519 0.000010
6520 0.000010
6521 0.000010
6522 0.000010
6523 0.000010
6524 0.000010
6525 0.000010
6526 0.000010
6527 0.000010
6528 0.000010
6529 0.000010
6530 0.000010
6531 0.000010
6532 0.000010
6533 0.000010
6534 0.000010
6535 0.000010
6536 0.000010
6537 0.000010
6538 0.000010
6539 0.000010
6540 0.000010
6541 0.000010
6542 0.000010
6543 0.000010
6544 0.000010
6545 0.000010
6546 0.000010
6547 0.000010
6548 0.000010
6549 0.000010
6550 0.000010
6551 0.000010
6552 0.000010
6553 0.000010
6554 0.000010
6555 0.000010
6556 0.000010
6557 0.000010
6558 0.000010
6559 0.000010
6560 0.000010
6561 0.000010
6562 0.000010
6563 0.000010
6564 0.000010
6565 0.000010
6566 0.000010
6567 0.000010
6568 0.000010
6569 0.000010
6570 0.000010
6571 0.000010
6572 0.000010
6573 0.000010
6574 0.000010
6575 0.000010
6576 0.000010
6577 0.000010
6578 0.000010
6579 0.000010
6580 0.000010
6581 0.000010
6582 0.000010
6583 0.000010
6584 0.000010
6585 0.000010
6586 0.000010
6587 0.000010
6588 0.000010
6589 0.000010
6590 0.000010
6591 0.000010
6592 0.000010
6593 0.000010
6594 0.000010
6595 0.000010
6596 0.000010
6597 0.000010
6598 0.000010
6599 0.000010
6600 0.000010
6601 0.000010
6602 0.000010
6603 0.000010
6604 0.000010
6605 0.000010
6606 0.000010
6607 0.000010
6608 0.000010
6609 0.000010
6610 0.000010
6611 0.000010
6612 0.000010
6613 0.000010
6614 0.000010
6615 0.000010
6616 0.000010
6617 0.000010
6618 0.000010
6619 0.000010
6620 0.000010
6621 0.000010
6622 0.000010
6623 0.000010
6624 0.000010
6625 0.000010
6626 0.000010
6627 0.000010
6628 0.000010
6629 0.000010
6630 0.000010
6631 0.000010
6632 0.000010
6633 0.000010
6634 0.000010
6635 0.000010
6636 0.000010
6637 0.000010
6638 0.000010
6639 0.000010
6640 0.000010
6641 0.000010
6642 0.000010
6643 0.000010
6644 0.000010
6645 0.000010
6646 0.000010
6647 0.000010
6648 0.000010
6649 0.000010
6650 0.000010
6651 0.000010
6652 0.000010
6653 0.000010
6654 0.000010
6655 0.000010
6656 0.000010
6657 0.000010
6658 0.000010
6659 0.000010
6660 0.000010
6661 0.000010
6662 0.000010
6663 0.000010
6664 0.000010
6665 0.000010
6666 0.000010
6667 0.000010
6668 0.000010
6669 0.000010
6670 0.000010
6671 0.000010
6672 0.000010
6673 0.000010
6674 0.000010
6675 0.000010
6676 0.000010
6677 0.000010
6678 0.000010
6679 0.000010
6680 0.000010
6681 0.000010
6682 0.000010
6683 0.000010
6684 0.000010
6685 0.000010
6686 0.000010
6687 0.000010
6688 0.000010
6689 0.000010
6690 0.000010
6691 0.000010
6692 0.000010
6693 0.000010
6694 0.000010
6695 0.000010
6696 0.000010
6697 0.000010
6698 0.000010
6699 0.000010
6700 0.000010
6701 0.000010
6702 0.000010
6703 0.000010
6704 0.000010
6705 0.000010
6706 0.000010
6707 0.000010
6708 0.000010
6709 0.000010
6710 0.000010
6711 0.000010
6712 0.000010
6713 0.000010
6714 0.000010
6715 0.000010
6716 0.000010
6717 0.000010
6718 0.000010
6719 0.000010
6720 0.000010
6721 0.000010
6722 0.000010
6723 0.000010
6724 0.000010
6725 0.000010
6726 0.000010
6727 0.000010
6728 0.000010
6729 0.000010
6730 0.000010
6731 0.000010
6732 0.000010
6733 0.000010
6734 0.000010
6735 0.000010
6736 0.000010
6737 0.000010
6738 0.000010
6739 0.000010
6740 0.000010
6741 0.000010
6742 0.000010
6743 0.000010
6744 0.000010
6745 0.000010
6746 0.000010
6747 0.000010
6748 0.000010
6749 0.000010
6750 0.000010
6751 0.000010
6752 0.000010
6753 0.000010
6754 0.000010
6755 0.000010
6756 0.000010
6757 0.000010
6758 0.000010
6759 0.000010
6760 0.000010
6761 0.000010
6762 0.000010
6763 0.000010
6764 0.000010
6765 0.000010
6766 0.000010
6767 0.000010
6768 0.000010
6769 0.000010
6770 0.000010
6771 0.000010
6772 0.000010
6773 0.000010
6774 0.000010
6775 0.000010
6776 0.000010
6777 0.000010
6778 0.000010
6779 0.000010
6780 0.000010
6781 0.000010
6782 0.000010
6783 0.000010
6784 0.000010
6785 0.000010
6786 0.000010
6787 0.000010
6788 0.000010
6789 0.000010
6790 0.000010
6791 0.000010
6792 0.000010
6793 0.000010
6794 0.000010
6795 0.000010
6796 0.000010
6797 0.000010
6798 0.000010
6799 0.000010
6800 0.000010
6801 0.000010
6802 0.000010
6803 0.000010
6804 0.000010
6805 0.000010
6806 0.000010
6807 0.000010
6808 0.000010
6809 0.000010
6810 0.000010
6811 0.000010
6812 0.000010
6813 0.000010
6814 0.000010
6815 0.000010
6816 0.000010
6817 0.000010
6818 0.000010
6819 0.000010
6820 0.000010
6821 0.000010
6822 0.000010
6823 0.000010
6824 0.000010
6825 0.000010
6826 0.000010
6827 0.000010
6828 0.000010
6829 0.000010
6830 0.000010
6831 0.000010
6832 0.000010
6833 0.000010
6834 0.000010
6835 0.000010
6836 0.000010
6837 0.000010
6838 0.000010
6839 0.000010
6840 0.000010
6841 0.000010
6842 0.000010
6843 0.000010
6844 0.000010
6845 0.000010
6846 0.000010
6847 0.000010
6848 0.000010
6849 0.000010
6850 0.000010
6851 0.000010
6852 0.000010
6853 0.000010
6854 0.000010
6855 0.000010
6856 0.000010
6857 0.000010
6858 0.000010
6859 0.000010
6860 0.000010
6861 0.000010
6862 0.000010
6863 0.000010
6864 0.000010
6865 0.000010
6866 0.000010
6867 0.000010
6868 0.000010
6869 0.000010
6870 0.000010
6871 0.000010
6872 0.000010
6873 0.000010
6874 0.000010
6875 0.000010
6876 0.000010
6877 0.000010
6878 0.000010
6879 0.000010
6880 0.000010
6881 0.000010
6882 0.000010
6883 0.000010
6884 0.000010
6885 0.000010
6886 0.000010
6887 0.000010
6888 0.000010
6889 0.000010
6890 0.000010
6891 0.000010
6892 0.000010
6893 0.000010
6894 0.000010
6895 0.000010
6896 0.000010
6897 0.000010
6898 0.000010
6899 0.000010
6900 0.000010
6901 0.000010
6902 0.000010
6903 0.000010
6904 0.000010
6905 0.000010
6906 0.000010
6907 0.000010
6908 0.000010
6909 0.000010
6910 0.000010
6911 0.000010
6912 0.000010
6913 0.000010
6914 0.000010
6915 0.000010
6916 0.000010
6917 0.000010
6918 0.000010
6919 0.000010
6920 0.000010
6921 0.000010
6922 0.000010
6923 0.000010
6924 0.000010
6925 0.000010
6926 0.000010
6927 0.000010
6928 0.000010
6929 0.000010
6930 0.000010
6931 0.000010
6932 0.000010
6933 0.000010
6934 0.000010
6935 0.000010
6936 0.000010
6937 0.000010
6938 0.000010
6939 0.000010
6940 0.000010
6941 0.000010
6942 0.000010
6943 0.000010
6944 0.000010
6945 0.000010
6946 0.000010
6947 0.000010
6948 0.000010
6949 0.000010
6950 0.000010
6951 0.000010
6952 0.000010
6953 0.000010
6954 0.000010
6955 0.000010
6956 0.000010
6957 0.000010
6958 0.000010
6959 0.000010
6960 0.000010
6961 0.000010
6962 0.000010
6963 0.000010
6964 0.000010
6965 0.000010
6966 0.000010
6967 0.000010
6968 0.000010
6969 0.000010
6970 0.000010
6971 0.000010
6972 0.000010
6973 0.000010
6974 0.000010
6975 0.000010
6976 0.000010
6977 0.000010
6978 0.000010
6979 0.000010
6980 0.000010
6981 0.000010
6982 0.000010
6983 0.000010
6984 0.000010
6985 0.000010
6986 0.000010
6987 0.000010
6988 0.000010
6989 0.000010
6990 0.000010
6991 0.000010
6992 0.000010
6993 0.000010
6994 0.000010
6995 0.000010
6996 0.000010
6997 0.000010
6998 0.000010
6999 0.000010
7000 0.000010
7001 0.000010
7002 0.000010
7003 0.000010
7004 0.000010
7005 0.000010
7006 0.000010
7007 0.000010
7008 0.000010
7009 0.000010
7010 0.000010
7011 0.000010
7012 0.000010
7013 0.000010
7014 0.000010
7015 0.000010
7016 0.000010
7017 0.000010
7018 0.000010
7019 0.000010
7020 0.000010
7021 0.000010
7022 0.000010
7023 0.000010
7024 0.000010
7025 0.000010
7026 0.000010
7027 0.000010
7028 0.000010
7029 0.000010
7030 0.000010
7031 0.000010
7032 0.000010
7033 0.000010
7034 0.000010
7035 0.000010
7036 0.000010
7037 0.000010
7038 0.000010
7039 0.000010
7040 0.000010
7041 0.000010
7042 0.000010
7043 0.000010
7044 0.000010
7045 0.000010
7046 0.000010
7047 0.000010
7048 0.000010
7049 0.000010
7050 0.000010
7051 0.000010
7052 0.000010
7053 0.000010
7054 0.000010
7055 0.000010
7056 0.000010
7057 0.000010
7058 0.000010
7059 0.000010
7060 0.000010
7061 0.000010
7062 0.000010
7063 0.000010
7064 0.000010
7065 0.000010
7066 0.000010
7067 0.000010
7068 0.000010
7069 0.000010
7070 0.000010
7071 0.000010
7072 0.000010
7073 0.000010
7074 0.000010
7075 0.000010
7076 0.000010
7077 0.000010
7078 0.000010
7079 0.000010
7080 0.000010
7081 0.000010
7082 0.000010
7083 0.000010
7084 0.000010
7085 0.000010
7086 0.000010
7087 0.000010
7088 0.000010
7089 0.000010
7090 0.000010
7091 0.000010
7092 0.000010
7093 0.000010
7094 0.000010
7095 0.000010
7096 0.000010
7097 0.000010
7098 0.000010
7099 0.000010
7100 0.000010
7101 0.000010
7102 0.000010
7103 0.000010
7104 0.000010
7105 0.000010
7106 0.000010
7107 0.000010
7108 0.000010
7109 0.000010
7110 0.000010
7111 0.000010
7112 0.000010
7113 0.000010
7114 0.000010
7115 0.000010
7116 0.000010
7117 0.000010
7118 0.000010
7119 0.000010
7120 0.000010
7121 0.000010
7122 0.000010
7123 0.000010
7124 0.000010
7125 0.000010
7126 0.000010
7127 0.000010
7128 0.000010
7129 0.000010
7130 0.000010
7131 0.000010
7132 0.000010
7133 0.000010
7134 0.000010
7135 0.000010
7136 0.000010
7137 0.000010
7138 0.000010
7139 0.000010
7140 0.000010
7141 0.000010
7142 0.000010
7143 0.000010
7144 0.000010
7145 0.000010
7146 0.000010
7147 0.000010
7148 0.000010
7149 0.000010
7150 0.000010
7151 0.000010
7152 0.000010
7153 0.000010
7154 0.000010
7155 0.000010
7156 0.000010
7157 0.000010
7158 0.000010
7159 0.000010
7160 0.000010
7161 0.000010
7162 0.000010
7163 0.000010
7164 0.000010
7165 0.000010
7166 0.000010
7167 0.000010
7168 0.000010
7169 0.000010
7170 0.000010
7171 0.000010
7172 0.000010
7173 0.000010
7174 0.000010
7175 0.000010
7176 0.000010
7177 0.000010
7178 0.000010
7179 0.000010
7180 0.000010
7181 0.000010
7182 0.000010
7183 0.000010
7184 0.000010
7185 0.000010
7186 0.000010
7187 0.000010
7188 0.000010
7189 0.000010
7190 0.000010
7191 0.000010
7192 0.000010
7193 0.000010
7194 0.000010
7195 0.000010
7196 0.000010
7197 0.000010
7198 0.000010
7199 0.000010
7200 0.000010
7201 0.000010
7202 0.000010
7203 0.000010
7204 0.000010
7205 0.000010
7206 0.000010
7207 0.000010
7208 0.000010
7209 0.000010
7210 0.000010
7211 0.000010
7212 0.000010
7213 0.000010
7214 0.000010
7215 0.000010
7216 0.000010
7217 0.000010
7218 0.000010
7219 0.000010
7220 0.000010
7221 0.000010
7222 0.000010
7223 0.000010
7224 0.000010
7225 0.000010
7226 0.000010
7227 0.000010
7228 0.000010
7229 0.000010
7230 0.000010
7231 0.000010
7232 0.000010
7233 0.000010
7234 0.000010
7235 0.000010
7236 0.000010
7237 0.000010
7238 0.000010
7239 0.000010
7240 0.000010
7241 0.000010
7242 0.000010
7243 0.000010
7244 0.000010
7245 0.000010
7246 0.000010
7247 0.000010
7248 0.000010
7249 0.000010
7250 0.000010
7251 0.000010
7252 0.000010
7253 0.000010
7254 0.000010
7255 0.000010
7256 0.000010
7257 0.000010
7258 0.000010
7259 0.000010
7260 0.000010
7261 0.000010
7262 0.000010
7263 0.000010
7264 0.000010
7265 0.000010
7266 0.000010
7267 0.000010
7268 0.000010
7269 0.000010
7270 0.000010
7271 0.000010
7272 0.000010
7273 0.000010
7274 0.000010
7275 0.000010
7276 0.000010
7277 0.000010
7278 0.000010
7279 0.000010
7280 0.000010
7281 0.000010
7282 0.000010
7283 0.000010
7284 0.000010
7285 0.000010
7286 0.000010
7287 0.000010
7288 0.000010
7289 0.000010
7290 0.000010
7291 0.000010
7292 0.000010
7293 0.000010
7294 0.000010
7295 0.000010
7296 0.000010
7297 0.000010
7298 0.000010
7299 0.000010
7300 0.000010
7301 0.000010
7302 0.000010
7303 0.000010
7304 0.000010
7305 0.000010
7306 0.000010
7307 0.000010
7308 0.000010
7309 0.000010
7310 0.000010
7311 0.000010
7312 0.000010
7313 0.000010
7314 0.000010
7315 0.000010
7316 0.000010
7317 0.000010
7318 0.000010
7319 0.000010
7320 0.000010
7321 0.000010
7322 0.000010
7323 0.000010
7324 0.000010
7325 0.000010
7326 0.000010
7327 0.000010
7328 0.000010
7329 0.000010
7330 0.000010
7331 0.000010
7332 0.000010
7333 0.000010
7334 0.000010
7335 0.000010
7336 0.000010
7337 0.000010
7338 0.000010
7339 0.000010
7340 0.000010
7341 0.000010
7342 0.000010
7343 0.000010
7344 0.000010
7345 0.000010
7346 0.000010
7347 0.000010
7348 0.000010
7349 0.000010
7350 0.000010
7351 0.000010
7352 0.000010
7353 0.000010
7354 0.000010
7355 0.000010
7356 0.000010
7357 0.000010
7358 0.000010
7359 0.000010
7360 0.000010
7361 0.000010
7362 0.000010
7363 0.000010
7364 0.000010
7365 0.000010
7366 0.000010
7367 0.000010
7368 0.000010
7369 0.000010
7370 0.000010
7371 0.000010
7372 0.000010
7373 0.000010
7374 0.000010
7375 0.000010
7376 0.000010
7377 0.000010
7378 0.000010
7379 0.000010
7380 0.000010
7381 0.000010
7382 0.000010
7383 0.000010
7384 0.000010
7385 0.000010
7386 0.000010
7387 0.000010
7388 0.000010
7389 0.000010
7390 0.000010
7391 0.000010
7392 0.000010
7393 0.000010
7394 0.000010
7395 0.000010
7396 0.000010
7397 0.000010
7398 0.000010
7399 0.000010
7400 0.000010
7401 0.000010
7402 0.000010
7403 0.000010
7404 0.000010
7405 0.000010
7406 0.000010
7407 0.000010
7408 0.000010
7409 0.000010
7410 0.000010
7411 0.000010
7412 0.000010
7413 0.000010
7414 0.000010
7415 0.000010
7416 0.000010
7417 0.000010
7418 0.000010
7419 0.000010
7420 0.000010
7421 0.000010
7422 0.000010
7423 0.000010
7424 0.000010
7425 0.000010
7426 0.000010
7427 0.000010
7428 0.000010
7429 0.000010
7430 0.000010
7431 0.000010
7432 0.000010
7433 0.000010
7434 0.000010
7435 0.000010
7436 0.000010
7437 0.000010
7438 0.000010
7439 0.000010
7440 0.000010
7441 0.000010
7442 0.000010
7443 0.000010
7444 0.000010
7445 0.000010
7446 0.000010
7447 0.000010
7448 0.000010
7449 0.000010
7450 0.000010
7451 0.000010
7452 0.000010
7453 0.000010
7454 0.000010
7455 0.000010
7456 0.000010
7457 0.000010
7458 0.000010
7459 0.000010
7460 0.000010
7461 0.000010
7462 0.000010
7463 0.000010
7464 0.000010
7465 0.000010
7466 0.000010
7467 0.000010
7468 0.000010
7469 0.000010
7470 0.000010
7471 0.000010
7472 0.000010
7473 0.000010
7474 0.000010
7475 0.000010
7476 0.000010
7477 0.000010
7478 0.000010
7479 0.000010
7480 0.000010
7481 0.000010
7482 0.000010
7483 0.000010
7484 0.000010
7485 0.000010
7486 0.000010
7487 0.000010
7488 0.000010
7489 0.000010
7490 0.000010
7491 0.000010
7492 0.000010
7493 0.000010
7494 0.000010
7495 0.000010
7496 0.000010
7497 0.000010
7498 0.000010
7499 0.000010
7500 0.000010
7501 0.000010
7502 0.000010
7503 0.000010
7504 0.000010
7505 0.000010
7506 0.000010
7507 0.000010
7508 0.000010
7509 0.000010
7510 0.000010
7511 0.000010
7512 0.000010
7513 0.000010
7514 0.000010
7515 0.000010
7516 0.000010
7517 0.000010
7518 0.000010
7519 0.000010
7520 0.000010
7521 0.000010
7522 0.000010
7523 0.000010
7524 0.000010
7525 0.000010
7526 0.000010
7527 0.000010
7528 0.000010
7529 0.000010
7530 0.000010
7531 0.000010
7532 0.000010
7533 0.000010
7534 0.000010
7535 0.000010
7536 0.000010
7537 0.000010
7538 0.000010
7539 0.000010
7540 0.000010
7541 0.000010
7542 0.000010
7543 0.000010
7544 0.000010
7545 0.000010
7546 0.000010
7547 0.000010
7548 0.000010
7549 0.000010
7550 0.000010
7551 0.000010
7552 0.000010
7553 0.000010
7554 0.000010
7555 0.000010
7556 0.000010
7557 0.000010
7558 0.000010
7559 0.000010
7560 0.000010
7561 0.000010
7562 0.000010
7563 0.000010
7564 0.000010
7565 0.000010
7566 0.000010
7567 0.000010
7568 0.000010
7569 0.000010
7570 0.000010
7571 0.000010
7572 0.000010
7573 0.000010
7574 0.000010
7575 0.000010
7576 0.000010
7577 0.000010
7578 0.000010
7579 0.000010
7580 0.000010
7581 0.000010
7582 0.000010
7583 0.000010
7584 0.000010
7585 0.000010
7586 0.000010
7587 0.000010
7588 0.000010
7589 0.000010
7590 0.000010
7591 0.000010
7592 0.000010
7593 0.000010
7594 0.000010
7595 0.000010
7596 0.000010
7597 0.000010
7598 0.000010
7599 0.000010
7600 0.000010
7601 0.000010
7602 0.000010
7603 0.000010
7604 0.000010
7605 0.000010
7606 0.000010
7607 0.000010
7608 0.000010
7609 0.000010
7610 0.000010
7611 0.000010
7612 0.000010
7613 0.000010
7614 0.000010
7615 0.000010
7616 0.000010
7617 0.000010
7618 0.000010
7619 0.000010
7620 0.000010
7621 0.000010
7622 0.000010
7623 0.000010
7624 0.000010
7625 0.000010
7626 0.000010
7627 0.000010
7628 0.000010
7629 0.000010
7630 0.000010
7631 0.000010
7632 0.000010
7633 0.000010
7634 0.000010
7635 0.000010
7636 0.000010
7637 0.000010
7638 0.000010
7639 0.000010
7640 0.000010
7641 0.000010
7642 0.000010
7643 0.000010
7644 0.000010
7645 0.000010
7646 0.000010
7647 0.000010
7648 0.000010
7649 0.000010
7650 0.000010
7651 0.000010
7652 0.000010
7653 0.000010
7654 0.000010
7655 0.000010
7656 0.000010
7657 0.000010
7658 0.000010
7659 0.000010
7660 0.000010
7661 0.000010
7662 0.000010
7663 0.000010
7664 0.000010
7665 0.000010
7666 0.000010
7667 0.000010
7668 0.000010
7669 0.000010
7670 0.000010
7671 0.000010
7672 0.000010
7673 0.000010
7674 0.000010
7675 0.000010
7676 0.000010
7677 0.000010
7678 0.000010
7679 0.000010
7680 0.000010
7681 0.000010
7682 0.000010
7683 0.000010
7684 0.000010
7685 0.000010
7686 0.000010
7687 0.000010
7688 0.000010
7689 0.000010
7690 0.000010
7691 0.000010
7692 0.000010
7693 0.000010
7694 0.000010
7695 0.000010
7696 0.000010
7697 0.000010
7698 0.000010
7699 0.000010
7700 0.000010
7701 0.000010
7702 0.000010
7703 0.000010
7704 0.000010
7705 0.000010
7706 0.000010
7707 0.000010
7708 0.000010
7709 0.000010
7710 0.000010
7711 0.000010
7712 0.000010
7713 0.000010
7714 0.000010
7715 0.000010
7716 0.000010
7717 0.000010
7718 0.000010
7719 0.000010
7720 0.000010
7721 0.000010
7722 0.000010
7723 0.000010
7724 0.000010
7725 0.000010
7726 0.000010
7727 0.000010
7728 0.000010
7729 0.000010
7730 0.000010
7731 0.000010
7732 0.000010
7733 0.000010
7734 0.000010
7735 0.000010
7736 0.000010
7737 0.000010
7738 0.000010
7739 0.000010
7740 0.000010
7741 0.000010
7742 0.000010
7743 0.000010
7744 0.000010
7745 0.000010
7746 0.000010
7747 0.000010
7748 0.000010
7749 0.000010
7750 0.000010
7751 0.000010
7752 0.000010
7753 0.000010
7754 0.000010
7755 0.000010
7756 0.000010
7757 0.000010
7758 0.000010
7759 0.000010
7760 0.000010
7761 0.000010
7762 0.000010
7763 0.000010
7764 0.000010
7765 0.000010
7766 0.000010
7767 0.000010
7768 0.000010
7769 0.000010
7770 0.000010
7771 0.000010
7772 0.000010
7773 0.000010
7774 0.000010
7775 0.000010
7776 0.000010
7777 0.000010
7778 0.000010
7779 0.000010
7780 0.000010
7781 0.000010
7782 0.000010
7783 0.000010
7784 0.000010
7785 0.000010
7786 0.000010
7787 0.000010
7788 0.000010
7789 0.000010
7790 0.000010
7791 0.000010
7792 0.000010
7793 0.000010
7794 0.000010
7795 0.000010
7796 0.000010
7797 0.000010
7798 0.000010
7799 0.000010
7800 0.000010
7801 0.000010
7802 0.000010
7803 0.000010
7804 0.000010
7805 0.000010
7806 0.000010
7807 0.000010
7808 0.000010
7809 0.000010
7810 0.000010
7811 0.000010
7812 0.000010
7813 0.000010
7814 0.000010
7815 0.000010
7816 0.000010
7817 0.000010
7818 0.000010
7819 0.000010
7820 0.000010
7821 0.000010
7822 0.000010
7823 0.000010
7824 0.000010
7825 0.000010
7826 0.000010
7827 0.000010
7828 0.000010
7829 0.000010
7830 0.000010
7831 0.000010
7832 0.000010
7833 0.000010
7834 0.000010
7835 0.000010
7836 0.000010
7837 0.000010
7838 0.000010
7839 0.000010
7840 0.000010
7841 0.000010
7842 0.000010
7843 0.000010
7844 0.000010
7845 0.000010
7846 0.000010
7847 0.000010
7848 0.000010
7849 0.000010
7850 0.000010
7851 0.000010
7852 0.000010
7853 0.000010
7854 0.000010
7855 0.000010
7856 0.000010
7857 0.000010
7858 0.000010
7859 0.000010
7860 0.000010
7861 0.000010
7862 0.000010
7863 0.000010
7864 0.000010
7865 0.000010
7866 0.000010
7867 0.000010
7868 0.000010
7869 0.000010
7870 0.000010
7871 0.000010
7872 0.000010
7873 0.000010
7874 0.000010
7875 0.000010
7876 0.000010
7877 0.000010
7878 0.000010
7879 0.000010
7880 0.000010
7881 0.000010
7882 0.000010
7883 0.000010
7884 0.000010
7885 0.000010
7886 0.000010
7887 0.000010
7888 0.000010
7889 0.000010
7890 0.000010
7891 0.000010
7892 0.000010
7893 0.000010
7894 0.000010
7895 0.000010
7896 0.000010
7897 0.000010
7898 0.000010
7899 0.000010
7900 0.000010
7901 0.000010
7902 0.000010
7903 0.000010
7904 0.000010
7905 0.000010
7906 0.000010
7907 0.000010
7908 0.000010
7909 0.000010
7910 0.000010
7911 0.000010
7912 0.000010
7913 0.000010
7914 0.000010
7915 0.000010
7916 0.000010
7917 0.000010
7918 0.000010
7919 0.000010
7920 0.000010
7921 0.000010
7922 0.000010
7923 0.000010
7924 0.000010
7925 0.000010
7926 0.000010
7927 0.000010
7928 0.000010
7929 0.000010
7930 0.000010
7931 0.000010
7932 0.000010
7933 0.000010
7934 0.000010
7935 0.000010
7936 0.000010
7937 0.000010
7938 0.000010
7939 0.000010
7940 0.000010
7941 0.000010
7942 0.000010
7943 0.000010
7944 0.000010
7945 0.000010
7946 0.000010
7947 0.000010
7948 0.000010
7949 0.000010
7950 0.000010
7951 0.000010
7952 0.000010
7953 0.000010
7954 0.000010
7955 0.000010
7956 0.000010
7957 0.000010
7958 0.000010
7959 0.000010
7960 0.000010
7961 0.000010
7962 0.000010
7963 0.000010
7964 0.000010
7965 0.000010
7966 0.000010
7967 0.000010
7968 0.000010
7969 0.000010
7970 0.000010
7971 0.000010
7972 0.000010
7973 0.000010
7974 0.000010
7975 0.000010
7976 0.000010
7977 0.000010
7978 0.000010
7979 0.000010
7980 0.000010
7981 0.000010
7982 0.000010
7983 0.000010
7984 0.000010
7985 0.000010
7986 0.000010
7987 0.000010
7988 0.000010
7989 0.000010
7990 0.000010
7991 0.000010
7992 0.000010
7993 0.000010
7994 0.000010
7995 0.000010
7996 0.000010
7997 0.000010
7998 0.000010
7999 0.000010
8000 0.000010
8001 0.000010
8002 0.000010
8003 0.000010
8004 0.000010
8005 0.000010
8006 0.000010
8007 0.000010
8008 0.000010
8009 0.000010
8010 0.000010
8011 0.000010
8012 0.000010
8013 0.000010
8014 0.000010
8015 0.000010
8016 0.000010
8017 0.000010
8018 0.000010
8019 0.000010
8020 0.000010
8021 0.000010
8022 0.000010
8023 0.000010
8024 0.000010
8025 0.000010
8026 0.000010
8027 0.000010
8028 0.000010
8029 0.000010
8030 0.000010
8031 0.000010
8032 0.000010
8033 0.000010
8034 0.000010
8035 0.000010
8036 0.000010
8037 0.000010
8038 0.000010
8039 0.000010
8040 0.000010
8041 0.000010
8042 0.000010
8043 0.000010
8044 0.000010
8045 0.000010
8046 0.000010
8047 0.000010
8048 0.000010
8049 0.000010
8050 0.000010
8051 0.000010
8052 0.000010
8053 0.000010
8054 0.000010
8055 0.000010
8056 0.000010
8057 0.000010
8058 0.000010
8059 0.000010
8060 0.000010
8061 0.000010
8062 0.000010
8063 0.000010
8064 0.000010
8065 0.000010
8066 0.000010
8067 0.000010
8068 0.000010
8069 0.000010
8070 0.000010
8071 0.000010
8072 0.000010
8073 0.000010
8074 0.000010
8075 0.000010
8076 0.000010
8077 0.000010
8078 0.000010
8079 0.000010
8080 0.000010
8081 0.000010
8082 0.000010
8083 0.000010
8084 0.000010
8085 0.000010
8086 0.000010
8087 0.000010
8088 0.000010
8089 0.000010
8090 0.000010
8091 0.000010
8092 0.000010
8093 0.000010
8094 0.000010
8095 0.000010
8096 0.000010
8097 0.000010
8098 0.000010
8099 0.000010
8100 0.000010
8101 0.000010
8102 0.000010
8103 0.000010
8104 0.000010
8105 0.000010
8106 0.000010
8107 0.000010
8108 0.000010
8109 0.000010
8110 0.000010
8111 0.000010
8112 0.000010
8113 0.000010
8114 0.000010
8115 0.000010
8116 0.000010
8117 0.000010
8118 0.000010
8119 0.000010
8120 0.000010
8121 0.000010
8122 0.000010
8123 0.000010
8124 0.000010
8125 0.000010
8126 0.000010
8127 0.000010
8128 0.000010
8129 0.000010
8130 0.000010
8131 0.000010
8132 0.000010
8133 0.000010
8134 0.000010
8135 0.000010
8136 0.000010
8137 0.000010
8138 0.000010
8139 0.000010
8140 0.000010
8141 0.000010
8142 0.000010
8143 0.000010
8144 0.000010
8145 0.000010
8146 0.000010
8147 0.000010
8148 0.000010
8149 0.000010
8150 0.000010
8151 0.000010
8152 0.000010
8153 0.000010
8154 0.000010
8155 0.000010
8156 0.000010
8157 0.000010
8158 0.000010
8159 0.000010
8160 0.000010
8161 0.000010
8162 0.000010
8163 0.000010
8164 0.000010
8165 0.000010
8166 0.000010
8167 0.000010
8168 0.000010
8169 0.000010
8170 0.000010
8171 0.000010
8172 0.000010
8173 0.000010
8174 0.000010
8175 0.000010
8176 0.000010
8177 0.000010
8178 0.000010
8179 0.000010
8180 0.000010
8181 0.000010
8182 0.000010
8183 0.000010
8184 0.000010
8185 0.000010
8186 0.000010
8187 0.000010
8188 0.000010
8189 0.000010
8190 0.000010
8191 0.000010
8192 0.000010
8193 0.000010
8194 0.000010
8195 0.000010
8196 0.000010
8197 0.000010
8198 0.000010
8199 0.000010
8200 0.000010
8201 0.000010
8202 0.000010
8203 0.000010
8204 0.000010
8205 0.000010
8206 0.000010
8207 0.000010
8208 0.000010
8209 0.000010
8210 0.000010
8211 0.000010
8212 0.000010
8213 0.000010
8214 0.000010
8215 0.000010
8216 0.000010
8217 0.000010
8218 0.000010
8219 0.000010
8220 0.000010
8221 0.000010
8222 0.000010
8223 0.000010
8224 0.000010
8225 0.000010
8226 0.000010
8227 0.000010
8228 0.000010
8229 0.000010
8230 0.000010
8231 0.000010
8232 0.000010
8233 0.000010
8234 0.000010
8235 0.000010
8236 0.000010
8237 0.000010
8238 0.000010
8239 0.000010
8240 0.000010
8241 0.000010
8242 0.000010
8243 0.000010
8244 0.000010
8245 0.000010
8246 0.000010
8247 0.000010
8248 0.000010
8249 0.000010
8250 0.000010
8251 0.000010
8252 0.000010
8253 0.000010
8254 0.000010
8255 0.000010
8256 0.000010
8257 0.000010
8258 0.000010
8259 0.000010
8260 0.000010
8261 0.000010
8262 0.000010
8263 0.000010
8264 0.000010
8265 0.000010
8266 0.000010
8267 0.000010
8268 0.000010
8269 0.000010
8270 0.000010
8271 0.000010
8272 0.000010
8273 0.000010
8274 0.000010
8275 0.000010
8276 0.000010
8277 0.000010
8278 0.000010
8279 0.000010
8280 0.000010
8281 0.000010
8282 0.000010
8283 0.000010
8284 0.000010
8285 0.000010
8286 0.000010
8287 0.000010
8288 0.000010
8289 0.000010
8290 0.000010
8291 0.000010
8292 0.000010
8293 0.000010
8294 0.000010
8295 0.000010
8296 0.000010
8297 0.000010
8298 0.000010
8299 0.000010
8300 0.000010
8301 0.000010
8302 0.000010
8303 0.000010
8304 0.000010
8305 0.000010
8306 0.000010
8307 0.000010
8308 0.000010
8309 0.000010
8310 0.000010
8311 0.000010
8312 0.000010
8313 0.000010
8314 0.000010
8315 0.000010
8316 0.000010
8317 0.000010
8318 0.000010
8319 0.000010
8320 0.000010
8321 0.000010
8322 0.000010
8323 0.000010
8324 0.000010
8325 0.000010
8326 0.000010
8327 0.000010
8328 0.000010
8329 0.000010
8330 0.000010
8331 0.000010
8332 0.000010
8333 0.000010
8334 0.000010
8335 0.000010
8336 0.000010
8337 0.000010
8338 0.000010
8339 0.000010
8340 0.000010
8341 0.000010
8342 0.000010
8343 0.000010
8344 0.000010
8345 0.000010
8346 0.000010
8347 0.000010
8348 0.000010
8349 0.000010
8350 0.000010
8351 0.000010
8352 0.000010
8353 0.000010
8354 0.000010
8355 0.000010
8356 0.000010
8357 0.000010
8358 0.000010
8359 0.000010
8360 0.000010
8361 0.000010
8362 0.000010
8363 0.000010
8364 0.000010
8365 0.000010
8366 0.000010
8367 0.000010
8368 0.000010
8369 0.000010
8370 0.000010
8371 0.000010
8372 0.000010
8373 0.000010
8374 0.000010
8375 0.000010
8376 0.000010
8377 0.000010
8378 0.000010
8379 0.000010
8380 0.000010
8381 0.000010
8382 0.000010
8383 0.000010
8384 0.000010
8385 0.000010
8386 0.000010
8387 0.000010
8388 0.000010
8389 0.000010
8390 0.000010
8391 0.000010
8392 0.000010
8393 0.000010
8394 0.000010
8395 0.000010
8396 0.000010
8397 0.000010
8398 0.000010
8399 0.000010
8400 0.000010
8401 0.000010
8402 0.000010
8403 0.000010
8404 0.000010
8405 0.000010
8406 0.000010
8407 0.000010
8408 0.000010
8409 0.000010
8410 0.000010
8411 0.000010
8412 0.000010
8413 0.000010
8414 0.000010
8415 0.000010
8416 0.000010
8417 0.000010
8418 0.000010
8419 0.000010
8420 0.000010
8421 0.000010
8422 0.000010
8423 0.000010
8424 0.000010
8425 0.000010
8426 0.000010
8427 0.000010
8428 0.000010
8429 0.000010
8430 0.000010
8431 0.000010
8432 0.000010
8433 0.000010
8434 0.000010
8435 0.000010
8436 0.000010
8437 0.000010
8438 0.000010
8439 0.000010
8440 0.000010
8441 0.000010
8442 0.000010
8443 0.000010
8444 0.000010
8445 0.000010
8446 0.000010
8447 0.000010
8448 0.000010
8449 0.000010
8450 0.000010
8451 0.000010
8452 0.000010
8453 0.000010
8454 0.000010
8455 0.000010
8456 0.000010
8457 0.000010
8458 0.000010
8459 0.000010
8460 0.000010
8461 0.000010
8462 0.000010
8463 0.000010
8464 0.000010
8465 0.000010
8466 0.000010
8467 0.000010
8468 0.000010
8469 0.000010
8470 0.000010
8471 0.000010
8472 0.000010
8473 0.000010
8474 0.000010
8475 0.000010
8476 0.000010
8477 0.000010
8478 0.000010
8479 0.000010
8480 0.000010
8481 0.000010
8482 0.000010
8483 0.000010
8484 0.000010
8485 0.000010
8486 0.000010
8487 0.000010
8488 0.000010
8489 0.000010
8490 0.000010
8491 0.000010
8492 0.000010
8493 0.000010
8494 0.000010
8495 0.000010
8496 0.000010
8497 0.000010
8498 0.000010
8499 0.000010
8500 0.000010
8501 0.000010
8502 0.000010
8503 0.000010
8504 0.000010
8505 0.000010
8506 0.000010
8507 0.000010
8508 0.000010
8509 0.000010
8510 0.000010
8511 0.000010
8512 0.000010
8513 0.000010
8514 0.000010
8515 0.000010
8516 0.000010
8517 0.000010
8518 0.000010
8519 0.000010
8520 0.000010
8521 0.000010
8522 0.000010
8523 0.000010
8524 0.000010
8525 0.000010
8526 0.000010
8527 0.000010
8528 0.000010
8529 0.000010
8530 0.000010
8531 0.000010
8532 0.000010
8533 0.000010
8534 0.000010
8535 0.000010
8536 0.000010
8537 0.000010
8538 0.000010
8539 0.000010
8540 0.000010
8541 0.000010
8542 0.000010
8543 0.000010
8544 0.000010
8545 0.000010
8546 0.000010
8547 0.000010
8548 0.000010
8549 0.000010
8550 0.000010
8551 0.000010
8552 0.000010
8553 0.000010
8554 0.000010
8555 0.000010
8556 0.000010
8557 0.000010
8558 0.000010
8559 0.000010
8560 0.000010
8561 0.000010
8562 0.000010
8563 0.000010
8564 0.000010
8565 0.000010
8566 0.000010
8567 0.000010
8568 0.000010
8569 0.000010
8570 0.000010
8571 0.000010
8572 0.000010
8573 0.000010
8574 0.000010
8575 0.000010
8576 0.000010
8577 0.000010
8578 0.000010
8579 0.000010
8580 0.000010
8581 0.000010
8582 0.000010
8583 0.000010
8584 0.000010
8585 0.000010
8586 0.000010
8587 0.000010
8588 0.000010
8589 0.000010
8590 0.000010
8591 0.000010
8592 0.000010
8593 0.000010
8594 0.000010
8595 0.000010
8596 0.000010
8597 0.000010
8598 0.000010
8599 0.000010
8600 0.000010
8601 0.000010
8602 0.000010
8603 0.000010
8604 0.000010
8605 0.000010
8606 0.000010
8607 0.000010
8608 0.000010
8609 0.000010
8610 0.000010
8611 0.000010
8612 0.000010
8613 0.000010
8614 0.000010
8615 0.000010
8616 0.000010
8617 0.000010
8618 0.000010
8619 0.000010
8620 0.000010
8621 0.000010
8622 0.000010
8623 0.000010
8624 0.000010
8625 0.000010
8626 0.000010
8627 0.000010
8628 0.000010
8629 0.000010
8630 0.000010
8631 0.000010
8632 0.000010
8633 0.000010
8634 0.000010
8635 0.000010
8636 0.000010
8637 0.000010
8638 0.000010
8639 0.000010
8640 0.000010
8641 0.000010
8642 0.000010
8643 0.000010
8644 0.000010
8645 0.000010
8646 0.000010
8647 0.000010
8648 0.000010
8649 0.000010
8650 0.000010
8651 0.000010
8652 0.000010
8653 0.000010
8654 0.000010
8655 0.000010
8656 0.000010
8657 0.000010
8658 0.000010
8659 0.000010
8660 0.000010
8661 0.000010
8662 0.000010
8663 0.000010
8664 0.000010
8665 0.000010
8666 0.000010
8667 0.000010
8668 0.000010
8669 0.000010
8670 0.000010
8671 0.000010
8672 0.000010
8673 0.000010
8674 0.000010
8675 0.000010
8676 0.000010
8677 0.000010
8678 0.000010
8679 0.000010
8680 0.000010
8681 0.000010
8682 0.000010
8683 0.000010
8684 0.000010
8685 0.000010
8686 0.000010
8687 0.000010
8688 0.000010
8689 0.000010
8690 0.000010
8691 0.000010
8692 0.000010
8693 0.000010
8694 0.000010
8695 0.000010
8696 0.000010
8697 0.000010
8698 0.000010
8699 0.000010
8700 0.000010
8701 0.000010
8702 0.000010
8703 0.000010
8704 0.000010
8705 0.000010
8706 0.000010
8707 0.000010
8708 0.000010
8709 0.000010
8710 0.000010
8711 0.000010
8712 0.000010
8713 0.000010
8714 0.000010
8715 0.000010
8716 0.000010
8717 0.000010
8718 0.000010
8719 0.000010
8720 0.000010
8721 0.000010
8722 0.000010
8723 0.000010
8724 0.000010
8725 0.000010
8726 0.000010
8727 0.000010
8728 0.000010
8729 0.000010
8730 0.000010
8731 0.000010
8732 0.000010
8733 0.000010
8734 0.000010
8735 0.000010
8736 0.000010
8737 0.000010
8738 0.000010
8739 0.000010
8740 0.000010
8741 0.000010
8742 0.000010
8743 0.000010
8744 0.000010
8745 0.000010
8746 0.000010
8747 0.000010
8748 0.000010
8749 0.000010
8750 0.000010
8751 0.000010
8752 0.000010
8753 0.000010
8754 0.000010
8755 0.000010
8756 0.000010
8757 0.000010
8758 0.000010
8759 0.000010
8760 0.000010
8761 0.000010
8762 0.000010
8763 0.000010
8764 0.000010
8765 0.000010
8766 0.000010
8767 0.000010
8768 0.000010
8769 0.000010
8770 0.000010
8771 0.000010
8772 0.000010
8773 0.000010
8774 0.000010
8775 0.000010
8776 0.000010
8777 0.000010
8778 0.000010
8779 0.000010
8780 0.000010
8781 0.000010
8782 0.000010
8783 0.000010
8784 0.000010
8785 0.000010
8786 0.000010
8787 0.000010
8788 0.000010
8789 0.000010
8790 0.000010
8791 0.000010
8792 0.000010
8793 0.000010
8794 0.000010
8795 0.000010
8796 0.000010
8797 0.000010
8798 0.000010
8799 0.000010
8800 0.000010
8801 0.000010
8802 0.000010
8803 0.000010
8804 0.000010
8805 0.000010
8806 0.000010
8807 0.000010
8808 0.000010
8809 0.000010
8810 0.000010
8811 0.000010
8812 0.000010
8813 0.000010
8814 0.000010
8815 0.000010
8816 0.000010
8817 0.000010
8818 0.000010
8819 0.000010
8820 0.000010
8821 0.000010
8822 0.000010
8823 0.000010
8824 0.000010
8825 0.000010
8826 0.000010
8827 0.000010
8828 0.000010
8829 0.000010
8830 0.000010
8831 0.000010
8832 0.000010
8833 0.000010
8834 0.000010
8835 0.000010
8836 0.000010
8837 0.000010
8838 0.000010
8839 0.000010
8840 0.000010
8841 0.000010
8842 0.000010
8843 0.000010
8844 0.000010
8845 0.000010
8846 0.000010
8847 0.000010
8848 0.000010
8849 0.000010
8850 0.000010
8851 0.000010
8852 0.000010
8853 0.000010
8854 0.000010
8855 0.000010
8856 0.000010
8857 0.000010
8858 0.000010
8859 0.000010
8860 0.000010
8861 0.000010
8862 0.000010
8863 0.000010
8864 0.000010
8865 0.000010
8866 0.000010
8867 0.000010
8868 0.000010
8869 0.000010
8870 0.000010
8871 0.000010
8872 0.000010
8873 0.000010
8874 0.000010
8875 0.000010
8876 0.000010
8877 0.000010
8878 0.000010
8879 0.000010
8880 0.000010
8881 0.000010
8882 0.000010
8883 0.000010
8884 0.000010
8885 0.000010
8886 0.000010
8887 0.000010
8888 0.000010
8889 0.000010
8890 0.000010
8891 0.000010
8892 0.000010
8893 0.000010
8894 0.000010
8895 0.000010
8896 0.000010
8897 0.000010
8898 0.000010
8899 0.000010
8900 0.000010
8901 0.000010
8902 0.000010
8903 0.000010
8904 0.000010
8905 0.000010
8906 0.000010
8907 0.000010
8908 0.000010
8909 0.000010
8910 0.000010
8911 0.000010
8912 0.000010
8913 0.000010
8914 0.000010
8915 0.000010
8916 0.000010
8917 0.000010
8918 0.000010
8919 0.000010
8920 0.000010
8921 0.000010
8922 0.000010
8923 0.000010
8924 0.000010
8925 0.000010
8926 0.000010
8927 0.000010
8928 0.000010
8929 0.000010
8930 0.000010
8931 0.000010
8932 0.000010
8933 0.000010
8934 0.000010
8935 0.000010
8936 0.000010
8937 0.000010
8938 0.000010
8939 0.000010
8940 0.000010
8941 0.000010
8942 0.000010
8943 0.000010
8944 0.000010
8945 0.000010
8946 0.000010
8947 0.000010
8948 0.000010
8949 0.000010
8950 0.000010
8951 0.000010
8952 0.000010
8953 0.000010
8954 0.000010
8955 0.000010
8956 0.000010
8957 0.000010
8958 0.000010
8959 0.000010
8960 0.000010
8961 0.000010
8962 0.000010
8963 0.000010
8964 0.000010
8965 0.000010
8966 0.000010
8967 0.000010
8968 0.000010
8969 0.000010
8970 0.000010
8971 0.000010
8972 0.000010
8973 0.000010
8974 0.000010
8975 0.000010
8976 0.000010
8977 0.000010
8978 0.000010
8979 0.000010
8980 0.000010
8981 0.000010
8982 0.000010
8983 0.000010
8984 0.000010
8985 0.000010
8986 0.000010
8987 0.000010
8988 0.000010
8989 0.000010
8990 0.000010
8991 0.000010
8992 0.000010
8993 0.000010
8994 0.000010
8995 0.000010
8996 0.000010
8997 0.000010
8998 0.000010
8999 0.000010
9000 0.000010
9001 0.000010
9002 0.000010
9003 0.000010
9004 0.000010
9005 0.000010
9006 0.000010
9007 0.000010
9008 0.000010
9009 0.000010
9010 0.000010
9011 0.000010
9012 0.000010
9013 0.000010
9014 0.000010
9015 0.000010
9016 0.000010
9017 0.000010
9018 0.000010
9019 0.000010
9020 0.000010
9021 0.000010
9022 0.000010
9023 0.000010
9024 0.000010
9025 0.000010
9026 0.000010
9027 0.000010
9028 0.000010
9029 0.000010
9030 0.000010
9031 0.000010
9032 0.000010
9033 0.000010
9034 0.000010
9035 0.000010
9036 0.000010
9037 0.000010
9038 0.000010
9039 0.000010
9040 0.000010
9041 0.000010
9042 0.000010
9043 0.000010
9044 0.000010
9045 0.000010
9046 0.000010
9047 0.000010
9048 0.000010
9049 0.000010
9050 0.000010
9051 0.000010
9052 0.000010
9053 0.000010
9054 0.000010
9055 0.000010
9056 0.000010
9057 0.000010
9058 0.000010
9059 0.000010
9060 0.000010
9061 0.000010
9062 0.000010
9063 0.000010
9064 0.000010
9065 0.000010
9066 0.000010
9067 0.000010
9068 0.000010
9069 0.000010
9070 0.000010
9071 0.000010
9072 0.000010
9073 0.000010
9074 0.000010
9075 0.000010
9076 0.000010
9077 0.000010
9078 0.000010
9079 0.000010
9080 0.000010
9081 0.000010
9082 0.000010
9083 0.000010
9084 0.000010
9085 0.000010
9086 0.000010
9087 0.000010
9088 0.000010
9089 0.000010
9090 0.000010
9091 0.000010
9092 0.000010
9093 0.000010
9094 0.000010
9095 0.000010
9096 0.000010
9097 0.000010
9098 0.000010
9099 0.000010
9100 0.000010
9101 0.000010
9102 0.000010
9103 0.000010
9104 0.000010
9105 0.000010
9106 0.000010
9107 0.000010
9108 0.000010
9109 0.000010
9110 0.000010
9111 0.000010
9112 0.000010
9113 0.000010
9114 0.000010
9115 0.000010
9116 0.000010
9117 0.000010
9118 0.000010
9119 0.000010
9120 0.000010
9121 0.000010
9122 0.000010
9123 0.000010
9124 0.000010
9125 0.000010
9126 0.000010
9127 0.000010
9128 0.000010
9129 0.000010
9130 0.000010
9131 0.000010
9132 0.000010
9133 0.000010
9134 0.000010
9135 0.000010
9136 0.000010
9137 0.000010
9138 0.000010
9139 0.000010
9140 0.000010
9141 0.000010
9142 0.000010
9143 0.000010
9144 0.000010
9145 0.000010
9146 0.000010
9147 0.000010
9148 0.000010
9149 0.000010
9150 0.000010
9151 0.000010
9152 0.000010
9153 0.000010
9154 0.000010
9155 0.000010
9156 0.000010
9157 0.000010
9158 0.000010
9159 0.000010
9160 0.000010
9161 0.000010
9162 0.000010
9163 0.000010
9164 0.000010
9165 0.000010
9166 0.000010
9167 0.000010
9168 0.000010
9169 0.000010
9170 0.000010
9171 0.000010
9172 0.000010
9173 0.000010
9174 0.000010
9175 0.000010
9176 0.000010
9177 0.000010
9178 0.000010
9179 0.000010
9180 0.000010
9181 0.000010
9182 0.000010
9183 0.000010
9184 0.000010
9185 0.000010
9186 0.000010
9187 0.000010
9188 0.000010
9189 0.000010
9190 0.000010
9191 0.000010
9192 0.000010
9193 0.000010
9194 0.000010
9195 0.000010
9196 0.000010
9197 0.000010
9198 0.000010
9199 0.000010
9200 0.000010
9201 0.000010
9202 0.000010
9203 0.000010
9204 0.000010
9205 0.000010
9206 0.000010
9207 0.000010
9208 0.000010
9209 0.000010
9210 0.000010
9211 0.000010
9212 0.000010
9213 0.000010
9214 0.000010
9215 0.000010
9216 0.000010
9217 0.000010
9218 0.000010
9219 0.000010
9220 0.000010
9221 0.000010
9222 0.000010
9223 0.000010
9224 0.000010
9225 0.000010
9226 0.000010
9227 0.000010
9228 0.000010
9229 0.000010
9230 0.000010
9231 0.000010
9232 0.000010
9233 0.000010
9234 0.000010
9235 0.000010
9236 0.000010
9237 0.000010
9238 0.000010
9239 0.000010
9240 0.000010
9241 0.000010
9242 0.000010
9243 0.000010
9244 0.000010
9245 0.000010
9246 0.000010
9247 0.000010
9248 0.000010
9249 0.000010
9250 0.000010
9251 0.000010
9252 0.000010
9253 0.000010
9254 0.000010
9255 0.000010
9256 0.000010
9257 0.000010
9258 0.000010
9259 0.000010
9260 0.000010
9261 0.000010
9262 0.000010
9263 0.000010
9264 0.000010
9265 0.000010
9266 0.000010
9267 0.000010
9268 0.000010
9269 0.000010
9270 0.000010
9271 0.000010
9272 0.000010
9273 0.000010
9274 0.000010
9275 0.000010
9276 0.000010
9277 0.000010
9278 0.000010
9279 0.000010
9280 0.000010
9281 0.000010
9282 0.000010
9283 0.000010
9284 0.000010
9285 0.000010
9286 0.000010
9287 0.000010
9288 0.000010
9289 0.000010
9290 0.000010
9291 0.000010
9292 0.000010
9293 0.000010
9294 0.000010
9295 0.000010
9296 0.000010
9297 0.000010
9298 0.000010
9299 0.000010
9300 0.000010
9301 0.000010
9302 0.000010
9303 0.000010
9304 0.000010
9305 0.000010
9306 0.000010
9307 0.000010
9308 0.000010
9309 0.000010
9310 0.000010
9311 0.000010
9312 0.000010
9313 0.000010
9314 0.000010
9315 0.000010
9316 0.000010
9317 0.000010
9318 0.000010
9319 0.000010
9320 0.000010
9321 0.000010
9322 0.000010
9323 0.000010
9324 0.000010
9325 0.000010
9326 0.000010
9327 0.000010
9328 0.000010
9329 0.000010
9330 0.000010
9331 0.000010
9332 0.000010
9333 0.000010
9334 0.000010
9335 0.000010
9336 0.000010
9337 0.000010
9338 0.000010
9339 0.000010
9340 0.000010
9341 0.000010
9342 0.000010
9343 0.000010
9344 0.000010
9345 0.000010
9346 0.000010
9347 0.000010
9348 0.000010
9349 0.000010
9350 0.000010
9351 0.000010
9352 0.000010
9353 0.000010
9354 0.000010
9355 0.000010
9356 0.000010
9357 0.000010
9358 0.000010
9359 0.000010
9360 0.000010
9361 0.000010
9362 0.000010
9363 0.000010
9364 0.000010
9365 0.000010
9366 0.000010
9367 0.000010
9368 0.000010
9369 0.000010
9370 0.000010
9371 0.000010
9372 0.000010
9373 0.000010
9374 0.000010
9375 0.000010
9376 0.000010
9377 0.000010
9378 0.000010
9379 0.000010
9380 0.000010
9381 0.000010
9382 0.000010
9383 0.000010
9384 0.000010
9385 0.000010
9386 0.000010
9387 0.000010
9388 0.000010
9389 0.000010
9390 0.000010
9391 0.000010
9392 0.000010
9393 0.000010
9394 0.000010
9395 0.000010
9396 0.000010
9397 0.000010
9398 0.000010
9399 0.000010
9400 0.000010
9401 0.000010
9402 0.000010
9403 0.000010
9404 0.000010
9405 0.000010
9406 0.000010
9407 0.000010
9408 0.000010
9409 0.000010
9410 0.000010
9411 0.000010
9412 0.000010
9413 0.000010
9414 0.000010
9415 0.000010
9416 0.000010
9417 0.000010
9418 0.000010
9419 0.000010
9420 0.000010
9421 0.000010
9422 0.000010
9423 0.000010
9424 0.000010
9425 0.000010
9426 0.000010
9427 0.000010
9428 0.000010
9429 0.000010
9430 0.000010
9431 0.000010
9432 0.000010
9433 0.000010
9434 0.000010
9435 0.000010
9436 0.000010
9437 0.000010
9438 0.000010
9439 0.000010
9440 0.000010
9441 0.000010
9442 0.000010
9443 0.000010
9444 0.000010
9445 0.000010
9446 0.000010
9447 0.000010
9448 0.000010
9449 0.000010
9450 0.000010
9451 0.000010
9452 0.000010
9453 0.000010
9454 0.000010
9455 0.000010
9456 0.000010
9457 0.000010
9458 0.000010
9459 0.000010
9460 0.000010
9461 0.000010
9462 0.000010
9463 0.000010
9464 0.000010
9465 0.000010
9466 0.000010
9467 0.000010
9468 0.000010
9469 0.000010
9470 0.000010
9471 0.000010
9472 0.000010
9473 0.000010
9474 0.000010
9475 0.000010
9476 0.000010
9477 0.000010
9478 0.000010
9479 0.000010
9480 0.000010
9481 0.000010
9482 0.000010
9483 0.000010
9484 0.000010
9485 0.000010
9486 0.000010
9487 0.000010
9488 0.000010
9489 0.000010
9490 0.000010
9491 0.000010
9492 0.000010
9493 0.000010
9494 0.000010
9495 0.000010
9496 0.000010
9497 0.000010
9498 0.000010
9499 0.000010
9500 0.000010
9501 0.000010
9502 0.000010
9503 0.000010
9504 0.000010
9505 0.000010
9506 0.000010
9507 0.000010
9508 0.000010
9509 0.000010
9510 0.000010
9511 0.000010
9512 0.000010
9513 0.000010
9514 0.000010
9515 0.000010
9516 0.000010
9517 0.000010
9518 0.000010
9519 0.000010
9520 0.000010
9521 0.000010
9522 0.000010
9523 0.000010
9524 0.000010
9525 0.000010
9526 0.000010
9527 0.000010
9528 0.000010
9529 0.000010
9530 0.000010
9531 0.000010
9532 0.000010
9533 0.000010
9534 0.000010
9535 0.000010
9536 0.000010
9537 0.000010
9538 0.000010
9539 0.000010
9540 0.000010
9541 0.000010
9542 0.000010
9543 0.000010
9544 0.000010
9545 0.000010
9546 0.000010
9547 0.000010
9548 0.000010
9549 0.000010
9550 0.000010
9551 0.000010
9552 0.000010
9553 0.000010
9554 0.000010
9555 0.000010
9556 0.000010
9557 0.000010
9558 0.000010
9559 0.000010
9560 0.000010
9561 0.000010
9562 0.000010
9563 0.000010
9564 0.000010
9565 0.000010
9566 0.000010
9567 0.000010
9568 0.000010
9569 0.000010
9570 0.000010
9571 0.000010
9572 0.000010
9573 0.000010
9574 0.000010
9575 0.000010
9576 0.000010
9577 0.000010
9578 0.000010
9579 0.000010
9580 0.000010
9581 0.000010
9582 0.000010
9583 0.000010
9584 0.000010
9585 0.000010
9586 0.000010
9587 0.000010
9588 0.000010
9589 0.000010
9590 0.000010
9591 0.000010
9592 0.000010
9593 0.000010
9594 0.000010
9595 0.000010
9596 0.000010
9597 0.000010
9598 0.000010
9599 0.000010
9600 0.000010
9601 0.000010
9602 0.000010
9603 0.000010
9604 0.000010
9605 0.000010
9606 0.000010
9607 0.000010
9608 0.000010
9609 0.000010
9610 0.000010
9611 0.000010
9612 0.000010
9613 0.000010
9614 0.000010
9615 0.000010
9616 0.000010
9617 0.000010
9618 0.000010
9619 0.000010
9620 0.000010
9621 0.000010
9622 0.000010
9623 0.000010
9624 0.000010
9625 0.000010
9626 0.000010
9627 0.000010
9628 0.000010
9629 0.000010
9630 0.000010
9631 0.000010
9632 0.000010
9633 0.000010
9634 0.000010
9635 0.000010
9636 0.000010
9637 0.000010
9638 0.000010
9639 0.000010
9640 0.000010
9641 0.000010
9642 0.000010
9643 0.000010
9644 0.000010
9645 0.000010
9646 0.000010
9647 0.000010
9648 0.000010
9649 0.000010
9650 0.000010
9651 0.000010
9652 0.000010
9653 0.000010
9654 0.000010
9655 0.000010
9656 0.000010
9657 0.000010
9658 0.000010
9659 0.000010
9660 0.000010
9661 0.000010
9662 0.000010
9663 0.000010
9664 0.000010
9665 0.000010
9666 0.000010
9667 0.000010
9668 0.000010
9669 0.000010
9670 0.000010
9671 0.000010
9672 0.000010
9673 0.000010
9674 0.000010
9675 0.000010
9676 0.000010
9677 0.000010
9678 0.000010
9679 0.000010
9680 0.000010
9681 0.000010
9682 0.000010
9683 0.000010
9684 0.000010
9685 0.000010
9686 0.000010
9687 0.000010
9688 0.000010
9689 0.000010
9690 0.000010
9691 0.000010
9692 0.000010
9693 0.000010
9694 0.000010
9695 0.000010
9696 0.000010
9697 0.000010
9698 0.000010
9699 0.000010
9700 0.000010
9701 0.000010
9702 0.000010
9703 0.000010
9704 0.000010
9705 0.000010
9706 0.000010
9707 0.000010
9708 0.000010
9709 0.000010
9710 0.000010
9711 0.000010
9712 0.000010
9713 0.000010
9714 0.000010
9715 0.000010
9716 0.000010
9717 0.000010
9718 0.000010
9719 0.000010
9720 0.000010
9721 0.000010
9722 0.000010
9723 0.000010
9724 0.000010
9725 0.000010
9726 0.000010
9727 0.000010
9728 0.000010
9729 0.000010
9730 0.000010
9731 0.000010
9732 0.000010
9733 0.000010
9734 0.000010
9735 0.000010
9736 0.000010
9737 0.000010
9738 0.000010
9739 0.000010
9740 0.000010
9741 0.000010
9742 0.000010
9743 0.000010
9744 0.000010
9745 0.000010
9746 0.000010
9747 0.000010
9748 0.000010
9749 0.000010
9750 0.000010
9751 0.000010
9752 0.000010
9753 0.000010
9754 0.000010
9755 0.000010
9756 0.000010
9757 0.000010
9758 0.000010
9759 0.000010
9760 0.000010
9761 0.000010
9762 0.000010
9763 0.000010
9764 0.000010
9765 0.000010
9766 0.000010
9767 0.000010
9768 0.000010
9769 0.000010
9770 0.000010
9771 0.000010
9772 0.000010
9773 0.000010
9774 0.000010
9775 0.000010
9776 0.000010
9777 0.000010
9778 0.000010
9779 0.000010
9780 0.000010
9781 0.000010
9782 0.000010
9783 0.000010
9784 0.000010
9785 0.000010
9786 0.000010
9787 0.000010
9788 0.000010
9789 0.000010
9790 0.000010
9791 0.000010
9792 0.000010
9793 0.000010
9794 0.000010
9795 0.000010
9796 0.000010
9797 0.000010
9798 0.000010
9799 0.000010
9800 0.000010
9801 0.000010
9802 0.000010
9803 0.000010
9804 0.000010
9805 0.000010
9806 0.000010
9807 0.000010
9808 0.000010
9809 0.000010
9810 0.000010
9811 0.000010
9812 0.000010
9813 0.000010
9814 0.000010
9815 0.000010
9816 0.000010
9817 0.000010
9818 0.000010
9819 0.000010
9820 0.000010
9821 0.000010
9822 0.000010
9823 0.000010
9824 0.000010
9825 0.000010
9826 0.000010
9827 0.000010
9828 0.000010
9829 0.000010
9830 0.000010
9831 0.000010
9832 0.000010
9833 0.000010
9834 0.000010
9835 0.000010
9836 0.000010
9837 0.000010
9838 0.000010
9839 0.000010
9840 0.000010
9841 0.000010
9842 0.000010
9843 0.000010
9844 0.000010
9845 0.000010
9846 0.000010
9847 0.000010
9848 0.000010
9849 0.000010
9850 0.000010
9851 0.000010
9852 0.000010
9853 0.000010
9854 0.000010
9855 0.000010
9856 0.000010
9857 0.000010
9858 0.000010
9859 0.000010
9860 0.000010
9861 0.000010
9862 0.000010
9863 0.000010
9864 0.000010
9865 0.000010
9866 0.000010
9867 0.000010
9868 0.000010
9869 0.000010
9870 0.000010
9871 0.000010
9872 0.000010
9873 0.000010
9874 0.000010
9875 0.000010
9876 0.000010
9877 0.000010
9878 0.000010
9879 0.000010
9880 0.000010
9881 0.000010
9882 0.000010
9883 0.000010
9884 0.000010
9885 0.000010
9886 0.000010
9887 0.000010
9888 0.000010
9889 0.000010
9890 0.000010
9891 0.000010
9892 0.000010
9893 0.000010
9894 0.000010
9895 0.000010
9896 0.000010
9897 0.000010
9898 0.000010
9899 0.000010
9900 0.000010
9901 0.000010
9902 0.000010
9903 0.000010
9904 0.000010
9905 0.000010
9906 0.000010
9907 0.000010
9908 0.000010
9909 0.000010
9910 0.000010
9911 0.000010
9912 0.000010
9913 0.000010
9914 0.000010
9915 0.000010
9916 0.000010
9917 0.000010
9918 0.000010
9919 0.000010
9920 0.000010
9921 0.000010
9922 0.000010
9923 0.000010
9924 0.000010
9925 0.000010
9926 0.000010
9927 0.000010
9928 0.000010
9929 0.000010
9930 0.000010
9931 0.000010
9932 0.000010
9933 0.000010
9934 0.000010
9935 0.000010
9936 0.000010
9937 0.000010
9938 0.000010
9939 0.000010
9940 0.000010
9941 0.000010
9942 0.000010
9943 0.000010
9944 0.000010
9945 0.000010
9946 0.000010
9947 0.000010
9948 0.000010
9949 0.000010
9950 0.000010
9951 0.000010
9952 0.000010
9953 0.000010
9954 0.000010
9955 0.000010
9956 0.000010
9957 0.000010
9958 0.000010
9959 0.000010
9960 0.000010
9961 0.000010
9962 0.000010
9963 0.000010
9964 0.000010
9965 0.000010
9966 0.000010
9967 0.000010
9968 0.000010
9969 0.000010
9970 0.000010
9971 0.000010
9972 0.000010
9973 0.000010
9974 0.000010
9975 0.000010
9976 0.000010
9977 0.000010
9978 0.000010
9979 0.000010
9980 0.000010
9981 0.000010
9982 0.000010
9983 0.000010
9984 0.000010
9985 0.000010
9986 0.000010
9987 0.000010
9988 0.000010
9989 0.000010
9990 0.000010
9991 0.000010
9992 0.000010
9993 0.000010
9994 0.000010
9995 0.000010
9996 0.000010
9997 0.000010
9998 0.000010
9999 0.000010
10000 0.000010
10001 0.000010
10002 0.000010
10003 0.000010
10004 0.000010
10005 0.000010
10006 0.000010
10007 0.000010
10008 0.000010
10009 0.000010
10010 0.000010
10011 0.000010
10012 0.000010
10013 0.000010
10014 0.000010
10015 0.000010
10016 0.000010
10017 0.000010
10018 0.000010
10019 0.000010
10020 0.000010
10021 0.000010
10022 0.000010
10023 0.000010
10024 0.000010
10025 0.000010
10026 0.000010
10027 0.000010
10028 0.000010
10029 0.000010
10030 0.000010
10031 0.000010
10032 0.000010
10033 0.000010
10034 0.000010
10035 0.000010
10036 0.000010
10037 0.000010
10038 0.000010
10039 0.000010
10040 0.000010
10041 0.000010
10042 0.000010
10043 0.000010
10044 0.000010
10045 0.000010
10046 0.000010
10047 0.000010
10048 0.000010
10049 0.000010
10050 0.000010
10051 0.000010
10052 0.000010
10053 0.000010
10054 0.000010
10055 0.000010
10056 0.000010
10057 0.000010
10058 0.000010
10059 0.000010
10060 0.000010
10061 0.000010
10062 0.000010
10063 0.000010
10064 0.000010
10065 0.000010
10066 0.000010
10067 0.000010
10068 0.000010
10069 0.000010
10070 0.000010
10071 0.000010
10072 0.000010
10073 0.000010
10074 0.000010
10075 0.000010
10076 0.000010
10077 0.000010
10078 0.000010
10079 0.000010
10080 0.000010
10081 0.000010
10082 0.000010
10083 0.000010
10084 0.000010
10085 0.000010
10086 0.000010
10087 0.000010
10088 0.000010
10089 0.000010
10090 0.000010
10091 0.000010
10092 0.000010
10093 0.000010
10094 0.000010
10095 0.000010
10096 0.000010
10097 0.000010
10098 0.000010
10099 0.000010
10100 0.000010
10101 0.000010
10102 0.000010
10103 0.000010
10104 0.000010
10105 0.000010
10106 0.000010
10107 0.000010
10108 0.000010
10109 0.000010
10110 0.000010
10111 0.000010
10112 0.000010
10113 0.000010
10114 0.000010
10115 0.000010
10116 0.000010
10117 0.000010
10118 0.000010
10119 0.000010
10120 0.000010
10121 0.000010
10122 0.000010
10123 0.000010
10124 0.000010
10125 0.000010
10126 0.000010
10127 0.000010
10128 0.000010
10129 0.000010
10130 0.000010
10131 0.000010
10132 0.000010
10133 0.000010
10134 0.000010
10135 0.000010
10136 0.000010
10137 0.000010
10138 0.000010
10139 0.000010
10140 0.000010
10141 0.000010
10142 0.000010
10143 0.000010
10144 0.000010
10145 0.000010
10146 0.000010
10147 0.000010
10148 0.000010
10149 0.000010
10150 0.000010
10151 0.000010
10152 0.000010
10153 0.000010
10154 0.000010
10155 0.000010
10156 0.000010
10157 0.000010
10158 0.000010
10159 0.000010
10160 0.000010
10161 0.000010
10162 0.000010
10163 0.000010
10164 0.000010
10165 0.000010
10166 0.000010
10167 0.000010
10168 0.000010
10169 0.000010
10170 0.000010
10171 0.000010
10172 0.000010
10173 0.000010
10174 0.000010
10175 0.000010
10176 0.000010
10177 0.000010
10178 0.000010
10179 0.000010
10180 0.000010
10181 0.000010
10182 0.000010
10183 0.000010
10184 0.000010
10185 0.000010
10186 0.000010
10187 0.000010
10188 0.000010
10189 0.000010
10190 0.000010
10191 0.000010
10192 0.000010
10193 0.000010
10194 0.000010
10195 0.000010
10196 0.000010
10197 0.000010
10198 0.000010
10199 0.000010
10200 0.000010
10201 0.000010
10202 0.000010
10203 0.000010
10204 0.000010
10205 0.000010
10206 0.000010
10207 0.000010
10208 0.000010
10209 0.000010
10210 0.000010
10211 0.000010
10212 0.000010
10213 0.000010
10214 0.000010
10215 0.000010
10216 0.000010
10217 0.000010
10218 0.000010
10219 0.000010
10220 0.000010
10221 0.000010
10222 0.000010
10223 0.000010
10224 0.000010
10225 0.000010
10226 0.000010
10227 0.000010
10228 0.000010
10229 0.000010
10230 0.000010
10231 0.000010
10232 0.000010
10233 0.000010
10234 0.000010
10235 0.000010
10236 0.000010
10237 0.000010
10238 0.000010
10239 0.000010
10240 0.000010
10241 0.000010
10242 0.000010
10243 0.000010
10244 0.000010
10245 0.000010
10246 0.000010
10247 0.000010
10248 0.000010
10249 0.000010
10250 0.000010
10251 0.000010
10252 0.000010
10253 0.000010
10254 0.000010
10255 0.000010
10256 0.000010
10257 0.000010
10258 0.000010
10259 0.000010
10260 0.000010
10261 0.000010
10262 0.000010
10263 0.000010
10264 0.000010
10265 0.000010
10266 0.000010
10267 0.000010
10268 0.000010
10269 0.000010
10270 0.000010
10271 0.000010
10272 0.000010
10273 0.000010
10274 0.000010
10275 0.000010
10276 0.000010
10277 0.000010
10278 0.000010
10279 0.000010
10280 0.000010
10281 0.000010
10282 0.000010
10283 0.000010
10284 0.000010
10285 0.000010
10286 0.000010
10287 0.000010
10288 0.000010
10289 0.000010
10290 0.000010
10291 0.000010
10292 0.000010
10293 0.000010
10294 0.000010
10295 0.000010
10296 0.000010
10297 0.000010
10298 0.000010
10299 0.000010
10300 0.000010
10301 0.000010
10302 0.000010
10303 0.000010
10304 0.000010
10305 0.000010
10306 0.000010
10307 0.000010
10308 0.000010
10309 0.000010
10310 0.000010
10311 0.000010
10312 0.000010
10313 0.000010
10314 0.000010
10315 0.000010
10316 0.000010
10317 0.000010
10318 0.000010
10319 0.000010
10320 0.000010
10321 0.000010
10322 0.000010
10323 0.000010
10324 0.000010
10325 0.000010
10326 0.000010
10327 0.000010
10328 0.000010
10329 0.000010
10330 0.000010
10331 0.000010
10332 0.000010
10333 0.000010
10334 0.000010
10335 0.000010
10336 0.000010
10337 0.000010
10338 0.000010
10339 0.000010
10340 0.000010
10341 0.000010
10342 0.000010
10343 0.000010
10344 0.000010
10345 0.000010
10346 0.000010
10347 0.000010
10348 0.000010
10349 0.000010
10350 0.000010
10351 0.000010
10352 0.000010
10353 0.000010
10354 0.000010
10355 0.000010
10356 0.000010
10357 0.000010
10358 0.000010
10359 0.000010
10360 0.000010
10361 0.000010
10362 0.000010
10363 0.000010
10364 0.000010
10365 0.000010
10366 0.000010
10367 0.000010
10368 0.000010
10369 0.000010
10370 0.000010
10371 0.000010
10372 0.000010
10373 0.000010
10374 0.000010
10375 0.000010
10376 0.000010
10377 0.000010
10378 0.000010
10379 0.000010
10380 0.000010
10381 0.000010
10382 0.000010
10383 0.000010
10384 0.000010
10385 0.000010
10386 0.000010
10387 0.000010
10388 0.000010
10389 0.000010
10390 0.000010
10391 0.000010
10392 0.000010
10393 0.000010
10394 0.000010
10395 0.000010
10396 0.000010
10397 0.000010
10398 0.000010
10399 0.000010
10400 0.000010
10401 0.000010
10402 0.000010
10403 0.000010
10404 0.000010
10405 0.000010
10406 0.000010
10407 0.000010
10408 0.000010
10409 0.000010
10410 0.000010
10411 0.000010
10412 0.000010
10413 0.000010
10414 0.000010
10415 0.000010
10416 0.000010
10417 0.000010
10418 0.000010
10419 0.000010
10420 0.000010
10421 0.000010
10422 0.000010
10423 0.000010
10424 0.000010
10425 0.000010
10426 0.000010
10427 0.000010
10428 0.000010
10429 0.000010
10430 0.000010
10431 0.000010
10432 0.000010
10433 0.000010
10434 0.000010
10435 0.000010
10436 0.000010
10437 0.000010
10438 0.000010
10439 0.000010
10440 0.000010
10441 0.000010
10442 0.000010
10443 0.000010
10444 0.000010
10445 0.000010
10446 0.000010
10447 0.000010
10448 0.000010
10449 0.000010
10450 0.000010
10451 0.000010
10452 0.000010
10453 0.000010
10454 0.000010
10455 0.000010
10456 0.000010
10457 0.000010
10458 0.000010
10459 0.000010
10460 0.000010
10461 0.000010
10462 0.000010
10463 0.000010
10464 0.000010
10465 0.000010
10466 0.000010
10467 0.000010
10468 0.000010
10469 0.000010
10470 0.000010
10471 0.000010
10472 0.000010
10473 0.000010
10474 0.000010
10475 0.000010
10476 0.000010
10477 0.000010
10478 0.000010
10479 0.000010
10480 0.000010
10481 0.000010
10482 0.000010
10483 0.000010
10484 0.000010
10485 0.000010
10486 0.000010
10487 0.000010
10488 0.000010
10489 0.000010
10490 0.000010
10491 0.000010
10492 0.000010
10493 0.000010
10494 0.000010
10495 0.000010
10496 0.000010
10497 0.000010
10498 0.000010
10499 0.000010
10500 0.000010
10501 0.000010
10502 0.000010
10503 0.000010
10504 0.000010
10505 0.000010
10506 0.000010
10507 0.000010
10508 0.000010
10509 0.000010
10510 0.000010
10511 0.000010
10512 0.000010
10513 0.000010
10514 0.000010
10515 0.000010
10516 0.000010
10517 0.000010
10518 0.000010
10519 0.000010
10520 0.000010
10521 0.000010
10522 0.000010
10523 0.000010
10524 0.000010
10525 0.000010
10526 0.000010
10527 0.000010
10528 0.000010
10529 0.000010
10530 0.000010
10531 0.000010
10532 0.000010
10533 0.000010
10534 0.000010
10535 0.000010
10536 0.000010
10537 0.000010
10538 0.000010
10539 0.000010
10540 0.000010
10541 0.000010
10542 0.000010
10543 0.000010
10544 0.000010
10545 0.000010
10546 0.000010
10547 0.000010
10548 0.000010
10549 0.000010
10550 0.000010
10551 0.000010
10552 0.000010
10553 0.000010
10554 0.000010
10555 0.000010
10556 0.000010
10557 0.000010
10558 0.000010
10559 0.000010
10560 0.000010
10561 0.000010
10562 0.000010
10563 0.000010
10564 0.000010
10565 0.000010
10566 0.000010
10567 0.000010
10568 0.000010
10569 0.000010
10570 0.000010
10571 0.000010
10572 0.000010
10573 0.000010
10574 0.000010
10575 0.000010
10576 0.000010
10577 0.000010
10578 0.000010
10579 0.000010
10580 0.000010
10581 0.000010
10582 0.000010
10583 0.000010
10584 0.000010
10585 0.000010
10586 0.000010
10587 0.000010
10588 0.000010
10589 0.000010
10590 0.000010
10591 0.000010
10592 0.000010
10593 0.000010
10594 0.000010
10595 0.000010
10596 0.000010
10597 0.000010
10598 0.000010
10599 0.000010
10600 0.000010
10601 0.000010
10602 0.000010
10603 0.000010
10604 0.000010
10605 0.000010
10606 0.000010
10607 0.000010
10608 0.000010
10609 0.000010
10610 0.000010
10611 0.000010
10612 0.000010
10613 0.000010
10614 0.000010
10615 0.000010
10616 0.000010
10617 0.000010
10618 0.000010
10619 0.000010
10620 0.000010
10621 0.000010
10622 0.000010
10623 0.000010
10624 0.000010
10625 0.000010
10626 0.000010
10627 0.000010
10628 0.000010
10629 0.000010
10630 0.000010
10631 0.000010
10632 0.000010
10633 0.000010
10634 0.000010
10635 0.000010
10636 0.000010
10637 0.000010
10638 0.000010
10639 0.000010
10640 0.000010
10641 0.000010
10642 0.000010
10643 0.000010
10644 0.000010
10645 0.000010
10646 0.000010
10647 0.000010
10648 0.000010
10649 0.000010
10650 0.000010
10651 0.000010
10652 0.000010
10653 0.000010
10654 0.000010
10655 0.000010
10656 0.000010
10657 0.000010
10658 0.000010
10659 0.000010
10660 0.000010
10661 0.000010
10662 0.000010
10663 0.000010
10664 0.000010
10665 0.000010
10666 0.000010
10667 0.000010
10668 0.000010
10669 0.000010
10670 0.000010
10671 0.000010
10672 0.000010
10673 0.000010
10674 0.000010
10675 0.000010
10676 0.000010
10677 0.000010
10678 0.000010
10679 0.000010
10680 0.000010
10681 0.000010
10682 0.000010
10683 0.000010
10684 0.000010
10685 0.000010
10686 0.000010
10687 0.000010
10688 0.000010
10689 0.000010
10690 0.000010
10691 0.000010
10692 0.000010
10693 0.000010
10694 0.000010
10695 0.000010
10696 0.000010
10697 0.000010
10698 0.000010
10699 0.000010
10700 0.000010
10701 0.000010
10702 0.000010
10703 0.000010
10704 0.000010
10705 0.000010
10706 0.000010
10707 0.000010
10708 0.000010
10709 0.000010
10710 0.000010
10711 0.000010
10712 0.000010
10713 0.000010
10714 0.000010
10715 0.000010
10716 0.000010
10717 0.000010
10718 0.000010
10719 0.000010
10720 0.000010
10721 0.000010
10722 0.000010
10723 0.000010
10724 0.000010
10725 0.000010
10726 0.000010
10727 0.000010
10728 0.000010
10729 0.000010
10730 0.000010
10731 0.000010
10732 0.000010
10733 0.000010
10734 0.000010
10735 0.000010
10736 0.000010
10737 0.000010
10738 0.000010
10739 0.000010
10740 0.000010
10741 0.000010
10742 0.000010
10743 0.000010
10744 0.000010
10745 0.000010
10746 0.000010
10747 0.000010
10748 0.000010
10749 0.000010
10750 0.000010
10751 0.000010
10752 0.000010
10753 0.000010
10754 0.000010
10755 0.000010
10756 0.000010
10757 0.000010
10758 0.000010
10759 0.000010
10760 0.000010
10761 0.000010
10762 0.000010
10763 0.000010
10764 0.000010
10765 0.000010
10766 0.000010
10767 0.000010
10768 0.000010
10769 0.000010
10770 0.000010
10771 0.000010
10772 0.000010
10773 0.000010
10774 0.000010
10775 0.000010
10776 0.000010
10777 0.000010
10778 0.000010
10779 0.000010
10780 0.000010
10781 0.000010
10782 0.000010
10783 0.000010
10784 0.000010
10785 0.000010
10786 0.000010
10787 0.000010
10788 0.000010
10789 0.000010
10790 0.000010
10791 0.000010
10792 0.000010
10793 0.000010
10794 0.000010
10795 0.000010
10796 0.000010
10797 0.000010
10798 0.000010
10799 0.000010
10800 0.000010
10801 0.000010
10802 0.000010
10803 0.000010
10804 0.000010
10805 0.000010
10806 0.000010
10807 0.000010
10808 0.000010
10809 0.000010
10810 0.000010
10811 0.000010
10812 0.000010
10813 0.000010
10814 0.000010
10815 0.000010
10816 0.000010
10817 0.000010
10818 0.000010
10819 0.000010
10820 0.000010
10821 0.000010
10822 0.000010
10823 0.000010
10824 0.000010
10825 0.000010
10826 0.000010
10827 0.000010
10828 0.000010
10829 0.000010
10830 0.000010
10831 0.000010
10832 0.000010
10833 0.000010
10834 0.000010
10835 0.000010
10836 0.000010
10837 0.000010
10838 0.000010
10839 0.000010
10840 0.000010
10841 0.000010
10842 0.000010
10843 0.000010
10844 0.000010
10845 0.000010
10846 0.000010
10847 0.000010
10848 0.000010
10849 0.000010
10850 0.000010
10851 0.000010
10852 0.000010
10853 0.000010
10854 0.000010
10855 0.000010
10856 0.000010
10857 0.000010
10858 0.000010
10859 0.000010
10860 0.000010
10861 0.000010
10862 0.000010
10863 0.000010
10864 0.000010
10865 0.000010
10866 0.000010
10867 0.000010
10868 0.000010
10869 0.000010
10870 0.000010
10871 0.000010
10872 0.000010
10873 0.000010
10874 0.000010
10875 0.000010
10876 0.000010
10877 0.000010
10878 0.000010
10879 0.000010
10880 0.000010
10881 0.000010
10882 0.000010
10883 0.000010
10884 0.000010
10885 0.000010
10886 0.000010
10887 0.000010
10888 0.000010
10889 0.000010
10890 0.000010
10891 0.000010
10892 0.000010
10893 0.000010
10894 0.000010
10895 0.000010
10896 0.000010
10897 0.000010
10898 0.000010
10899 0.000010
10900 0.000010
10901 0.000010
10902 0.000010
10903 0.000010
10904 0.000010
10905 0.000010
10906 0.000010
10907 0.000010
10908 0.000010
10909 0.000010
10910 0.000010
10911 0.000010
10912 0.000010
10913 0.000010
10914 0.000010
10915 0.000010
10916 0.000010
10917 0.000010
10918 0.000010
10919 0.000010
10920 0.000010
10921 0.000010
10922 0.000010
10923 0.000010
10924 0.000010
10925 0.000010
10926 0.000010
10927 0.000010
10928 0.000010
10929 0.000010
10930 0.000010
10931 0.000010
10932 0.000010
10933 0.000010
10934 0.000010
10935 0.000010
10936 0.000010
10937 0.000010
10938 0.000010
10939 0.000010
10940 0.000010
10941 0.000010
10942 0.000010
10943 0.000010
10944 0.000010
10945 0.000010
10946 0.000010
10947 0.000010
10948 0.000010
10949 0.000010
10950 0.000010
10951 0.000010
10952 0.000010
10953 0.000010
10954 0.000010
10955 0.000010
10956 0.000010
10957 0.000010
10958 0.000010
10959 0.000010
10960 0.000010
10961 0.000010
10962 0.000010
10963 0.000010
10964 0.000010
10965 0.000010
10966 0.000010
10967 0.000010
10968 0.000010
10969 0.000010
10970 0.000010
10971 0.000010
10972 0.000010
10973 0.000010
10974 0.000010
10975 0.000010
10976 0.000010
10977 0.000010
10978 0.000010
10979 0.000010
10980 0.000010
10981 0.000010
10982 0.000010
10983 0.000010
10984 0.000010
10985 0.000010
10986 0.000010
10987 0.000010
10988 0.000010
10989 0.000010
10990 0.000010
10991 0.000010
10992 0.000010
10993 0.000010
10994 0.000010
10995 0.000010
10996 0.000010
10997 0.000010
10998 0.000010
10999 0.000010
11000 0.000010
11001 0.000010
11002 0.000010
11003 0.000010
11004 0.000010
11005 0.000010
11006 0.000010
11007 0.000010
11008 0.000010
11009 0.000010
11010 0.000010
11011 0.000010
11012 0.000010
11013 0.000010
11014 0.000010
11015 0.000010
11016 0.000010
11017 0.000010
11018 0.000010
11019 0.000010
11020 0.000010
11021 0.000010
11022 0.000010
11023 0.000010
11024 0.000010
11025 0.000010
11026 0.000010
11027 0.000010
11028 0.000010
11029 0.000010
11030 0.000010
11031 0.000010
11032 0.000010
11033 0.000010
11034 0.000010
11035 0.000010
11036 0.000010
11037 0.000010
11038 0.000010
11039 0.000010
11040 0.000010
11041 0.000010
11042 0.000010
11043 0.000010
11044 0.000010
11045 0.000010
11046 0.000010
11047 0.000010
11048 0.000010
11049 0.000010
11050 0.000010
11051 0.000010
11052 0.000010
11053 0.000010
11054 0.000010
11055 0.000010
11056 0.000010
11057 0.000010
11058 0.000010
11059 0.000010
11060 0.000010
11061 0.000010
11062 0.000010
11063 0.000010
11064 0.000010
11065 0.000010
11066 0.000010
11067 0.000010
11068 0.000010
11069 0.000010
11070 0.000010
11071 0.000010
11072 0.000010
11073 0.000010
11074 0.000010
11075 0.000010
11076 0.000010
11077 0.000010
11078 0.000010
11079 0.000010
11080 0.000010
11081 0.000010
11082 0.000010
11083 0.000010
11084 0.000010
11085 0.000010
11086 0.000010
11087 0.000010
11088 0.000010
11089 0.000010
11090 0.000010
11091 0.000010
11092 0.000010
11093 0.000010
11094 0.000010
11095 0.000010
11096 0.000010
11097 0.000010
11098 0.000010
11099 0.000010
11100 0.000010
11101 0.000010
11102 0.000010
11103 0.000010
11104 0.000010
11105 0.000010
11106 0.000010
11107 0.000010
11108 0.000010
11109 0.000010
11110 0.000010
11111 0.000010
11112 0.000010
11113 0.000010
11114 0.000010
11115 0.000010
11116 0.000010
11117 0.000010
11118 0.000010
11119 0.000010
11120 0.000010
11121 0.000010
11122 0.000010
11123 0.000010
11124 0.000010
11125 0.000010
11126 0.000010
11127 0.000010
11128 0.000010
11129 0.000010
11130 0.000010
11131 0.000010
11132 0.000010
11133 0.000010
11134 0.000010
11135 0.000010
11136 0.000010
11137 0.000010
11138 0.000010
11139 0.000010
11140 0.000010
11141 0.000010
11142 0.000010
11143 0.000010
11144 0.000010
11145 0.000010
11146 0.000010
11147 0.000010
11148 0.000010
11149 0.000010
11150 0.000010
11151 0.000010
11152 0.000010
11153 0.000010
11154 0.000010
11155 0.000010
11156 0.000010
11157 0.000010
11158 0.000010
11159 0.000010
11160 0.000010
11161 0.000010
11162 0.000010
11163 0.000010
11164 0.000010
11165 0.000010
11166 0.000010
11167 0.000010
11168 0.000010
11169 0.000010
11170 0.000010
11171 0.000010
11172 0.000010
11173 0.000010
11174 0.000010
11175 0.000010
11176 0.000010
11177 0.000010
11178 0.000010
11179 0.000010
11180 0.000010
11181 0.000010
11182 0.000010
11183 0.000010
11184 0.000010
11185 0.000010
11186 0.000010
11187 0.000010
11188 0.000010
11189 0.000010
11190 0.000010
11191 0.000010
11192 0.000010
11193 0.000010
11194 0.000010
11195 0.000010
11196 0.000010
11197 0.000010
11198 0.000010
11199 0.000010
11200 0.000010
11201 0.000010
11202 0.000010
11203 0.000010
11204 0.000010
11205 0.000010
11206 0.000010
11207 0.000010
11208 0.000010
11209 0.000010
11210 0.000010
11211 0.000010
11212 0.000010
11213 0.000010
11214 0.000010
11215 0.000010
11216 0.000010
11217 0.000010
11218 0.000010
11219 0.000010
11220 0.000010
11221 0.000010
11222 0.000010
11223 0.000010
11224 0.000010
11225 0.000010
11226 0.000010
11227 0.000010
11228 0.000010
11229 0.000010
11230 0.000010
11231 0.000010
11232 0.000010
11233 0.000010
11234 0.000010
11235 0.000010
11236 0.000010
11237 0.000010
11238 0.000010
11239 0.000010
11240 0.000010
11241 0.000010
11242 0.000010
11243 0.000010
11244 0.000010
11245 0.000010
11246 0.000010
11247 0.000010
11248 0.000010
11249 0.000010
11250 0.000010
11251 0.000010
11252 0.000010
11253 0.000010
11254 0.000010
11255 0.000010
11256 0.000010
11257 0.000010
11258 0.000010
11259 0.000010
11260 0.000010
11261 0.000010
11262 0.000010
11263 0.000010
11264 0.000010
11265 0.000010
11266 0.000010
11267 0.000010
11268 0.000010
11269 0.000010
11270 0.000010
11271 0.000010
11272 0.000010
11273 0.000010
11274 0.000010
11275 0.000010
11276 0.000010
11277 0.000010
11278 0.000010
11279 0.000010
11280 0.000010
11281 0.000010
11282 0.000010
11283 0.000010
11284 0.000010
11285 0.000010
11286 0.000010
11287 0.000010
11288 0.000010
11289 0.000010
11290 0.000010
11291 0.000010
11292 0.000010
11293 0.000010
11294 0.000010
11295 0.000010
11296 0.000010
11297 0.000010
11298 0.000010
11299 0.000010
11300 0.000010
11301 0.000010
11302 0.000010
11303 0.000010
11304 0.000010
11305 0.000010
11306 0.000010
11307 0.000010
11308 0.000010
11309 0.000010
11310 0.000010
11311 0.000010
11312 0.000010
11313 0.000010
11314 0.000010
11315 0.000010
11316 0.000010
11317 0.000010
11318 0.000010
11319 0.000010
11320 0.000010
11321 0.000010
11322 0.000010
11323 0.000010
11324 0.000010
11325 0.000010
11326 0.000010
11327 0.000010
11328 0.000010
11329 0.000010
11330 0.000010
11331 0.000010
11332 0.000010
11333 0.000010
11334 0.000010
11335 0.000010
11336 0.000010
11337 0.000010
11338 0.000010
11339 0.000010
11340 0.000010
11341 0.000010
11342 0.000010
11343 0.000010
11344 0.000010
11345 0.000010
11346 0.000010
11347 0.000010
11348 0.000010
11349 0.000010
11350 0.000010
11351 0.000010
11352 0.000010
11353 0.000010
11354 0.000010
11355 0.000010
11356 0.000010
11357 0.000010
11358 0.000010
11359 0.000010
11360 0.000010
11361 0.000010
11362 0.000010
11363 0.000010
11364 0.000010
11365 0.000010
11366 0.000010
11367 0.000010
11368 0.000010
11369 0.000010
11370 0.000010
11371 0.000010
11372 0.000010
11373 0.000010
11374 0.000010
11375 0.000010
11376 0.000010
11377 0.000010
11378 0.000010
11379 0.000010
11380 0.000010
11381 0.000010
11382 0.000010
11383 0.000010
11384 0.000010
11385 0.000010
11386 0.000010
11387 0.000010
11388 0.000010
11389 0.000010
11390 0.000010
11391 0.000010
11392 0.000010
11393 0.000010
11394 0.000010
11395 0.000010
11396 0.000010
11397 0.000010
11398 0.000010
11399 0.000010
11400 0.000010
11401 0.000010
11402 0.000010
11403 0.000010
11404 0.000010
11405 0.000010
11406 0.000010
11407 0.000010
11408 0.000010
11409 0.000010
11410 0.000010
11411 0.000010
11412 0.000010
11413 0.000010
11414 0.000010
11415 0.000010
11416 0.000010
11417 0.000010
11418 0.000010
11419 0.000010
11420 0.000010
11421 0.000010
11422 0.000010
11423 0.000010
11424 0.000010
11425 0.000010
11426 0.000010
11427 0.000010
11428 0.000010
11429 0.000010
11430 0.000010
11431 0.000010
11432 0.000010
11433 0.000010
11434 0.000010
11435 0.000010
11436 0.000010
11437 0.000010
11438 0.000010
11439 0.000010
11440 0.000010
11441 0.000010
11442 0.000010
11443 0.000010
11444 0.000010
11445 0.000010
11446 0.000010
11447 0.000010
11448 0.000010
11449 0.000010
11450 0.000010
11451 0.000010
11452 0.000010
11453 0.000010
11454 0.000010
11455 0.000010
11456 0.000010
11457 0.000010
11458 0.000010
11459 0.000010
11460 0.000010
11461 0.000010
11462 0.000010
11463 0.000010
11464 0.000010
11465 0.000010
11466 0.000010
11467 0.000010
11468 0.000010
11469 0.000010
11470 0.000010
11471 0.000010
11472 0.000010
11473 0.000010
11474 0.000010
11475 0.000010
11476 0.000010
11477 0.000010
11478 0.000010
11479 0.000010
11480 0.000010
11481 0.000010
11482 0.000010
11483 0.000010
11484 0.000010
11485 0.000010
11486 0.000010
11487 0.000010
11488 0.000010
11489 0.000010
11490 0.000010
11491 0.000010
11492 0.000010
11493 0.000010
11494 0.000010
11495 0.000010
11496 0.000010
11497 0.000010
11498 0.000010
11499 0.000010
11500 0.000010
11501 0.000010
11502 0.000010
11503 0.000010
11504 0.000010
11505 0.000010
11506 0.000010
11507 0.000010
11508 0.000010
11509 0.000010
11510 0.000010
11511 0.000010
11512 0.000010
11513 0.000010
11514 0.000010
11515 0.000010
11516 0.000010
11517 0.000010
11518 0.000010
11519 0.000010
11520 0.000010
11521 0.000010
11522 0.000010
11523 0.000010
11524 0.000010
11525 0.000010
11526 0.000010
11527 0.000010
11528 0.000010
11529 0.000010
11530 0.000010
11531 0.000010
11532 0.000010
11533 0.000010
11534 0.000010
11535 0.000010
11536 0.000010
11537 0.000010
11538 0.000010
11539 0.000010
11540 0.000010
11541 0.000010
11542 0.000010
11543 0.000010
11544 0.000010
11545 0.000010
11546 0.000010
11547 0.000010
11548 0.000010
11549 0.000010
11550 0.000010
11551 0.000010
11552 0.000010
11553 0.000010
11554 0.000010
11555 0.000010
11556 0.000010
11557 0.000010
11558 0.000010
11559 0.000010
11560 0.000010
11561 0.000010
11562 0.000010
11563 0.000010
11564 0.000010
11565 0.000010
11566 0.000010
11567 0.000010
11568 0.000010
11569 0.000010
11570 0.000010
11571 0.000010
11572 0.000010
11573 0.000010
11574 0.000010
11575 0.000010
11576 0.000010
11577 0.000010
11578 0.000010
11579 0.000010
11580 0.000010
11581 0.000010
11582 0.000010
11583 0.000010
11584 0.000010
11585 0.000010
11586 0.000010
11587 0.000010
11588 0.000010
11589 0.000010
11590 0.000010
11591 0.000010
11592 0.000010
11593 0.000010
11594 0.000010
11595 0.000010
11596 0.000010
11597 0.000010
11598 0.000010
11599 0.000010
11600 0.000010
11601 0.000010
11602 0.000010
11603 0.000010
11604 0.000010
11605 0.000010
11606 0.000010
11607 0.000010
11608 0.000010
11609 0.000010
11610 0.000010
11611 0.000010
11612 0.000010
11613 0.000010
11614 0.000010
11615 0.000010
11616 0.000010
11617 0.000010
11618 0.000010
11619 0.000010
11620 0.000010
11621 0.000010
11622 0.000010
11623 0.000010
11624 0.000010
11625 0.000010
11626 0.000010
11627 0.000010
11628 0.000010
11629 0.000010
11630 0.000010
11631 0.000010
11632 0.000010
11633 0.000010
11634 0.000010
11635 0.000010
11636 0.000010
11637 0.000010
11638 0.000010
11639 0.000010
11640 0.000010
11641 0.000010
11642 0.000010
11643 0.000010
11644 0.000010
11645 0.000010
11646 0.000010
11647 0.000010
11648 0.000010
11649 0.000010
11650 0.000010
11651 0.000010
11652 0.000010
11653 0.000010
11654 0.000010
11655 0.000010
11656 0.000010
11657 0.000010
11658 0.000010
11659 0.000010
11660 0.000010
11661 0.000010
11662 0.000010
11663 0.000010
11664 0.000010
11665 0.000010
11666 0.000010
11667 0.000010
11668 0.000010
11669 0.000010
11670 0.000010
11671 0.000010
11672 0.000010
11673 0.000010
11674 0.000010
11675 0.000010
11676 0.000010
11677 0.000010
11678 0.000010
11679 0.000010
11680 0.000010
11681 0.000010
11682 0.000010
11683 0.000010
11684 0.000010
11685 0.000010
11686 0.000010
11687 0.000010
11688 0.000010
11689 0.000010
11690 0.000010
11691 0.000010
11692 0.000010
11693 0.000010
11694 0.000010
11695 0.000010
11696 0.000010
11697 0.000010
11698 0.000010
11699 0.000010
11700 0.000010
11701 0.000010
11702 0.000010
11703 0.000010
11704 0.000010
11705 0.000010
11706 0.000010
11707 0.000010
11708 0.000010
11709 0.000010
11710 0.000010
11711 0.000010
11712 0.000010
11713 0.000010
11714 0.000010
11715 0.000010
11716 0.000010
11717 0.000010
11718 0.000010
11719 0.000010
11720 0.000010
11721 0.000010
11722 0.000010
11723 0.000010
11724 0.000010
11725 0.000010
11726 0.000010
11727 0.000010
11728 0.000010
11729 0.000010
11730 0.000010
11731 0.000010
11732 0.000010
11733 0.000010
11734 0.000010
11735 0.000010
11736 0.000010
11737 0.000010
11738 0.000010
11739 0.000010
11740 0.000010
11741 0.000010
11742 0.000010
11743 0.000010
11744 0.000010
11745 0.000010
11746 0.000010
11747 0.000010
11748 0.000010
11749 0.000010
11750 0.000010
11751 0.000010
11752 0.000010
11753 0.000010
11754 0.000010
11755 0.000010
11756 0.000010
11757 0.000010
11758 0.000010
11759 0.000010
11760 0.000010
11761 0.000010
11762 0.000010
11763 0.000010
11764 0.000010
11765 0.000010
11766 0.000010
11767 0.000010
11768 0.000010
11769 0.000010
11770 0.000010
11771 0.000010
11772 0.000010
11773 0.000010
11774 0.000010
11775 0.000010
11776 0.000010
11777 0.000010
11778 0.000010
11779 0.000010
11780 0.000010
11781 0.000010
11782 0.000010
11783 0.000010
11784 0.000010
11785 0.000010
11786 0.000010
11787 0.000010
11788 0.000010
11789 0.000010
11790 0.000010
11791 0.000010
11792 0.000010
11793 0.000010
11794 0.000010
11795 0.000010
11796 0.000010
11797 0.000010
11798 0.000010
11799 0.000010
11800 0.000010
11801 0.000010
11802 0.000010
11803 0.000010
11804 0.000010
11805 0.000010
11806 0.000010
11807 0.000010
11808 0.000010
11809 0.000010
11810 0.000010
11811 0.000010
11812 0.000010
11813 0.000010
11814 0.000010
11815 0.000010
11816 0.000010
11817 0.000010
11818 0.000010
11819 0.000010
11820 0.000010
11821 0.000010
11822 0.000010
11823 0.000010
11824 0.000010
11825 0.000010
11826 0.000010
11827 0.000010
11828 0.000010
11829 0.000010
11830 0.000010
11831 0.000010
11832 0.000010
11833 0.000010
11834 0.000010
11835 0.000010
11836 0.000010
11837 0.000010
11838 0.000010
11839 0.000010
11840 0.000010
11841 0.000010
11842 0.000010
11843 0.000010
11844 0.000010
11845 0.000010
11846 0.000010
11847 0.000010
11848 0.000010
11849 0.000010
11850 0.000010
11851 0.000010
11852 0.000010
11853 0.000010
11854 0.000010
11855 0.000010
11856 0.000010
11857 0.000010
11858 0.000010
11859 0.000010
11860 0.000010
11861 0.000010
11862 0.000010
11863 0.000010
11864 0.000010
11865 0.000010
11866 0.000010
11867 0.000010
11868 0.000010
11869 0.000010
11870 0.000010
11871 0.000010
11872 0.000010
11873 0.000010
11874 0.000010
11875 0.000010
11876 0.000010
11877 0.000010
11878 0.000010
11879 0.000010
11880 0.000010
11881 0.000010
11882 0.000010
11883 0.000010
11884 0.000010
11885 0.000010
11886 0.000010
11887 0.000010
11888 0.000010
11889 0.000010
11890 0.000010
11891 0.000010
11892 0.000010
11893 0.000010
11894 0.000010
11895 0.000010
11896 0.000010
11897 0.000010
11898 0.000010
11899 0.000010
11900 0.000010
11901 0.000010
11902 0.000010
11903 0.000010
11904 0.000010
11905 0.000010
11906 0.000010
11907 0.000010
11908 0.000010
11909 0.000010
11910 0.000010
11911 0.000010
11912 0.000010
11913 0.000010
11914 0.000010
11915 0.000010
11916 0.000010
11917 0.000010
11918 0.000010
11919 0.000010
11920 0.000010
11921 0.000010
11922 0.000010
11923 0.000010
11924 0.000010
11925 0.000010
11926 0.000010
11927 0.000010
11928 0.000010
11929 0.000010
11930 0.000010
11931 0.000010
11932 0.000010
11933 0.000010
11934 0.000010
11935 0.000010
11936 0.000010
11937 0.000010
11938 0.000010
11939 0.000010
11940 0.000010
11941 0.000010
11942 0.000010
11943 0.000010
11944 0.000010
11945 0.000010
11946 0.000010
11947 0.000010
11948 0.000010
11949 0.000010
11950 0.000010
11951 0.000010
11952 0.000010
11953 0.000010
11954 0.000010
11955 0.000010
11956 0.000010
11957 0.000010
11958 0.000010
11959 0.000010
11960 0.000010
11961 0.000010
11962 0.000010
11963 0.000010
11964 0.000010
11965 0.000010
11966 0.000010
11967 0.000010
11968 0.000010
11969 0.000010
11970 0.000010
11971 0.000010
11972 0.000010
11973 0.000010
11974 0.000010
11975 0.000010
11976 0.000010
11977 0.000010
11978 0.000010
11979 0.000010
11980 0.000010
11981 0.000010
11982 0.000010
11983 0.000010
11984 0.000010
11985 0.000010
11986 0.000010
11987 0.000010
11988 0.000010
11989 0.000010
11990 0.000010
11991 0.000010
11992 0.000010
11993 0.000010
11994 0.000010
11995 0.000010
11996 0.000010
11997 0.000010
11998 0.000010
11999 0.000010
12000 0.000010
12001 0.000010
12002 0.000010
12003 0.000010
12004 0.000010
12005 0.000010
12006 0.000010
12007 0.000010
12008 0.000010
12009 0.000010
12010 0.000010
12011 0.000010
12012 0.000010
12013 0.000010
12014 0.000010
12015 0.000010
12016 0.000010
12017 0.000010
12018 0.000010
12019 0.000010
12020 0.000010
12021 0.000010
12022 0.000010
12023 0.000010
12024 0.000010
12025 0.000010
12026 0.000010
12027 0.000010
12028 0.000010
12029 0.000010
12030 0.000010
12031 0.000010
12032 0.000010
12033 0.000010
12034 0.000010
12035 0.000010
12036 0.000010
12037 0.000010
12038 0.000010
12039 0.000010
12040 0.000010
12041 0.000010
12042 0.000010
12043 0.000010
12044 0.000010
12045 0.000010
12046 0.000010
12047 0.000010
12048 0.000010
12049 0.000010
12050 0.000010
12051 0.000010
12052 0.000010
12053 0.000010
12054 0.000010
12055 0.000010
12056 0.000010
12057 0.000010
12058 0.000010
12059 0.000010
12060 0.000010
12061 0.000010
12062 0.000010
12063 0.000010
12064 0.000010
12065 0.000010
12066 0.000010
12067 0.000010
12068 0.000010
12069 0.000010
12070 0.000010
12071 0.000010
12072 0.000010
12073 0.000010
12074 0.000010
12075 0.000010
12076 0.000010
12077 0.000010
12078 0.000010
12079 0.000010
12080 0.000010
12081 0.000010
12082 0.000010
12083 0.000010
12084 0.000010
12085 0.000010
12086 0.000010
12087 0.000010
12088 0.000010
12089 0.000010
12090 0.000010
12091 0.000010
12092 0.000010
12093 0.000010
12094 0.000010
12095 0.000010
12096 0.000010
12097 0.000010
12098 0.000010
12099 0.000010
12100 0.000010
12101 0.000010
12102 0.000010
12103 0.000010
12104 0.000010
12105 0.000010
12106 0.000010
12107 0.000010
12108 0.000010
12109 0.000010
12110 0.000010
12111 0.000010
12112 0.000010
12113 0.000010
12114 0.000010
12115 0.000010
12116 0.000010
12117 0.000010
12118 0.000010
12119 0.000010
12120 0.000010
12121 0.000010
12122 0.000010
12123 0.000010
12124 0.000010
12125 0.000010
12126 0.000010
12127 0.000010
12128 0.000010
12129 0.000010
12130 0.000010
12131 0.000010
12132 0.000010
12133 0.000010
12134 0.000010
12135 0.000010
12136 0.000010
12137 0.000010
12138 0.000010
12139 0.000010
12140 0.000010
12141 0.000010
12142 0.000010
12143 0.000010
12144 0.000010
12145 0.000010
12146 0.000010
12147 0.000010
12148 0.000010
12149 0.000010
12150 0.000010
12151 0.000010
12152 0.000010
12153 0.000010
12154 0.000010
12155 0.000010
12156 0.000010
12157 0.000010
12158 0.000010
12159 0.000010
12160 0.000010
12161 0.000010
12162 0.000010
12163 0.000010
12164 0.000010
12165 0.000010
12166 0.000010
12167 0.000010
12168 0.000010
12169 0.000010
12170 0.000010
12171 0.000010
12172 0.000010
12173 0.000010
12174 0.000010
12175 0.000010
12176 0.000010
12177 0.000010
12178 0.000010
12179 0.000010
12180 0.000010
12181 0.000010
12182 0.000010
12183 0.000010
12184 0.000010
12185 0.000010
12186 0.000010
12187 0.000010
12188 0.000010
12189 0.000010
12190 0.000010
12191 0.000010
12192 0.000010
12193 0.000010
12194 0.000010
12195 0.000010
12196 0.000010
12197 0.000010
12198 0.000010
12199 0.000010
12200 0.000010
12201 0.000010
12202 0.000010
12203 0.000010
12204 0.000010
12205 0.000010
12206 0.000010
12207 0.000010
12208 0.000010
12209 0.000010
12210 0.000010
12211 0.000010
12212 0.000010
12213 0.000010
12214 0.000010
12215 0.000010
12216 0.000010
12217 0.000010
12218 0.000010
12219 0.000010
12220 0.000010
12221 0.000010
12222 0.000010
12223 0.000010
12224 0.000010
12225 0.000010
12226 0.000010
12227 0.000010
12228 0.000010
12229 0.000010
12230 0.000010
12231 0.000010
12232 0.000010
12233 0.000010
12234 0.000010
12235 0.000010
12236 0.000010
12237 0.000010
12238 0.000010
12239 0.000010
12240 0.000010
12241 0.000010
12242 0.000010
12243 0.000010
12244 0.000010
12245 0.000010
12246 0.000010
12247 0.000010
12248 0.000010
12249 0.000010
12250 0.000010
12251 0.000010
12252 0.000010
12253 0.000010
12254 0.000010
12255 0.000010
12256 0.000010
12257 0.000010
12258 0.000010
12259 0.000010
12260 0.000010
12261 0.000010
12262 0.000010
12263 0.000010
12264 0.000010
12265 0.000010
12266 0.000010
12267 0.000010
12268 0.000010
12269 0.000010
12270 0.000010
12271 0.000010
12272 0.000010
12273 0.000010
12274 0.000010
12275 0.000010
12276 0.000010
12277 0.000010
12278 0.000010
12279 0.000010
12280 0.000010
12281 0.000010
12282 0.000010
12283 0.000010
12284 0.000010
12285 0.000010
12286 0.000010
12287 0.000010
12288 0.000010
12289 0.000010
12290 0.000010
12291 0.000010
12292 0.000010
12293 0.000010
12294 0.000010
12295 0.000010
12296 0.000010
12297 0.000010
12298 0.000010
12299 0.000010
12300 0.000010
12301 0.000010
12302 0.000010
12303 0.000010
12304 0.000010
12305 0.000010
12306 0.000010
12307 0.000010
12308 0.000010
12309 0.000010
12310 0.000010
12311 0.000010
12312 0.000010
12313 0.000010
12314 0.000010
12315 0.000010
12316 0.000010
12317 0.000010
12318 0.000010
12319 0.000010
12320 0.000010
12321 0.000010
12322 0.000010
12323 0.000010
12324 0.000010
12325 0.000010
12326 0.000010
12327 0.000010
12328 0.000010
12329 0.000010
12330 0.000010
12331 0.000010
12332 0.000010
12333 0.000010
12334 0.000010
12335 0.000010
12336 0.000010
12337 0.000010
12338 0.000010
12339 0.000010
12340 0.000010
12341 0.000010
12342 0.000010
12343 0.000010
12344 0.000010
12345 0.000010
12346 0.000010
12347 0.000010
12348 0.000010
12349 0.000010
12350 0.000010
12351 0.000010
12352 0.000010
12353 0.000010
12354 0.000010
12355 0.000010
12356 0.000010
12357 0.000010
12358 0.000010
12359 0.000010
12360 0.000010
12361 0.000010
12362 0.000010
12363 0.000010
12364 0.000010
12365 0.000010
12366 0.000010
12367 0.000010
12368 0.000010
12369 0.000010
12370 0.000010
12371 0.000010
12372 0.000010
12373 0.000010
12374 0.000010
12375 0.000010
12376 0.000010
12377 0.000010
12378 0.000010
12379 0.000010
12380 0.000010
12381 0.000010
12382 0.000010
12383 0.000010
12384 0.000010
12385 0.000010
12386 0.000010
12387 0.000010
12388 0.000010
12389 0.000010
12390 0.000010
12391 0.000010
12392 0.000010
12393 0.000010
12394 0.000010
12395 0.000010
12396 0.000010
12397 0.000010
12398 0.000010
12399 0.000010
12400 0.000010
12401 0.000010
12402 0.000010
12403 0.000010
12404 0.000010
12405 0.000010
12406 0.000010
12407 0.000010
12408 0.000010
12409 0.000010
12410 0.000010
12411 0.000010
12412 0.000010
12413 0.000010
12414 0.000010
12415 0.000010
12416 0.000010
12417 0.000010
12418 0.000010
12419 0.000010
12420 0.000010
12421 0.000010
12422 0.000010
12423 0.000010
12424 0.000010
12425 0.000010
12426 0.000010
12427 0.000010
12428 0.000010
12429 0.000010
12430 0.000010
12431 0.000010
12432 0.000010
12433 0.000010
12434 0.000010
12435 0.000010
12436 0.000010
12437 0.000010
12438 0.000010
12439 0.000010
12440 0.000010
12441 0.000010
12442 0.000010
12443 0.000010
12444 0.000010
12445 0.000010
12446 0.000010
12447 0.000010
12448 0.000010
12449 0.000010
12450 0.000010
12451 0.000010
12452 0.000010
12453 0.000010
12454 0.000010
12455 0.000010
12456 0.000010
12457 0.000010
12458 0.000010
12459 0.000010
12460 0.000010
12461 0.000010
12462 0.000010
12463 0.000010
12464 0.000010
12465 0.000010
12466 0.000010
12467 0.000010
12468 0.000010
12469 0.000010
12470 0.000010
12471 0.000010
12472 0.000010
12473 0.000010
12474 0.000010
12475 0.000010
12476 0.000010
12477 0.000010
12478 0.000010
12479 0.000010
12480 0.000010
12481 0.000010
12482 0.000010
12483 0.000010
12484 0.000010
12485 0.000010
12486 0.000010
12487 0.000010
12488 0.000010
12489 0.000010
12490 0.000010
12491 0.000010
12492 0.000010
12493 0.000010
12494 0.000010
12495 0.000010
12496 0.000010
12497 0.000010
12498 0.000010
12499 0.000010
12500 0.000010
12501 0.000010
12502 0.000010
12503 0.000010
12504 0.000010
12505 0.000010
12506 0.000010
12507 0.000010
12508 0.000010
12509 0.000010
12510 0.000010
12511 0.000010
12512 0.000010
12513 0.000010
12514 0.000010
12515 0.000010
12516 0.000010
12517 0.000010
12518 0.000010
12519 0.000010
12520 0.000010
12521 0.000010
12522 0.000010
12523 0.000010
12524 0.000010
12525 0.000010
12526 0.000010
12527 0.000010
12528 0.000010
12529 0.000010
12530 0.000010
12531 0.000010
12532 0.000010
12533 0.000010
12534 0.000010
12535 0.000010
12536 0.000010
12537 0.000010
12538 0.000010
12539 0.000010
12540 0.000010
12541 0.000010
12542 0.000010
12543 0.000010
12544 0.000010
12545 0.000010
12546 0.000010
12547 0.000010
12548 0.000010
12549 0.000010
12550 0.000010
12551 0.000010
12552 0.000010
12553 0.000010
12554 0.000010
12555 0.000010
12556 0.000010
12557 0.000010
12558 0.000010
12559 0.000010
12560 0.000010
12561 0.000010
12562 0.000010
12563 0.000010
12564 0.000010
12565 0.000010
12566 0.000010
12567 0.000010
12568 0.000010
12569 0.000010
12570 0.000010
12571 0.000010
12572 0.000010
12573 0.000010
12574 0.000010
12575 0.000010
12576 0.000010
12577 0.000010
12578 0.000010
12579 0.000010
12580 0.000010
12581 0.000010
12582 0.000010
12583 0.000010
12584 0.000010
12585 0.000010
12586 0.000010
12587 0.000010
12588 0.000010
12589 0.000010
12590 0.000010
12591 0.000010
12592 0.000010
12593 0.000010
12594 0.000010
12595 0.000010
12596 0.000010
12597 0.000010
12598 0.000010
12599 0.000010
12600 0.000010
12601 0.000010
12602 0.000010
12603 0.000010
12604 0.000010
12605 0.000010
12606 0.000010
12607 0.000010
12608 0.000010
12609 0.000010
12610 0.000010
12611 0.000010
12612 0.000010
12613 0.000010
12614 0.000010
12615 0.000010
12616 0.000010
12617 0.000010
12618 0.000010
12619 0.000010
12620 0.000010
12621 0.000010
12622 0.000010
12623 0.000010
12624 0.000010
12625 0.000010
12626 0.000010
12627 0.000010
12628 0.000010
12629 0.000010
12630 0.000010
12631 0.000010
12632 0.000010
12633 0.000010
12634 0.000010
12635 0.000010
12636 0.000010
12637 0.000010
12638 0.000010
12639 0.000010
12640 0.000010
12641 0.000010
12642 0.000010
12643 0.000010
12644 0.000010
12645 0.000010
12646 0.000010
12647 0.000010
12648 0.000010
12649 0.000010
12650 0.000010
12651 0.000010
12652 0.000010
12653 0.000010
12654 0.000010
12655 0.000010
12656 0.000010
12657 0.000010
12658 0.000010
12659 0.000010
12660 0.000010
12661 0.000010
12662 0.000010
12663 0.000010
12664 0.000010
12665 0.000010
12666 0.000010
12667 0.000010
12668 0.000010
12669 0.000010
12670 0.000010
12671 0.000010
12672 0.000010
12673 0.000010
12674 0.000010
12675 0.000010
12676 0.000010
12677 0.000010
12678 0.000010
12679 0.000010
12680 0.000010
12681 0.000010
12682 0.000010
12683 0.000010
12684 0.000010
12685 0.000010
12686 0.000010
12687 0.000010
12688 0.000010
12689 0.000010
12690 0.000010
12691 0.000010
12692 0.000010
12693 0.000010
12694 0.000010
12695 0.000010
12696 0.000010
12697 0.000010
12698 0.000010
12699 0.000010
12700 0.000010
12701 0.000010
12702 0.000010
12703 0.000010
12704 0.000010
12705 0.000010
12706 0.000010
12707 0.000010
12708 0.000010
12709 0.000010
12710 0.000010
12711 0.000010
12712 0.000010
12713 0.000010
12714 0.000010
12715 0.000010
12716 0.000010
12717 0.000010
12718 0.000010
12719 0.000010
12720 0.000010
12721 0.000010
12722 0.000010
12723 0.000010
12724 0.000010
12725 0.000010
12726 0.000010
12727 0.000010
12728 0.000010
12729 0.000010
12730 0.000010
12731 0.000010
12732 0.000010
12733 0.000010
12734 0.000010
12735 0.000010
12736 0.000010
12737 0.000010
12738 0.000010
12739 0.000010
12740 0.000010
12741 0.000010
12742 0.000010
12743 0.000010
12744 0.000010
12745 0.000010
12746 0.000010
12747 0.000010
12748 0.000010
12749 0.000010
12750 0.000010
12751 0.000010
12752 0.000010
12753 0.000010
12754 0.000010
12755 0.000010
12756 0.000010
12757 0.000010
12758 0.000010
12759 0.000010
12760 0.000010
12761 0.000010
12762 0.000010
12763 0.000010
12764 0.000010
12765 0.000010
12766 0.000010
12767 0.000010
12768 0.000010
12769 0.000010
12770 0.000010
12771 0.000010
12772 0.000010
12773 0.000010
12774 0.000010
12775 0.000010
12776 0.000010
12777 0.000010
12778 0.000010
12779 0.000010
12780 0.000010
12781 0.000010
12782 0.000010
12783 0.000010
12784 0.000010
12785 0.000010
12786 0.000010
12787 0.000010
12788 0.000010
12789 0.000010
12790 0.000010
12791 0.000010
12792 0.000010
12793 0.000010
12794 0.000010
12795 0.000010
12796 0.000010
12797 0.000010
12798 0.000010
12799 0.000010
12800 0.000010
12801 0.000010
12802 0.000010
12803 0.000010
12804 0.000010
12805 0.000010
12806 0.000010
12807 0.000010
12808 0.000010
12809 0.000010
12810 0.000010
12811 0.000010
12812 0.000010
12813 0.000010
12814 0.000010
12815 0.000010
12816 0.000010
12817 0.000010
12818 0.000010
12819 0.000010
12820 0.000010
12821 0.000010
12822 0.000010
12823 0.000010
12824 0.000010
12825 0.000010
12826 0.000010
12827 0.000010
12828 0.000010
12829 0.000010
12830 0.000010
12831 0.000010
12832 0.000010
12833 0.000010
12834 0.000010
12835 0.000010
12836 0.000010
12837 0.000010
12838 0.000010
12839 0.000010
12840 0.000010
12841 0.000010
12842 0.000010
12843 0.000010
12844 0.000010
12845 0.000010
12846 0.000010
12847 0.000010
12848 0.000010
12849 0.000010
12850 0.000010
12851 0.000010
12852 0.000010
12853 0.000010
12854 0.000010
12855 0.000010
12856 0.000010
12857 0.000010
12858 0.000010
12859 0.000010
12860 0.000010
12861 0.000010
12862 0.000010
12863 0.000010
12864 0.000010
12865 0.000010
12866 0.000010
12867 0.000010
12868 0.000010
12869 0.000010
12870 0.000010
12871 0.000010
12872 0.000010
12873 0.000010
12874 0.000010
12875 0.000010
12876 0.000010
12877 0.000010
12878 0.000010
12879 0.000010
12880 0.000010
12881 0.000010
12882 0.000010
12883 0.000010
12884 0.000010
12885 0.000010
12886 0.000010
12887 0.000010
12888 0.000010
12889 0.000010
12890 0.000010
12891 0.000010
12892 0.000010
12893 0.000010
12894 0.000010
12895 0.000010
12896 0.000010
12897 0.000010
12898 0.000010
12899 0.000010
12900 0.000010
12901 0.000010
12902 0.000010
12903 0.000010
12904 0.000010
12905 0.000010
12906 0.000010
12907 0.000010
12908 0.000010
12909 0.000010
12910 0.000010
12911 0.000010
12912 0.000010
12913 0.000010
12914 0.000010
12915 0.000010
12916 0.000010
12917 0.000010
12918 0.000010
12919 0.000010
12920 0.000010
12921 0.000010
12922 0.000010
12923 0.000010
12924 0.000010
12925 0.000010
12926 0.000010
12927 0.000010
12928 0.000010
12929 0.000010
12930 0.000010
12931 0.000010
12932 0.000010
12933 0.000010
12934 0.000010
12935 0.000010
12936 0.000010
12937 0.000010
12938 0.000010
12939 0.000010
12940 0.000010
12941 0.000010
12942 0.000010
12943 0.000010
12944 0.000010
12945 0.000010
12946 0.000010
12947 0.000010
12948 0.000010
12949 0.000010
12950 0.000010
12951 0.000010
12952 0.000010
12953 0.000010
12954 0.000010
12955 0.000010
12956 0.000010
12957 0.000010
12958 0.000010
12959 0.000010
12960 0.000010
12961 0.000010
12962 0.000010
12963 0.000010
12964 0.000010
12965 0.000010
12966 0.000010
12967 0.000010
12968 0.000010
12969 0.000010
12970 0.000010
12971 0.000010
12972 0.000010
12973 0.000010
12974 0.000010
12975 0.000010
12976 0.000010
12977 0.000010
12978 0.000010
12979 0.000010
12980 0.000010
12981 0.000010
12982 0.000010
12983 0.000010
12984 0.000010
12985 0.000010
12986 0.000010
12987 0.000010
12988 0.000010
12989 0.000010
12990 0.000010
12991 0.000010
12992 0.000010
12993 0.000010
12994 0.000010
12995 0.000010
12996 0.000010
12997 0.000010
12998 0.000010
12999 0.000010
13000 0.000010
13001 0.000010
13002 0.000010
13003 0.000010
13004 0.000010
13005 0.000010
13006 0.000010
13007 0.000010
13008 0.000010
13009 0.000010
13010 0.000010
13011 0.000010
13012 0.000010
13013 0.000010
13014 0.000010
13015 0.000010
13016 0.000010
13017 0.000010
13018 0.000010
13019 0.000010
13020 0.000010
13021 0.000010
13022 0.000010
13023 0.000010
13024 0.000010
13025 0.000010
13026 0.000010
13027 0.000010
13028 0.000010
13029 0.000010
13030 0.000010
13031 0.000010
13032 0.000010
13033 0.000010
13034 0.000010
13035 0.000010
13036 0.000010
13037 0.000010
13038 0.000010
13039 0.000010
13040 0.000010
13041 0.000010
13042 0.000010
13043 0.000010
13044 0.000010
13045 0.000010
13046 0.000010
13047 0.000010
13048 0.000010
13049 0.000010
13050 0.000010
13051 0.000010
13052 0.000010
13053 0.000010
13054 0.000010
13055 0.000010
13056 0.000010
13057 0.000010
13058 0.000010
13059 0.000010
13060 0.000010
13061 0.000010
13062 0.000010
13063 0.000010
13064 0.000010
13065 0.000010
13066 0.000010
13067 0.000010
13068 0.000010
13069 0.000010
13070 0.000010
13071 0.000010
13072 0.000010
13073 0.000010
13074 0.000010
13075 0.000010
13076 0.000010
13077 0.000010
13078 0.000010
13079 0.000010
13080 0.000010
13081 0.000010
13082 0.000010
13083 0.000010
13084 0.000010
13085 0.000010
13086 0.000010
13087 0.000010
13088 0.000010
13089 0.000010
13090 0.000010
13091 0.000010
13092 0.000010
13093 0.000010
13094 0.000010
13095 0.000010
13096 0.000010
13097 0.000010
13098 0.000010
13099 0.000010
13100 0.000010
13101 0.000010
13102 0.000010
13103 0.000010
13104 0.000010
13105 0.000010
13106 0.000010
13107 0.000010
13108 0.000010
13109 0.000010
13110 0.000010
13111 0.000010
13112 0.000010
13113 0.000010
13114 0.000010
13115 0.000010
13116 0.000010
13117 0.000010
13118 0.000010
13119 0.000010
13120 0.000010
13121 0.000010
13122 0.000010
13123 0.000010
13124 0.000010
13125 0.000010
13126 0.000010
13127 0.000010
13128 0.000010
13129 0.000010
13130 0.000010
13131 0.000010
13132 0.000010
13133 0.000010
13134 0.000010
13135 0.000010
13136 0.000010
13137 0.000010
13138 0.000010
13139 0.000010
13140 0.000010
13141 0.000010
13142 0.000010
13143 0.000010
13144 0.000010
13145 0.000010
13146 0.000010
13147 0.000010
13148 0.000010
13149 0.000010
13150 0.000010
13151 0.000010
13152 0.000010
13153 0.000010
13154 0.000010
13155 0.000010
13156 0.000010
13157 0.000010
13158 0.000010
13159 0.000010
13160 0.000010
13161 0.000010
13162 0.000010
13163 0.000010
13164 0.000010
13165 0.000010
13166 0.000010
13167 0.000010
13168 0.000010
13169 0.000010
13170 0.000010
13171 0.000010
13172 0.000010
13173 0.000010
13174 0.000010
13175 0.000010
13176 0.000010
13177 0.000010
13178 0.000010
13179 0.000010
13180 0.000010
13181 0.000010
13182 0.000010
13183 0.000010
13184 0.000010
13185 0.000010
13186 0.000010
13187 0.000010
13188 0.000010
13189 0.000010
13190 0.000010
13191 0.000010
13192 0.000010
13193 0.000010
13194 0.000010
13195 0.000010
13196 0.000010
13197 0.000010
13198 0.000010
13199 0.000010
13200 0.000010
13201 0.000010
13202 0.000010
13203 0.000010
13204 0.000010
13205 0.000010
13206 0.000010
13207 0.000010
13208 0.000010
13209 0.000010
13210 0.000010
13211 0.000010
13212 0.000010
13213 0.000010
13214 0.000010
13215 0.000010
13216 0.000010
13217 0.000010
13218 0.000010
13219 0.000010
13220 0.000010
13221 0.000010
13222 0.000010
13223 0.000010
13224 0.000010
13225 0.000010
13226 0.000010
13227 0.000010
13228 0.000010
13229 0.000010
13230 0.000010
13231 0.000010
13232 0.000010
13233 0.000010
13234 0.000010
13235 0.000010
13236 0.000010
13237 0.000010
13238 0.000010
13239 0.000010
13240 0.000010
13241 0.000010
13242 0.000010
13243 0.000010
13244 0.000010
13245 0.000010
13246 0.000010
13247 0.000010
13248 0.000010
13249 0.000010
13250 0.000010
13251 0.000010
13252 0.000010
13253 0.000010
13254 0.000010
13255 0.000010
13256 0.000010
13257 0.000010
13258 0.000010
13259 0.000010
13260 0.000010
13261 0.000010
13262 0.000010
13263 0.000010
13264 0.000010
13265 0.000010
13266 0.000010
13267 0.000010
13268 0.000010
13269 0.000010
13270 0.000010
13271 0.000010
13272 0.000010
13273 0.000010
13274 0.000010
13275 0.000010
13276 0.000010
13277 0.000010
13278 0.000010
13279 0.000010
13280 0.000010
13281 0.000010
13282 0.000010
13283 0.000010
13284 0.000010
13285 0.000010
13286 0.000010
13287 0.000010
13288 0.000010
13289 0.000010
13290 0.000010
13291 0.000010
13292 0.000010
13293 0.000010
13294 0.000010
13295 0.000010
13296 0.000010
13297 0.000010
13298 0.000010
13299 0.000010
13300 0.000010
13301 0.000010
13302 0.000010
13303 0.000010
13304 0.000010
13305 0.000010
13306 0.000010
13307 0.000010
13308 0.000010
13309 0.000010
13310 0.000010
13311 0.000010
13312 0.000010
13313 0.000010
13314 0.000010
13315 0.000010
13316 0.000010
13317 0.000010
13318 0.000010
13319 0.000010
13320 0.000010
13321 0.000010
13322 0.000010
13323 0.000010
13324 0.000010
13325 0.000010
13326 0.000010
13327 0.000010
13328 0.000010
13329 0.000010
13330 0.000010
13331 0.000010
13332 0.000010
13333 0.000010
13334 0.000010
13335 0.000010
13336 0.000010
13337 0.000010
13338 0.000010
13339 0.000010
13340 0.000010
13341 0.000010
13342 0.000010
13343 0.000010
13344 0.000010
13345 0.000010
13346 0.000010
13347 0.000010
13348 0.000010
13349 0.000010
13350 0.000010
13351 0.000010
13352 0.000010
13353 0.000010
13354 0.000010
13355 0.000010
13356 0.000010
13357 0.000010
13358 0.000010
13359 0.000010
13360 0.000010
13361 0.000010
13362 0.000010
13363 0.000010
13364 0.000010
13365 0.000010
13366 0.000010
13367 0.000010
13368 0.000010
13369 0.000010
13370 0.000010
13371 0.000010
13372 0.000010
13373 0.000010
13374 0.000010
13375 0.000010
13376 0.000010
13377 0.000010
13378 0.000010
13379 0.000010
13380 0.000010
13381 0.000010
13382 0.000010
13383 0.000010
13384 0.000010
13385 0.000010
13386 0.000010
13387 0.000010
13388 0.000010
13389 0.000010
13390 0.000010
13391 0.000010
13392 0.000010
13393 0.000010
13394 0.000010
13395 0.000010
13396 0.000010
13397 0.000010
13398 0.000010
13399 0.000010
13400 0.000010
13401 0.000010
13402 0.000010
13403 0.000010
13404 0.000010
13405 0.000010
13406 0.000010
13407 0.000010
13408 0.000010
13409 0.000010
13410 0.000010
13411 0.000010
13412 0.000010
13413 0.000010
13414 0.000010
13415 0.000010
13416 0.000010
13417 0.000010
13418 0.000010
13419 0.000010
13420 0.000010
13421 0.000010
13422 0.000010
13423 0.000010
13424 0.000010
13425 0.000010
13426 0.000010
13427 0.000010
13428 0.000010
13429 0.000010
13430 0.000010
13431 0.000010
13432 0.000010
13433 0.000010
13434 0.000010
13435 0.000010
13436 0.000010
13437 0.000010
13438 0.000010
13439 0.000010
13440 0.000010
13441 0.000010
13442 0.000010
13443 0.000010
13444 0.000010
13445 0.000010
13446 0.000010
13447 0.000010
13448 0.000010
13449 0.000010
13450 0.000010
13451 0.000010
13452 0.000010
13453 0.000010
13454 0.000010
13455 0.000010
13456 0.000010
13457 0.000010
13458 0.000010
13459 0.000010
13460 0.000010
13461 0.000010
13462 0.000010
13463 0.000010
13464 0.000010
13465 0.000010
13466 0.000010
13467 0.000010
13468 0.000010
13469 0.000010
13470 0.000010
13471 0.000010
13472 0.000010
13473 0.000010
13474 0.000010
13475 0.000010
13476 0.000010
13477 0.000010
13478 0.000010
13479 0.000010
13480 0.000010
13481 0.000010
13482 0.000010
13483 0.000010
13484 0.000010
13485 0.000010
13486 0.000010
13487 0.000010
13488 0.000010
13489 0.000010
13490 0.000010
13491 0.000010
13492 0.000010
13493 0.000010
13494 0.000010
13495 0.000010
13496 0.000010
13497 0.000010
13498 0.000010
13499 0.000010
13500 0.000010
13501 0.000010
13502 0.000010
13503 0.000010
13504 0.000010
13505 0.000010
13506 0.000010
13507 0.000010
13508 0.000010
13509 0.000010
13510 0.000010
13511 0.000010
13512 0.000010
13513 0.000010
13514 0.000010
13515 0.000010
13516 0.000010
13517 0.000010
13518 0.000010
13519 0.000010
13520 0.000010
13521 0.000010
13522 0.000010
13523 0.000010
13524 0.000010
13525 0.000010
13526 0.000010
13527 0.000010
13528 0.000010
13529 0.000010
13530 0.000010
13531 0.000010
13532 0.000010
13533 0.000010
13534 0.000010
13535 0.000010
13536 0.000010
13537 0.000010
13538 0.000010
13539 0.000010
13540 0.000010
13541 0.000010
13542 0.000010
13543 0.000010
13544 0.000010
13545 0.000010
13546 0.000010
13547 0.000010
13548 0.000010
13549 0.000010
13550 0.000010
13551 0.000010
13552 0.000010
13553 0.000010
13554 0.000010
13555 0.000010
13556 0.000010
13557 0.000010
13558 0.000010
13559 0.000010
13560 0.000010
13561 0.000010
13562 0.000010
13563 0.000010
13564 0.000010
13565 0.000010
13566 0.000010
13567 0.000010
13568 0.000010
13569 0.000010
13570 0.000010
13571 0.000010
13572 0.000010
13573 0.000010
13574 0.000010
13575 0.000010
13576 0.000010
13577 0.000010
13578 0.000010
13579 0.000010
13580 0.000010
13581 0.000010
13582 0.000010
13583 0.000010
13584 0.000010
13585 0.000010
13586 0.000010
13587 0.000010
13588 0.000010
13589 0.000010
13590 0.000010
13591 0.000010
13592 0.000010
13593 0.000010
13594 0.000010
13595 0.000010
13596 0.000010
13597 0.000010
13598 0.000010
13599 0.000010
13600 0.000010
13601 0.000010
13602 0.000010
13603 0.000010
13604 0.000010
13605 0.000010
13606 0.000010
13607 0.000010
13608 0.000010
13609 0.000010
13610 0.000010
13611 0.000010
13612 0.000010
13613 0.000010
13614 0.000010
13615 0.000010
13616 0.000010
13617 0.000010
13618 0.000010
13619 0.000010
13620 0.000010
13621 0.000010
13622 0.000010
13623 0.000010
13624 0.000010
13625 0.000010
13626 0.000010
13627 0.000010
13628 0.000010
13629 0.000010
13630 0.000010
13631 0.000010
13632 0.000010
13633 0.000010
13634 0.000010
13635 0.000010
13636 0.000010
13637 0.000010
13638 0.000010
13639 0.000010
13640 0.000010
13641 0.000010
13642 0.000010
13643 0.000010
13644 0.000010
13645 0.000010
13646 0.000010
13647 0.000010
13648 0.000010
13649 0.000010
13650 0.000010
13651 0.000010
13652 0.000010
13653 0.000010
13654 0.000010
13655 0.000010
13656 0.000010
13657 0.000010
13658 0.000010
13659 0.000010
13660 0.000010
13661 0.000010
13662 0.000010
13663 0.000010
13664 0.000010
13665 0.000010
13666 0.000010
13667 0.000010
13668 0.000010
13669 0.000010
13670 0.000010
13671 0.000010
13672 0.000010
13673 0.000010
13674 0.000010
13675 0.000010
13676 0.000010
13677 0.000010
13678 0.000010
13679 0.000010
13680 0.000010
13681 0.000010
13682 0.000010
13683 0.000010
13684 0.000010
13685 0.000010
13686 0.000010
13687 0.000010
13688 0.000010
13689 0.000010
13690 0.000010
13691 0.000010
13692 0.000010
13693 0.000010
13694 0.000010
13695 0.000010
13696 0.000010
13697 0.000010
13698 0.000010
13699 0.000010
13700 0.000010
13701 0.000010
13702 0.000010
13703 0.000010
13704 0.000010
13705 0.000010
13706 0.000010
13707 0.000010
13708 0.000010
13709 0.000010
13710 0.000010
13711 0.000010
13712 0.000010
13713 0.000010
13714 0.000010
13715 0.000010
13716 0.000010
13717 0.000010
13718 0.000010
13719 0.000010
13720 0.000010
13721 0.000010
13722 0.000010
13723 0.000010
13724 0.000010
13725 0.000010
13726 0.000010
13727 0.000010
13728 0.000010
13729 0.000010
13730 0.000010
13731 0.000010
13732 0.000010
13733 0.000010
13734 0.000010
13735 0.000010
13736 0.000010
13737 0.000010
13738 0.000010
13739 0.000010
13740 0.000010
13741 0.000010
13742 0.000010
13743 0.000010
13744 0.000010
13745 0.000010
13746 0.000010
13747 0.000010
13748 0.000010
13749 0.000010
13750 0.000010
13751 0.000010
13752 0.000010
13753 0.000010
13754 0.000010
13755 0.000010
13756 0.000010
13757 0.000010
13758 0.000010
13759 0.000010
13760 0.000010
13761 0.000010
13762 0.000010
13763 0.000010
13764 0.000010
13765 0.000010
13766 0.000010
13767 0.000010
13768 0.000010
13769 0.000010
13770 0.000010
13771 0.000010
13772 0.000010
13773 0.000010
13774 0.000010
13775 0.000010
13776 0.000010
13777 0.000010
13778 0.000010
13779 0.000010
13780 0.000010
13781 0.000010
13782 0.000010
13783 0.000010
13784 0.000010
13785 0.000010
13786 0.000010
13787 0.000010
13788 0.000010
13789 0.000010
13790 0.000010
13791 0.000010
13792 0.000010
13793 0.000010
13794 0.000010
13795 0.000010
13796 0.000010
13797 0.000010
13798 0.000010
13799 0.000010
13800 0.000010
13801 0.000010
13802 0.000010
13803 0.000010
13804 0.000010
13805 0.000010
13806 0.000010
13807 0.000010
13808 0.000010
13809 0.000010
13810 0.000010
13811 0.000010
13812 0.000010
13813 0.000010
13814 0.000010
13815 0.000010
13816 0.000010
13817 0.000010
13818 0.000010
13819 0.000010
13820 0.000010
13821 0.000010
13822 0.000010
13823 0.000010
13824 0.000010
13825 0.000010
13826 0.000010
13827 0.000010
13828 0.000010
13829 0.000010
13830 0.000010
13831 0.000010
13832 0.000010
13833 0.000010
13834 0.000010
13835 0.000010
13836 0.000010
13837 0.000010
13838 0.000010
13839 0.000010
13840 0.000010
13841 0.000010
13842 0.000010
13843 0.000010
13844 0.000010
13845 0.000010
13846 0.000010
13847 0.000010
13848 0.000010
13849 0.000010
13850 0.000010
13851 0.000010
13852 0.000010
13853 0.000010
13854 0.000010
13855 0.000010
13856 0.000010
13857 0.000010
13858 0.000010
13859 0.000010
13860 0.000010
13861 0.000010
13862 0.000010
13863 0.000010
13864 0.000010
13865 0.000010
13866 0.000010
13867 0.000010
13868 0.000010
13869 0.000010
13870 0.000010
13871 0.000010
13872 0.000010
13873 0.000010
13874 0.000010
13875 0.000010
13876 0.000010
13877 0.000010
13878 0.000010
13879 0.000010
13880 0.000010
13881 0.000010
13882 0.000010
13883 0.000010
13884 0.000010
13885 0.000010
13886 0.000010
13887 0.000010
13888 0.000010
13889 0.000010
13890 0.000010
13891 0.000010
13892 0.000010
13893 0.000010
13894 0.000010
13895 0.000010
13896 0.000010
13897 0.000010
13898 0.000010
13899 0.000010
13900 0.000010
13901 0.000010
13902 0.000010
13903 0.000010
13904 0.000010
13905 0.000010
13906 0.000010
13907 0.000010
13908 0.000010
13909 0.000010
13910 0.000010
13911 0.000010
13912 0.000010
13913 0.000010
13914 0.000010
13915 0.000010
13916 0.000010
13917 0.000010
13918 0.000010
13919 0.000010
13920 0.000010
13921 0.000010
13922 0.000010
13923 0.000010
13924 0.000010
13925 0.000010
13926 0.000010
13927 0.000010
13928 0.000010
13929 0.000010
13930 0.000010
13931 0.000010
13932 0.000010
13933 0.000010
13934 0.000010
13935 0.000010
13936 0.000010
13937 0.000010
13938 0.000010
13939 0.000010
13940 0.000010
13941 0.000010
13942 0.000010
13943 0.000010
13944 0.000010
13945 0.000010
13946 0.000010
13947 0.000010
13948 0.000010
13949 0.000010
13950 0.000010
13951 0.000010
13952 0.000010
13953 0.000010
13954 0.000010
13955 0.000010
13956 0.000010
13957 0.000010
13958 0.000010
13959 0.000010
13960 0.000010
13961 0.000010
13962 0.000010
13963 0.000010
13964 0.000010
13965 0.000010
13966 0.000010
13967 0.000010
13968 0.000010
13969 0.000010
13970 0.000010
13971 0.000010
13972 0.000010
13973 0.000010
13974 0.000010
13975 0.000010
13976 0.000010
13977 0.000010
13978 0.000010
13979 0.000010
13980 0.000010
13981 0.000010
13982 0.000010
13983 0.000010
13984 0.000010
13985 0.000010
13986 0.000010
13987 0.000010
13988 0.000010
13989 0.000010
13990 0.000010
13991 0.000010
13992 0.000010
13993 0.000010
13994 0.000010
13995 0.000010
13996 0.000010
13997 0.000010
13998 0.000010
13999 0.000010
14000 0.000010
14001 0.000010
14002 0.000010
14003 0.000010
14004 0.000010
14005 0.000010
14006 0.000010
14007 0.000010
14008 0.000010
14009 0.000010
14010 0.000010
14011 0.000010
14012 0.000010
14013 0.000010
14014 0.000010
14015 0.000010
14016 0.000010
14017 0.000010
14018 0.000010
14019 0.000010
14020 0.000010
14021 0.000010
14022 0.000010
14023 0.000010
14024 0.000010
14025 0.000010
14026 0.000010
14027 0.000010
14028 0.000010
14029 0.000010
14030 0.000010
14031 0.000010
14032 0.000010
14033 0.000010
14034 0.000010
14035 0.000010
14036 0.000010
14037 0.000010
14038 0.000010
14039 0.000010
14040 0.000010
14041 0.000010
14042 0.000010
14043 0.000010
14044 0.000010
14045 0.000010
14046 0.000010
14047 0.000010
14048 0.000010
14049 0.000010
14050 0.000010
14051 0.000010
14052 0.000010
14053 0.000010
14054 0.000010
14055 0.000010
14056 0.000010
14057 0.000010
14058 0.000010
14059 0.000010
14060 0.000010
14061 0.000010
14062 0.000010
14063 0.000010
14064 0.000010
14065 0.000010
14066 0.000010
14067 0.000010
14068 0.000010
14069 0.000010
14070 0.000010
14071 0.000010
14072 0.000010
14073 0.000010
14074 0.000010
14075 0.000010
14076 0.000010
14077 0.000010
14078 0.000010
14079 0.000010
14080 0.000010
14081 0.000010
14082 0.000010
14083 0.000010
14084 0.000010
14085 0.000010
14086 0.000010
14087 0.000010
14088 0.000010
14089 0.000010
14090 0.000010
14091 0.000010
14092 0.000010
14093 0.000010
14094 0.000010
14095 0.000010
14096 0.000010
14097 0.000010
14098 0.000010
14099 0.000010
14100 0.000010
14101 0.000010
14102 0.000010
14103 0.000010
14104 0.000010
14105 0.000010
14106 0.000010
14107 0.000010
14108 0.000010
14109 0.000010
14110 0.000010
14111 0.000010
14112 0.000010
14113 0.000010
14114 0.000010
14115 0.000010
14116 0.000010
14117 0.000010
14118 0.000010
14119 0.000010
14120 0.000010
14121 0.000010
14122 0.000010
14123 0.000010
14124 0.000010
14125 0.000010
14126 0.000010
14127 0.000010
14128 0.000010
14129 0.000010
14130 0.000010
14131 0.000010
14132 0.000010
14133 0.000010
14134 0.000010
14135 0.000010
14136 0.000010
14137 0.000010
14138 0.000010
14139 0.000010
14140 0.000010
14141 0.000010
14142 0.000010
14143 0.000010
14144 0.000010
14145 0.000010
14146 0.000010
14147 0.000010
14148 0.000010
14149 0.000010
14150 0.000010
14151 0.000010
14152 0.000010
14153 0.000010
14154 0.000010
14155 0.000010
14156 0.000010
14157 0.000010
14158 0.000010
14159 0.000010
14160 0.000010
14161 0.000010
14162 0.000010
14163 0.000010
14164 0.000010
14165 0.000010
14166 0.000010
14167 0.000010
14168 0.000010
14169 0.000010
14170 0.000010
14171 0.000010
14172 0.000010
14173 0.000010
14174 0.000010
14175 0.000010
14176 0.000010
14177 0.000010
14178 0.000010
14179 0.000010
14180 0.000010
14181 0.000010
14182 0.000010
14183 0.000010
14184 0.000010
14185 0.000010
14186 0.000010
14187 0.000010
14188 0.000010
14189 0.000010
14190 0.000010
14191 0.000010
14192 0.000010
14193 0.000010
14194 0.000010
14195 0.000010
14196 0.000010
14197 0.000010
14198 0.000010
14199 0.000010
14200 0.000010
14201 0.000010
14202 0.000010
14203 0.000010
14204 0.000010
14205 0.000010
14206 0.000010
14207 0.000010
14208 0.000010
14209 0.000010
14210 0.000010
14211 0.000010
14212 0.000010
14213 0.000010
14214 0.000010
14215 0.000010
14216 0.000010
14217 0.000010
14218 0.000010
14219 0.000010
14220 0.000010
14221 0.000010
14222 0.000010
14223 0.000010
14224 0.000010
14225 0.000010
14226 0.000010
14227 0.000010
14228 0.000010
14229 0.000010
14230 0.000010
14231 0.000010
14232 0.000010
14233 0.000010
14234 0.000010
14235 0.000010
14236 0.000010
14237 0.000010
14238 0.000010
14239 0.000010
14240 0.000010
14241 0.000010
14242 0.000010
14243 0.000010
14244 0.000010
14245 0.000010
14246 0.000010
14247 0.000010
14248 0.000010
14249 0.000010
14250 0.000010
14251 0.000010
14252 0.000010
14253 0.000010
14254 0.000010
14255 0.000010
14256 0.000010
14257 0.000010
14258 0.000010
14259 0.000010
14260 0.000010
14261 0.000010
14262 0.000010
14263 0.000010
14264 0.000010
14265 0.000010
14266 0.000010
14267 0.000010
14268 0.000010
14269 0.000010
14270 0.000010
14271 0.000010
14272 0.000010
14273 0.000010
14274 0.000010
14275 0.000010
14276 0.000010
14277 0.000010
14278 0.000010
14279 0.000010
14280 0.000010
14281 0.000010
14282 0.000010
14283 0.000010
14284 0.000010
14285 0.000010
14286 0.000010
14287 0.000010
14288 0.000010
14289 0.000010
14290 0.000010
14291 0.000010
14292 0.000010
14293 0.000010
14294 0.000010
14295 0.000010
14296 0.000010
14297 0.000010
14298 0.000010
14299 0.000010
14300 0.000010
14301 0.000010
14302 0.000010
14303 0.000010
14304 0.000010
14305 0.000010
14306 0.000010
14307 0.000010
14308 0.000010
14309 0.000010
14310 0.000010
14311 0.000010
14312 0.000010
14313 0.000010
14314 0.000010
14315 0.000010
14316 0.000010
14317 0.000010
14318 0.000010
14319 0.000010
14320 0.000010
14321 0.000010
14322 0.000010
14323 0.000010
14324 0.000010
14325 0.000010
14326 0.000010
14327 0.000010
14328 0.000010
14329 0.000010
14330 0.000010
14331 0.000010
14332 0.000010
14333 0.000010
14334 0.000010
14335 0.000010
14336 0.000010
14337 0.000010
14338 0.000010
14339 0.000010
14340 0.000010
14341 0.000010
14342 0.000010
14343 0.000010
14344 0.000010
14345 0.000010
14346 0.000010
14347 0.000010
14348 0.000010
14349 0.000010
14350 0.000010
14351 0.000010
14352 0.000010
14353 0.000010
14354 0.000010
14355 0.000010
14356 0.000010
14357 0.000010
14358 0.000010
14359 0.000010
14360 0.000010
14361 0.000010
14362 0.000010
14363 0.000010
14364 0.000010
14365 0.000010
14366 0.000010
14367 0.000010
14368 0.000010
14369 0.000010
14370 0.000010
14371 0.000010
14372 0.000010
14373 0.000010
14374 0.000010
14375 0.000010
14376 0.000010
14377 0.000010
14378 0.000010
14379 0.000010
14380 0.000010
14381 0.000010
14382 0.000010
14383 0.000010
14384 0.000010
14385 0.000010
14386 0.000010
14387 0.000010
14388 0.000010
14389 0.000010
14390 0.000010
14391 0.000010
14392 0.000010
14393 0.000010
14394 0.000010
14395 0.000010
14396 0.000010
14397 0.000010
14398 0.000010
14399 0.000010
14400 0.000010
14401 0.000010
14402 0.000010
14403 0.000010
14404 0.000010
14405 0.000010
14406 0.000010
14407 0.000010
14408 0.000010
14409 0.000010
14410 0.000010
14411 0.000010
14412 0.000010
14413 0.000010
14414 0.000010
14415 0.000010
14416 0.000010
14417 0.000010
14418 0.000010
14419 0.000010
14420 0.000010
14421 0.000010
14422 0.000010
14423 0.000010
14424 0.000010
14425 0.000010
14426 0.000010
14427 0.000010
14428 0.000010
14429 0.000010
14430 0.000010
14431 0.000010
14432 0.000010
14433 0.000010
14434 0.000010
14435 0.000010
14436 0.000010
14437 0.000010
14438 0.000010
14439 0.000010
14440 0.000010
14441 0.000010
14442 0.000010
14443 0.000010
14444 0.000010
14445 0.000010
14446 0.000010
14447 0.000010
14448 0.000010
14449 0.000010
14450 0.000010
14451 0.000010
14452 0.000010
14453 0.000010
14454 0.000010
14455 0.000010
14456 0.000010
14457 0.000010
14458 0.000010
14459 0.000010
14460 0.000010
14461 0.000010
14462 0.000010
14463 0.000010
14464 0.000010
14465 0.000010
14466 0.000010
14467 0.000010
14468 0.000010
14469 0.000010
14470 0.000010
14471 0.000010
14472 0.000010
14473 0.000010
14474 0.000010
14475 0.000010
14476 0.000010
14477 0.000010
14478 0.000010
14479 0.000010
14480 0.000010
14481 0.000010
14482 0.000010
14483 0.000010
14484 0.000010
14485 0.000010
14486 0.000010
14487 0.000010
14488 0.000010
14489 0.000010
14490 0.000010
14491 0.000010
14492 0.000010
14493 0.000010
14494 0.000010
14495 0.000010
14496 0.000010
14497 0.000010
14498 0.000010
14499 0.000010
14500 0.000010
14501 0.000010
14502 0.000010
14503 0.000010
14504 0.000010
14505 0.000010
14506 0.000010
14507 0.000010
14508 0.000010
14509 0.000010
14510 0.000010
14511 0.000010
14512 0.000010
14513 0.000010
14514 0.000010
14515 0.000010
14516 0.000010
14517 0.000010
14518 0.000010
14519 0.000010
14520 0.000010
14521 0.000010
14522 0.000010
14523 0.000010
14524 0.000010
14525 0.000010
14526 0.000010
14527 0.000010
14528 0.000010
14529 0.000010
14530 0.000010
14531 0.000010
14532 0.000010
14533 0.000010
14534 0.000010
14535 0.000010
14536 0.000010
14537 0.000010
14538 0.000010
14539 0.000010
14540 0.000010
14541 0.000010
14542 0.000010
14543 0.000010
14544 0.000010
14545 0.000010
14546 0.000010
14547 0.000010
14548 0.000010
14549 0.000010
14550 0.000010
14551 0.000010
14552 0.000010
14553 0.000010
14554 0.000010
14555 0.000010
14556 0.000010
14557 0.000010
14558 0.000010
14559 0.000010
14560 0.000010
14561 0.000010
14562 0.000010
14563 0.000010
14564 0.000010
14565 0.000010
14566 0.000010
14567 0.000010
14568 0.000010
14569 0.000010
14570 0.000010
14571 0.000010
14572 0.000010
14573 0.000010
14574 0.000010
14575 0.000010
14576 0.000010
14577 0.000010
14578 0.000010
14579 0.000010
14580 0.000010
14581 0.000010
14582 0.000010
14583 0.000010
14584 0.000010
14585 0.000010
14586 0.000010
14587 0.000010
14588 0.000010
14589 0.000010
14590 0.000010
14591 0.000010
14592 0.000010
14593 0.000010
14594 0.000010
14595 0.000010
14596 0.000010
14597 0.000010
14598 0.000010
14599 0.000010
14600 0.000010
14601 0.000010
14602 0.000010
14603 0.000010
14604 0.000010
14605 0.000010
14606 0.000010
14607 0.000010
14608 0.000010
14609 0.000010
14610 0.000010
14611 0.000010
14612 0.000010
14613 0.000010
14614 0.000010
14615 0.000010
14616 0.000010
14617 0.000010
14618 0.000010
14619 0.000010
14620 0.000010
14621 0.000010
14622 0.000010
14623 0.000010
14624 0.000010
14625 0.000010
14626 0.000010
14627 0.000010
14628 0.000010
14629 0.000010
14630 0.000010
14631 0.000010
14632 0.000010
14633 0.000010
14634 0.000010
14635 0.000010
14636 0.000010
14637 0.000010
14638 0.000010
14639 0.000010
14640 0.000010
14641 0.000010
14642 0.000010
14643 0.000010
14644 0.000010
14645 0.000010
14646 0.000010
14647 0.000010
14648 0.000010
14649 0.000010
14650 0.000010
14651 0.000010
14652 0.000010
14653 0.000010
14654 0.000010
14655 0.000010
14656 0.000010
14657 0.000010
14658 0.000010
14659 0.000010
14660 0.000010
14661 0.000010
14662 0.000010
14663 0.000010
14664 0.000010
14665 0.000010
14666 0.000010
14667 0.000010
14668 0.000010
14669 0.000010
14670 0.000010
14671 0.000010
14672 0.000010
14673 0.000010
14674 0.000010
14675 0.000010
14676 0.000010
14677 0.000010
14678 0.000010
14679 0.000010
14680 0.000010
14681 0.000010
14682 0.000010
14683 0.000010
14684 0.000010
14685 0.000010
14686 0.000010
14687 0.000010
14688 0.000010
14689 0.000010
14690 0.000010
14691 0.000010
14692 0.000010
14693 0.000010
14694 0.000010
14695 0.000010
14696 0.000010
14697 0.000010
14698 0.000010
14699 0.000010
14700 0.000010
14701 0.000010
14702 0.000010
14703 0.000010
14704 0.000010
14705 0.000010
14706 0.000010
14707 0.000010
14708 0.000010
14709 0.000010
14710 0.000010
14711 0.000010
14712 0.000010
14713 0.000010
14714 0.000010
14715 0.000010
14716 0.000010
14717 0.000010
14718 0.000010
14719 0.000010
14720 0.000010
14721 0.000010
14722 0.000010
14723 0.000010
14724 0.000010
14725 0.000010
14726 0.000010
14727 0.000010
14728 0.000010
14729 0.000010
14730 0.000010
14731 0.000010
14732 0.000010
14733 0.000010
14734 0.000010
14735 0.000010
14736 0.000010
14737 0.000010
14738 0.000010
14739 0.000010
14740 0.000010
14741 0.000010
14742 0.000010
14743 0.000010
14744 0.000010
14745 0.000010
14746 0.000010
14747 0.000010
14748 0.000010
14749 0.000010
14750 0.000010
14751 0.000010
14752 0.000010
14753 0.000010
14754 0.000010
14755 0.000010
14756 0.000010
14757 0.000010
14758 0.000010
14759 0.000010
14760 0.000010
14761 0.000010
14762 0.000010
14763 0.000010
14764 0.000010
14765 0.000010
14766 0.000010
14767 0.000010
14768 0.000010
14769 0.000010
14770 0.000010
14771 0.000010
14772 0.000010
14773 0.000010
14774 0.000010
14775 0.000010
14776 0.000010
14777 0.000010
14778 0.000010
14779 0.000010
14780 0.000010
14781 0.000010
14782 0.000010
14783 0.000010
14784 0.000010
14785 0.000010
14786 0.000010
14787 0.000010
14788 0.000010
14789 0.000010
14790 0.000010
14791 0.000010
14792 0.000010
14793 0.000010
14794 0.000010
14795 0.000010
14796 0.000010
14797 0.000010
14798 0.000010
14799 0.000010
14800 0.000010
14801 0.000010
14802 0.000010
14803 0.000010
14804 0.000010
14805 0.000010
14806 0.000010
14807 0.000010
14808 0.000010
14809 0.000010
14810 0.000010
14811 0.000010
14812 0.000010
14813 0.000010
14814 0.000010
14815 0.000010
14816 0.000010
14817 0.000010
14818 0.000010
14819 0.000010
14820 0.000010
14821 0.000010
