--- BFS results for matrix Pres_Poisson.mtx ---
Reached vertices: 14822
Max depth: 46
----------------------------------------
Vertex | Distance
0 1
1 2
2 2
3 2
4 2
5 2
6 2
7 2
8 2
9 2
10 2
11 2
12 2
13 2
14 2
15 2
16 2
17 2
18 2
19 2
20 4
21 5
22 4
23 5
24 4
25 3
26 3
27 3
28 3
29 4
30 4
31 3
32 3
33 3
34 4
35 3
36 5
37 4
38 5
39 4
40 3
41 4
42 3
43 3
44 4
45 3
46 4
47 5
48 5
49 4
50 2
51 2
52 2
53 2
54 2
55 2
56 2
57 2
58 2
59 2
60 4
61 4
62 3
63 3
64 3
65 3
66 5
67 5
68 4
69 4
70 4
71 4
72 5
73 5
74 5
75 5
76 4
77 4
78 4
79 4
80 3
81 3
82 3
83 3
84 3
85 3
86 3
87 3
88 4
89 4
90 4
91 4
92 4
93 4
94 4
95 4
96 4
97 4
98 5
99 5
100 4
101 4
102 5
103 5
104 5
105 5
106 4
107 4
108 4
109 4
110 3
111 3
112 3
113 3
114 3
115 3
116 3
117 3
118 4
119 4
120 3
121 3
122 3
123 3
124 3
125 3
126 3
127 3
128 3
129 3
130 3
131 3
132 3
133 3
134 3
135 3
136 3
137 3
138 3
139 3
140 4
141 5
142 5
143 4
144 3
145 4
146 3
147 3
148 4
149 3
150 3
151 4
152 3
153 3
154 3
155 4
156 5
157 4
158 4
159 5
160 5
161 4
162 4
163 5
164 4
165 4
166 4
167 4
168 4
169 4
170 4
171 4
172 4
173 4
174 4
175 4
176 4
177 4
178 4
179 4
180 4
181 4
182 4
183 4
184 4
185 4
186 4
187 4
188 4
189 4
190 5
191 5
192 5
193 5
194 5
195 5
196 5
197 5
198 5
199 5
200 5
201 5
202 5
203 5
204 5
205 5
206 5
207 5
208 5
209 5
210 4
211 4
212 4
213 4
214 4
215 4
216 5
217 4
218 5
219 4
220 6
221 6
222 6
223 6
224 6
225 6
226 6
227 6
228 6
229 6
230 5
231 5
232 5
233 5
234 5
235 5
236 5
237 5
238 5
239 5
240 5
241 5
242 5
243 5
244 5
245 5
246 5
247 5
248 5
249 5
250 6
251 6
252 6
253 6
254 6
255 6
256 6
257 6
258 6
259 6
260 6
261 6
262 6
263 6
264 6
265 6
266 5
267 5
268 5
269 5
270 5
271 5
272 5
273 5
274 5
275 5
276 6
277 6
278 6
279 6
280 4
281 4
282 5
283 5
284 5
285 5
286 5
287 5
288 5
289 5
290 5
291 5
292 5
293 5
294 4
295 4
296 4
297 4
298 4
299 4
300 8
301 8
302 8
303 8
304 8
305 8
306 7
307 7
308 7
309 7
310 7
311 7
312 7
313 7
314 7
315 7
316 8
317 8
318 8
319 8
320 6
321 6
322 6
323 6
324 7
325 7
326 7
327 7
328 7
329 7
330 7
331 7
332 7
333 7
334 6
335 6
336 6
337 6
338 6
339 6
340 6
341 6
342 6
343 6
344 6
345 6
346 6
347 6
348 6
349 6
350 7
351 7
352 7
353 7
354 7
355 7
356 7
357 7
358 7
359 7
360 7
361 7
362 7
363 7
364 7
365 7
366 7
367 7
368 7
369 7
370 6
371 6
372 6
373 6
374 6
375 6
376 6
377 6
378 6
379 6
380 8
381 8
382 8
383 8
384 8
385 8
386 8
387 8
388 8
389 8
390 7
391 7
392 7
393 7
394 7
395 7
396 7
397 7
398 7
399 7
400 7
401 7
402 7
403 7
404 7
405 7
406 7
407 7
408 7
409 7
410 8
411 8
412 8
413 8
414 8
415 8
416 8
417 8
418 8
419 8
420 8
421 8
422 8
423 8
424 8
425 8
426 7
427 7
428 7
429 8
430 8
431 7
432 9
433 8
434 8
435 9
436 9
437 9
438 10
439 10
440 10
441 10
442 9
443 9
444 10
445 10
446 10
447 10
448 8
449 8
450 9
451 9
452 9
453 8
454 8
455 9
456 9
457 9
458 10
459 10
460 10
461 10
462 9
463 9
464 10
465 10
466 10
467 10
468 8
469 8
470 9
471 9
472 7
473 7
474 8
475 8
476 7
477 7
478 7
479 7
480 7
481 8
482 8
483 7
484 6
485 6
486 6
487 6
488 7
489 7
490 7
491 7
492 7
493 7
494 6
495 6
496 8
497 8
498 7
499 7
500 7
501 7
502 7
503 7
504 8
505 8
506 8
507 8
508 6
509 6
510 6
511 6
512 6
513 6
514 6
515 6
516 5
517 5
518 5
519 5
520 6
521 6
522 5
523 5
524 6
525 6
526 6
527 6
528 6
529 6
530 6
531 6
532 7
533 7
534 8
535 8
536 7
537 7
538 7
539 7
540 7
541 8
542 8
543 7
544 9
545 8
546 8
547 9
548 9
549 10
550 10
551 10
552 10
553 9
554 9
555 9
556 10
557 10
558 10
559 10
560 8
561 8
562 9
563 9
564 9
565 9
566 8
567 8
568 10
569 10
570 10
571 10
572 9
573 9
574 9
575 10
576 10
577 10
578 10
579 9
580 9
581 8
582 8
583 9
584 7
585 8
586 8
587 7
588 7
589 7
590 7
591 7
592 8
593 8
594 7
595 7
596 17
597 17
598 17
599 17
600 17
601 17
602 17
603 17
604 15
605 16
606 16
607 16
608 16
609 15
610 15
611 14
612 13
613 14
614 12
615 13
616 12
617 11
618 11
619 11
620 11
621 13
622 12
623 12
624 13
625 14
626 14
627 15
628 14
629 15
630 14
631 13
632 14
633 15
634 14
635 13
636 12
637 11
638 11
639 12
640 13
641 11
642 12
643 11
644 13
645 12
646 16
647 16
648 16
649 15
650 16
651 15
652 15
653 16
654 15
655 16
656 16
657 16
658 11
659 13
660 12
661 12
662 11
663 12
664 11
665 13
666 12
667 11
668 14
669 14
670 15
671 13
672 14
673 13
674 14
675 15
676 15
677 13
678 14
679 14
680 13
681 12
682 12
683 11
684 11
685 11
686 11
687 12
688 13
689 12
690 14
691 14
692 13
693 15
694 15
695 16
696 16
697 16
698 16
699 15
700 17
701 17
702 17
703 17
704 17
705 17
706 17
707 17
708 18
709 18
710 19
711 19
712 18
713 18
714 18
715 18
716 18
717 19
718 19
719 18
720 19
721 19
722 20
723 20
724 21
725 21
726 22
727 22
728 23
729 21
730 22
731 22
732 23
733 21
734 20
735 20
736 20
737 20
738 20
739 20
740 22
741 23
742 22
743 21
744 21
745 21
746 22
747 23
748 22
749 21
750 19
751 19
752 19
753 19
754 22
755 21
756 22
757 21
758 23
759 21
760 21
761 23
762 22
763 22
764 20
765 20
766 20
767 20
768 20
769 20
770 21
771 23
772 22
773 22
774 21
775 22
776 21
777 23
778 22
779 21
780 20
781 20
782 19
783 19
784 18
785 19
786 19
787 18
788 18
789 18
790 18
791 18
792 19
793 19
794 18
795 18
796 18
797 18
798 19
799 19
800 18
801 18
802 18
803 18
804 18
805 19
806 19
807 18
808 19
809 19
810 20
811 20
812 20
813 22
814 23
815 22
816 21
817 21
818 21
819 23
820 21
821 22
822 22
823 20
824 20
825 20
826 20
827 20
828 21
829 23
830 22
831 22
832 21
833 21
834 22
835 21
836 23
837 22
838 19
839 19
840 19
841 19
842 20
843 20
844 20
845 21
846 23
847 22
848 21
849 22
850 21
851 22
852 22
853 21
854 23
855 20
856 20
857 20
858 20
859 20
860 22
861 23
862 21
863 22
864 21
865 21
866 22
867 23
868 21
869 22
870 19
871 19
872 18
873 18
874 19
875 19
876 18
877 18
878 18
879 18
880 18
881 19
882 19
883 18
884 17
885 17
886 17
887 17
888 17
889 17
890 17
891 17
892 15
893 16
894 16
895 15
896 16
897 16
898 11
899 11
900 12
901 13
902 12
903 13
904 12
905 12
906 11
907 11
908 15
909 14
910 14
911 13
912 14
913 13
914 14
915 15
916 15
917 11
918 11
919 12
920 13
921 12
922 12
923 13
924 12
925 11
926 11
927 14
928 14
929 13
930 15
931 14
932 14
933 13
934 16
935 16
936 15
937 16
938 16
939 15
940 15
941 16
942 16
943 15
944 16
945 16
946 11
947 11
948 12
949 13
950 12
951 12
952 13
953 12
954 11
955 11
956 15
957 14
958 13
959 14
960 14
961 13
962 14
963 15
964 15
965 11
966 11
967 13
968 12
969 12
970 12
971 12
972 13
973 11
974 11
975 15
976 14
977 13
978 14
979 14
980 13
981 14
982 16
983 16
984 15
985 16
986 16
987 15
988 17
989 17
990 17
991 17
992 17
993 17
994 17
995 17
996 17
997 17
998 17
999 17
1000 17
1001 17
1002 17
1003 17
1004 16
1005 15
1006 15
1007 16
1008 16
1009 16
1010 13
1011 12
1012 12
1013 11
1014 11
1015 12
1016 11
1017 11
1018 13
1019 12
1020 13
1021 14
1022 15
1023 14
1024 15
1025 14
1026 13
1027 14
1028 14
1029 14
1030 13
1031 15
1032 13
1033 14
1034 15
1035 14
1036 13
1037 11
1038 11
1039 12
1040 12
1041 11
1042 13
1043 12
1044 11
1045 12
1046 16
1047 16
1048 16
1049 15
1050 16
1051 15
1052 15
1053 16
1054 16
1055 15
1056 16
1057 16
1058 14
1059 13
1060 14
1061 14
1062 14
1063 13
1064 15
1065 11
1066 11
1067 13
1068 12
1069 12
1070 12
1071 13
1072 12
1073 11
1074 11
1075 15
1076 17
1077 17
1078 17
1079 17
1080 18
1081 19
1082 19
1083 18
1084 18
1085 18
1086 20
1087 22
1088 23
1089 21
1090 22
1091 21
1092 21
1093 23
1094 22
1095 21
1096 22
1097 20
1098 20
1099 20
1100 19
1101 19
1102 19
1103 19
1104 22
1105 21
1106 23
1107 22
1108 21
1109 21
1110 23
1111 22
1112 22
1113 21
1114 20
1115 20
1116 20
1117 20
1118 20
1119 20
1120 20
1121 20
1122 22
1123 22
1124 23
1125 21
1126 21
1127 21
1128 23
1129 22
1130 22
1131 21
1132 19
1133 19
1134 18
1135 18
1136 19
1137 19
1138 18
1139 18
1140 18
1141 18
1142 19
1143 19
1144 18
1145 18
1146 18
1147 18
1148 18
1149 19
1150 19
1151 18
1152 19
1153 19
1154 20
1155 20
1156 20
1157 22
1158 21
1159 23
1160 22
1161 21
1162 21
1163 21
1164 22
1165 23
1166 22
1167 20
1168 19
1169 19
1170 21
1171 22
1172 22
1173 23
1174 21
1175 23
1176 22
1177 21
1178 22
1179 21
1180 20
1181 20
1182 20
1183 20
1184 20
1185 20
1186 20
1187 20
1188 21
1189 22
1190 23
1191 21
1192 22
1193 21
1194 22
1195 22
1196 23
1197 21
1198 19
1199 19
1200 18
1201 18
1202 19
1203 19
1204 18
1205 18
1206 18
1207 18
1208 19
1209 19
1210 18
1211 18
1212 17
1213 17
1214 17
1215 17
1216 17
1217 17
1218 17
1219 17
1220 16
1221 15
1222 16
1223 15
1224 16
1225 16
1226 12
1227 13
1228 12
1229 11
1230 11
1231 11
1232 12
1233 12
1234 11
1235 13
1236 14
1237 14
1238 13
1239 15
1240 15
1241 13
1242 14
1243 14
1244 14
1245 13
1246 14
1247 15
1248 15
1249 14
1250 14
1251 13
1252 12
1253 12
1254 13
1255 11
1256 11
1257 11
1258 11
1259 12
1260 12
1261 13
1262 16
1263 16
1264 16
1265 15
1266 15
1267 16
1268 15
1269 11
1270 11
1271 13
1272 12
1273 12
1274 12
1275 12
1276 13
1277 11
1278 11
1279 15
1280 13
1281 14
1282 14
1283 14
1284 13
1285 14
1286 16
1287 16
1288 15
1289 16
1290 16
1291 15
1292 17
1293 17
1294 17
1295 17
1296 7
1297 7
1298 7
1299 8
1300 8
1301 7
1302 9
1303 8
1304 8
1305 9
1306 9
1307 9
1308 10
1309 10
1310 10
1311 10
1312 9
1313 9
1314 8
1315 8
1316 10
1317 10
1318 10
1319 10
1320 9
1321 9
1322 9
1323 9
1324 10
1325 10
1326 10
1327 10
1328 8
1329 8
1330 9
1331 9
1332 7
1333 7
1334 8
1335 8
1336 7
1337 7
1338 7
1339 7
1340 8
1341 8
1342 7
1343 7
1344 6
1345 6
1346 6
1347 6
1348 6
1349 6
1350 6
1351 6
1352 5
1353 5
1354 5
1355 5
1356 5
1357 5
1358 6
1359 6
1360 6
1361 6
1362 6
1363 6
1364 6
1365 6
1366 6
1367 6
1368 6
1369 6
1370 5
1371 5
1372 5
1373 5
1374 5
1375 5
1376 6
1377 6
1378 6
1379 6
1380 7
1381 8
1382 8
1383 7
1384 7
1385 7
1386 10
1387 10
1388 10
1389 10
1390 9
1391 9
1392 9
1393 8
1394 8
1395 9
1396 9
1397 9
1398 8
1399 8
1400 10
1401 10
1402 10
1403 10
1404 9
1405 9
1406 9
1407 9
1408 10
1409 10
1410 10
1411 10
1412 8
1413 8
1414 9
1415 9
1416 7
1417 7
1418 8
1419 8
1420 7
1421 7
1422 7
1423 7
1424 8
1425 8
1426 7
1427 7
1428 19
1429 20
1430 20
1431 20
1432 20
1433 20
1434 20
1435 19
1436 19
1437 20
1438 20
1439 19
1440 20
1441 19
1442 19
1443 20
1444 20
1445 20
1446 18
1447 18
1448 19
1449 19
1450 19
1451 19
1452 19
1453 19
1454 18
1455 18
1456 18
1457 18
1458 18
1459 18
1460 18
1461 18
1462 19
1463 19
1464 19
1465 19
1466 19
1467 19
1468 19
1469 19
1470 19
1471 19
1472 18
1473 18
1474 18
1475 18
1476 18
1477 18
1478 20
1479 20
1480 20
1481 20
1482 20
1483 20
1484 20
1485 20
1486 20
1487 19
1488 19
1489 19
1490 19
1491 20
1492 20
1493 20
1494 19
1495 19
1496 19
1497 20
1498 20
1499 19
1500 19
1501 20
1502 20
1503 20
1504 20
1505 20
1506 20
1507 19
1508 16
1509 16
1510 16
1511 16
1512 16
1513 16
1514 16
1515 16
1516 16
1517 16
1518 16
1519 16
1520 16
1521 16
1522 16
1523 16
1524 16
1525 16
1526 16
1527 16
1528 17
1529 18
1530 18
1531 17
1532 17
1533 17
1534 18
1535 18
1536 18
1537 18
1538 17
1539 17
1540 17
1541 17
1542 17
1543 17
1544 17
1545 17
1546 17
1547 17
1548 17
1549 17
1550 18
1551 18
1552 17
1553 17
1554 18
1555 18
1556 17
1557 17
1558 17
1559 17
1560 18
1561 18
1562 17
1563 17
1564 18
1565 18
1566 17
1567 17
1568 17
1569 17
1570 17
1571 17
1572 17
1573 18
1574 18
1575 17
1576 16
1577 16
1578 16
1579 16
1580 16
1581 16
1582 16
1583 16
1584 16
1585 16
1586 16
1587 16
1588 16
1589 16
1590 16
1591 16
1592 16
1593 16
1594 16
1595 16
1596 17
1597 18
1598 18
1599 17
1600 17
1601 17
1602 17
1603 17
1604 17
1605 18
1606 18
1607 17
1608 17
1609 17
1610 18
1611 18
1612 17
1613 17
1614 16
1615 16
1616 16
1617 16
1618 19
1619 20
1620 20
1621 20
1622 20
1623 19
1624 18
1625 18
1626 19
1627 19
1628 18
1629 18
1630 19
1631 19
1632 19
1633 19
1634 18
1635 18
1636 20
1637 20
1638 20
1639 20
1640 19
1641 19
1642 20
1643 19
1644 19
1645 20
1646 20
1647 20
1648 13
1649 13
1650 13
1651 13
1652 14
1653 14
1654 13
1655 13
1656 13
1657 13
1658 14
1659 14
1660 13
1661 14
1662 14
1663 13
1664 13
1665 13
1666 15
1667 15
1668 15
1669 14
1670 14
1671 15
1672 14
1673 14
1674 15
1675 15
1676 15
1677 15
1678 14
1679 14
1680 15
1681 15
1682 15
1683 15
1684 15
1685 15
1686 15
1687 15
1688 15
1689 15
1690 14
1691 14
1692 15
1693 15
1694 15
1695 15
1696 15
1697 14
1698 14
1699 14
1700 14
1701 15
1702 15
1703 14
1704 14
1705 14
1706 14
1707 15
1708 15
1709 15
1710 15
1711 15
1712 15
1713 15
1714 15
1715 15
1716 14
1717 14
1718 14
1719 14
1720 14
1721 14
1722 15
1723 15
1724 15
1725 15
1726 15
1727 15
1728 15
1729 15
1730 15
1731 15
1732 13
1733 13
1734 13
1735 13
1736 13
1737 13
1738 13
1739 13
1740 13
1741 13
1742 14
1743 14
1744 14
1745 14
1746 14
1747 14
1748 13
1749 13
1750 13
1751 13
1752 13
1753 13
1754 13
1755 13
1756 13
1757 14
1758 14
1759 14
1760 14
1761 13
1762 13
1763 14
1764 14
1765 14
1766 14
1767 13
1768 13
1769 13
1770 13
1771 13
1772 14
1773 14
1774 13
1775 13
1776 13
1777 13
1778 13
1779 13
1780 17
1781 17
1782 17
1783 17
1784 17
1785 17
1786 17
1787 17
1788 17
1789 17
1790 17
1791 17
1792 15
1793 15
1794 16
1795 15
1796 16
1797 16
1798 16
1799 16
1800 16
1801 15
1802 16
1803 16
1804 13
1805 14
1806 14
1807 14
1808 14
1809 13
1810 15
1811 13
1812 13
1813 13
1814 13
1815 13
1816 13
1817 13
1818 13
1819 13
1820 13
1821 14
1822 14
1823 14
1824 14
1825 14
1826 14
1827 14
1828 14
1829 14
1830 14
1831 14
1832 14
1833 15
1834 14
1835 15
1836 14
1837 14
1838 14
1839 15
1840 13
1841 14
1842 14
1843 15
1844 15
1845 13
1846 14
1847 14
1848 13
1849 13
1850 13
1851 13
1852 13
1853 13
1854 13
1855 13
1856 13
1857 13
1858 16
1859 16
1860 16
1861 15
1862 15
1863 16
1864 16
1865 15
1866 15
1867 16
1868 16
1869 16
1870 15
1871 15
1872 15
1873 15
1874 15
1875 15
1876 15
1877 15
1878 15
1879 15
1880 15
1881 15
1882 15
1883 15
1884 15
1885 15
1886 15
1887 15
1888 15
1889 14
1890 14
1891 14
1892 15
1893 15
1894 14
1895 14
1896 14
1897 14
1898 14
1899 14
1900 14
1901 14
1902 14
1903 14
1904 14
1905 14
1906 14
1907 15
1908 15
1909 15
1910 15
1911 15
1912 15
1913 15
1914 15
1915 15
1916 15
1917 15
1918 15
1919 15
1920 15
1921 15
1922 15
1923 15
1924 16
1925 16
1926 15
1927 16
1928 16
1929 16
1930 16
1931 16
1932 15
1933 15
1934 16
1935 15
1936 17
1937 17
1938 17
1939 17
1940 17
1941 17
1942 17
1943 17
1944 17
1945 17
1946 17
1947 17
1948 18
1949 18
1950 19
1951 19
1952 18
1953 18
1954 18
1955 18
1956 18
1957 18
1958 18
1959 19
1960 19
1961 19
1962 19
1963 18
1964 18
1965 18
1966 19
1967 19
1968 19
1969 19
1970 20
1971 20
1972 20
1973 22
1974 22
1975 21
1976 23
1977 21
1978 21
1979 23
1980 22
1981 22
1982 21
1983 21
1984 23
1985 22
1986 22
1987 21
1988 22
1989 22
1990 21
1991 23
1992 21
1993 20
1994 20
1995 20
1996 20
1997 20
1998 20
1999 20
2000 20
2001 20
2002 21
2003 22
2004 23
2005 22
2006 21
2007 21
2008 22
2009 22
2010 23
2011 21
2012 19
2013 19
2014 19
2015 19
2016 21
2017 22
2018 23
2019 22
2020 21
2021 21
2022 23
2023 22
2024 22
2025 21
2026 20
2027 20
2028 20
2029 20
2030 20
2031 20
2032 20
2033 20
2034 20
2035 22
2036 23
2037 22
2038 21
2039 21
2040 22
2041 21
2042 22
2043 23
2044 21
2045 21
2046 23
2047 22
2048 22
2049 21
2050 21
2051 22
2052 22
2053 23
2054 21
2055 20
2056 20
2057 20
2058 19
2059 19
2060 19
2061 19
2062 18
2063 18
2064 18
2065 19
2066 19
2067 19
2068 19
2069 18
2070 18
2071 18
2072 18
2073 18
2074 18
2075 18
2076 19
2077 19
2078 18
2079 18
2080 19
2081 20
2082 20
2083 20
2084 20
2085 20
2086 20
2087 19
2088 19
2089 20
2090 20
2091 19
2092 20
2093 19
2094 19
2095 20
2096 20
2097 20
2098 18
2099 18
2100 19
2101 19
2102 19
2103 19
2104 19
2105 19
2106 19
2107 18
2108 18
2109 19
2110 19
2111 19
2112 19
2113 19
2114 20
2115 20
2116 20
2117 20
2118 22
2119 23
2120 21
2121 22
2122 21
2123 22
2124 23
2125 22
2126 21
2127 21
2128 21
2129 22
2130 22
2131 23
2132 21
2133 22
2134 21
2135 22
2136 23
2137 21
2138 20
2139 20
2140 20
2141 20
2142 20
2143 20
2144 20
2145 20
2146 20
2147 20
2148 20
2149 21
2150 22
2151 23
2152 22
2153 21
2154 21
2155 22
2156 23
2157 22
2158 21
2159 21
2160 22
2161 22
2162 23
2163 21
2164 22
2165 21
2166 23
2167 22
2168 21
2169 22
2170 22
2171 21
2172 23
2173 21
2174 21
2175 23
2176 22
2177 22
2178 21
2179 20
2180 20
2181 20
2182 20
2183 20
2184 19
2185 19
2186 20
2187 20
2188 20
2189 20
2190 19
2191 19
2192 19
2193 19
2194 20
2195 20
2196 21
2197 21
2198 22
2199 23
2200 22
2201 21
2202 23
2203 22
2204 22
2205 21
2206 21
2207 22
2208 23
2209 22
2210 21
2211 21
2212 21
2213 22
2214 22
2215 23
2216 20
2217 20
2218 20
2219 20
2220 20
2221 20
2222 20
2223 20
2224 20
2225 20
2226 20
2227 20
2228 20
2229 20
2230 20
2231 21
2232 22
2233 23
2234 22
2235 21
2236 21
2237 23
2238 22
2239 22
2240 21
2241 21
2242 22
2243 21
2244 22
2245 23
2246 21
2247 22
2248 22
2249 23
2250 21
2251 22
2252 22
2253 21
2254 23
2255 21
2256 21
2257 21
2258 23
2259 22
2260 22
2261 20
2262 20
2263 20
2264 19
2265 19
2266 19
2267 19
2268 19
2269 19
2270 18
2271 18
2272 18
2273 18
2274 18
2275 19
2276 19
2277 19
2278 19
2279 19
2280 19
2281 18
2282 18
2283 18
2284 18
2285 18
2286 18
2287 18
2288 18
2289 18
2290 18
2291 18
2292 18
2293 19
2294 19
2295 19
2296 19
2297 18
2298 18
2299 18
2300 17
2301 17
2302 17
2303 17
2304 17
2305 17
2306 17
2307 17
2308 17
2309 18
2310 18
2311 17
2312 17
2313 17
2314 17
2315 17
2316 17
2317 18
2318 18
2319 17
2320 17
2321 17
2322 17
2323 18
2324 18
2325 18
2326 18
2327 17
2328 17
2329 17
2330 18
2331 18
2332 17
2333 17
2334 17
2335 17
2336 17
2337 17
2338 17
2339 17
2340 17
2341 17
2342 17
2343 17
2344 17
2345 17
2346 17
2347 17
2348 17
2349 17
2350 17
2351 17
2352 17
2353 17
2354 17
2355 17
2356 17
2357 17
2358 17
2359 17
2360 18
2361 18
2362 18
2363 18
2364 18
2365 18
2366 18
2367 18
2368 18
2369 18
2370 17
2371 17
2372 17
2373 17
2374 17
2375 17
2376 17
2377 17
2378 17
2379 18
2380 18
2381 18
2382 18
2383 18
2384 18
2385 18
2386 18
2387 17
2388 17
2389 17
2390 17
2391 17
2392 16
2393 16
2394 16
2395 16
2396 16
2397 16
2398 16
2399 16
2400 16
2401 16
2402 16
2403 16
2404 16
2405 16
2406 16
2407 16
2408 16
2409 16
2410 16
2411 16
2412 16
2413 16
2414 16
2415 16
2416 16
2417 16
2418 16
2419 16
2420 16
2421 16
2422 16
2423 16
2424 16
2425 16
2426 16
2427 16
2428 16
2429 16
2430 16
2431 16
2432 16
2433 16
2434 16
2435 16
2436 16
2437 16
2438 16
2439 16
2440 19
2441 20
2442 20
2443 20
2444 20
2445 20
2446 20
2447 20
2448 20
2449 20
2450 19
2451 19
2452 20
2453 20
2454 20
2455 19
2456 19
2457 19
2458 19
2459 19
2460 19
2461 19
2462 19
2463 19
2464 19
2465 20
2466 20
2467 20
2468 20
2469 20
2470 20
2471 20
2472 20
2473 20
2474 19
2475 19
2476 19
2477 19
2478 19
2479 19
2480 19
2481 19
2482 19
2483 19
2484 20
2485 20
2486 20
2487 20
2488 20
2489 20
2490 20
2491 20
2492 20
2493 20
2494 20
2495 20
2496 20
2497 20
2498 20
2499 20
2500 20
2501 20
2502 20
2503 20
2504 20
2505 20
2506 20
2507 20
2508 20
2509 20
2510 20
2511 19
2512 18
2513 18
2514 18
2515 18
2516 18
2517 18
2518 18
2519 18
2520 18
2521 18
2522 18
2523 18
2524 18
2525 18
2526 18
2527 18
2528 18
2529 18
2530 19
2531 19
2532 19
2533 19
2534 19
2535 19
2536 19
2537 19
2538 19
2539 19
2540 19
2541 19
2542 19
2543 19
2544 19
2545 19
2546 19
2547 19
2548 19
2549 19
2550 19
2551 19
2552 19
2553 19
2554 18
2555 18
2556 18
2557 18
2558 18
2559 18
2560 18
2561 18
2562 19
2563 19
2564 19
2565 19
2566 18
2567 18
2568 20
2569 20
2570 20
2571 20
2572 19
2573 19
2574 20
2575 19
2576 19
2577 20
2578 20
2579 20
2580 17
2581 17
2582 17
2583 17
2584 17
2585 17
2586 17
2587 17
2588 15
2589 16
2590 16
2591 15
2592 16
2593 16
2594 11
2595 11
2596 12
2597 13
2598 12
2599 13
2600 12
2601 12
2602 11
2603 11
2604 15
2605 13
2606 14
2607 14
2608 14
2609 14
2610 13
2611 15
2612 15
2613 11
2614 11
2615 13
2616 12
2617 12
2618 12
2619 13
2620 12
2621 11
2622 11
2623 15
2624 14
2625 13
2626 14
2627 14
2628 13
2629 14
2630 16
2631 16
2632 15
2633 16
2634 16
2635 15
2636 16
2637 15
2638 16
2639 15
2640 16
2641 16
2642 12
2643 11
2644 12
2645 13
2646 11
2647 12
2648 12
2649 13
2650 11
2651 11
2652 15
2653 14
2654 14
2655 13
2656 13
2657 15
2658 14
2659 14
2660 15
2661 11
2662 11
2663 12
2664 13
2665 12
2666 11
2667 13
2668 11
2669 12
2670 12
2671 15
2672 14
2673 13
2674 14
2675 14
2676 14
2677 13
2678 16
2679 15
2680 16
2681 16
2682 16
2683 15
2684 17
2685 17
2686 17
2687 17
2688 17
2689 17
2690 17
2691 17
2692 18
2693 18
2694 19
2695 19
2696 18
2697 18
2698 18
2699 18
2700 18
2701 19
2702 19
2703 18
2704 19
2705 19
2706 20
2707 20
2708 20
2709 22
2710 23
2711 21
2712 22
2713 21
2714 21
2715 22
2716 22
2717 21
2718 23
2719 20
2720 20
2721 20
2722 20
2723 20
2724 22
2725 23
2726 21
2727 21
2728 22
2729 23
2730 21
2731 22
2732 21
2733 22
2734 19
2735 19
2736 19
2737 19
2738 20
2739 20
2740 20
2741 22
2742 23
2743 21
2744 22
2745 21
2746 21
2747 21
2748 22
2749 23
2750 22
2751 20
2752 20
2753 20
2754 20
2755 20
2756 21
2757 23
2758 22
2759 22
2760 21
2761 21
2762 22
2763 22
2764 23
2765 21
2766 19
2767 19
2768 18
2769 18
2770 19
2771 19
2772 18
2773 18
2774 18
2775 18
2776 18
2777 19
2778 19
2779 18
2780 18
2781 18
2782 19
2783 19
2784 18
2785 18
2786 18
2787 18
2788 18
2789 18
2790 18
2791 19
2792 19
2793 19
2794 19
2795 18
2796 18
2797 18
2798 19
2799 19
2800 19
2801 19
2802 20
2803 20
2804 20
2805 22
2806 23
2807 21
2808 22
2809 21
2810 21
2811 21
2812 23
2813 22
2814 22
2815 22
2816 21
2817 22
2818 21
2819 23
2820 21
2821 22
2822 23
2823 22
2824 21
2825 20
2826 20
2827 20
2828 20
2829 20
2830 20
2831 20
2832 20
2833 20
2834 23
2835 21
2836 22
2837 22
2838 21
2839 22
2840 21
2841 23
2842 22
2843 21
2844 19
2845 19
2846 19
2847 19
2848 20
2849 20
2850 21
2851 22
2852 21
2853 23
2854 22
2855 21
2856 22
2857 23
2858 22
2859 21
2860 20
2861 20
2862 20
2863 20
2864 21
2865 23
2866 22
2867 22
2868 21
2869 22
2870 23
2871 21
2872 22
2873 21
2874 20
2875 20
2876 19
2877 19
2878 18
2879 19
2880 19
2881 18
2882 18
2883 18
2884 18
2885 18
2886 18
2887 19
2888 19
2889 18
2890 17
2891 17
2892 17
2893 17
2894 17
2895 17
2896 17
2897 17
2898 15
2899 16
2900 16
2901 16
2902 16
2903 15
2904 15
2905 14
2906 13
2907 14
2908 13
2909 12
2910 12
2911 11
2912 11
2913 11
2914 11
2915 12
2916 13
2917 12
2918 14
2919 13
2920 14
2921 15
2922 15
2923 14
2924 14
2925 13
2926 13
2927 12
2928 12
2929 11
2930 11
2931 11
2932 11
2933 12
2934 13
2935 12
2936 14
2937 14
2938 13
2939 15
2940 15
2941 16
2942 16
2943 16
2944 16
2945 15
2946 15
2947 16
2948 16
2949 15
2950 16
2951 16
2952 12
2953 12
2954 12
2955 12
2956 13
2957 13
2958 12
2959 12
2960 12
2961 12
2962 14
2963 13
2964 14
2965 15
2966 15
2967 13
2968 14
2969 14
2970 15
2971 14
2972 14
2973 15
2974 13
2975 14
2976 13
2977 14
2978 15
2979 11
2980 12
2981 11
2982 12
2983 13
2984 13
2985 11
2986 12
2987 12
2988 11
2989 12
2990 12
2991 12
2992 13
2993 12
2994 12
2995 12
2996 13
2997 12
2998 12
2999 15
3000 14
3001 13
3002 14
3003 14
3004 14
3005 13
3006 16
3007 16
3008 15
3009 16
3010 16
3011 16
3012 16
3013 15
3014 16
3015 16
3016 15
3017 15
3018 17
3019 17
3020 17
3021 17
3022 17
3023 17
3024 17
3025 17
3026 17
3027 17
3028 17
3029 17
3030 12
3031 12
3032 12
3033 12
3034 12
3035 12
3036 11
3037 11
3038 12
3039 12
3040 12
3041 12
3042 12
3043 11
3044 11
3045 11
3046 11
3047 12
3048 12
3049 11
3050 11
3051 11
3052 11
3053 12
3054 12
3055 12
3056 12
3057 12
3058 12
3059 12
3060 12
3061 12
3062 11
3063 11
3064 11
3065 11
3066 11
3067 11
3068 12
3069 12
3070 12
3071 12
3072 12
3073 12
3074 12
3075 12
3076 12
3077 12
3078 10
3079 10
3080 10
3081 10
3082 10
3083 10
3084 10
3085 10
3086 10
3087 10
3088 11
3089 11
3090 11
3091 11
3092 11
3093 11
3094 11
3095 11
3096 11
3097 11
3098 11
3099 11
3100 11
3101 11
3102 11
3103 11
3104 10
3105 10
3106 10
3107 10
3108 10
3109 10
3110 10
3111 10
3112 10
3113 10
3114 11
3115 11
3116 11
3117 11
3118 11
3119 11
3120 10
3121 10
3122 12
3123 12
3124 12
3125 11
3126 11
3127 12
3128 11
3129 11
3130 12
3131 12
3132 12
3133 12
3134 11
3135 11
3136 12
3137 12
3138 12
3139 12
3140 8
3141 8
3142 8
3143 8
3144 9
3145 9
3146 9
3147 9
3148 9
3149 9
3150 8
3151 8
3152 10
3153 10
3154 9
3155 9
3156 9
3157 9
3158 9
3159 9
3160 10
3161 10
3162 10
3163 10
3164 10
3165 10
3166 10
3167 10
3168 10
3169 10
3170 9
3171 9
3172 9
3173 9
3174 9
3175 9
3176 9
3177 9
3178 9
3179 9
3180 9
3181 9
3182 10
3183 10
3184 10
3185 10
3186 10
3187 10
3188 10
3189 10
3190 10
3191 10
3192 10
3193 10
3194 10
3195 10
3196 9
3197 8
3198 8
3199 9
3200 9
3201 9
3202 10
3203 10
3204 10
3205 10
3206 9
3207 9
3208 10
3209 10
3210 10
3211 10
3212 9
3213 9
3214 9
3215 9
3216 9
3217 9
3218 9
3219 9
3220 9
3221 9
3222 8
3223 8
3224 8
3225 8
3226 8
3227 8
3228 8
3229 8
3230 8
3231 8
3232 8
3233 8
3234 8
3235 8
3236 8
3237 8
3238 9
3239 9
3240 9
3241 9
3242 9
3243 9
3244 9
3245 9
3246 9
3247 9
3248 9
3249 9
3250 9
3251 9
3252 9
3253 9
3254 9
3255 9
3256 9
3257 9
3258 8
3259 8
3260 8
3261 8
3262 8
3263 8
3264 8
3265 8
3266 8
3267 8
3268 10
3269 10
3270 10
3271 10
3272 10
3273 10
3274 10
3275 10
3276 10
3277 10
3278 9
3279 9
3280 9
3281 9
3282 9
3283 9
3284 9
3285 9
3286 9
3287 9
3288 9
3289 9
3290 9
3291 9
3292 9
3293 9
3294 9
3295 9
3296 9
3297 9
3298 10
3299 10
3300 10
3301 10
3302 10
3303 10
3304 10
3305 10
3306 10
3307 10
3308 10
3309 10
3310 10
3311 10
3312 10
3313 10
3314 9
3315 9
3316 9
3317 9
3318 9
3319 9
3320 9
3321 9
3322 9
3323 9
3324 10
3325 10
3326 10
3327 10
3328 8
3329 8
3330 8
3331 8
3332 9
3333 9
3334 9
3335 9
3336 9
3337 9
3338 9
3339 9
3340 9
3341 9
3342 8
3343 8
3344 8
3345 8
3346 8
3347 8
3348 12
3349 12
3350 12
3351 12
3352 12
3353 12
3354 12
3355 11
3356 11
3357 11
3358 11
3359 12
3360 12
3361 12
3362 12
3363 12
3364 11
3365 11
3366 11
3367 11
3368 12
3369 12
3370 12
3371 12
3372 11
3373 11
3374 12
3375 12
3376 12
3377 12
3378 10
3379 10
3380 10
3381 10
3382 11
3383 11
3384 11
3385 11
3386 11
3387 11
3388 11
3389 11
3390 11
3391 11
3392 10
3393 10
3394 10
3395 10
3396 10
3397 10
3398 10
3399 10
3400 10
3401 10
3402 10
3403 10
3404 10
3405 10
3406 10
3407 10
3408 11
3409 11
3410 11
3411 11
3412 11
3413 11
3414 11
3415 11
3416 11
3417 11
3418 11
3419 11
3420 11
3421 11
3422 11
3423 11
3424 11
3425 11
3426 11
3427 11
3428 10
3429 10
3430 10
3431 10
3432 10
3433 10
3434 10
3435 10
3436 10
3437 10
3438 12
3439 12
3440 12
3441 12
3442 12
3443 12
3444 12
3445 12
3446 12
3447 12
3448 12
3449 12
3450 12
3451 12
3452 12
3453 12
3454 12
3455 12
3456 12
3457 12
3458 11
3459 11
3460 11
3461 11
3462 11
3463 11
3464 11
3465 11
3466 11
3467 11
3468 11
3469 11
3470 11
3471 11
3472 11
3473 11
3474 12
3475 12
3476 12
3477 12
3478 12
3479 12
3480 12
3481 12
3482 12
3483 11
3484 11
3485 11
3486 11
3487 12
3488 12
3489 12
3490 12
3491 12
3492 12
3493 12
3494 12
3495 12
3496 12
3497 12
3498 13
3499 13
3500 13
3501 13
3502 13
3503 13
3504 13
3505 13
3506 13
3507 13
3508 13
3509 14
3510 14
3511 14
3512 14
3513 13
3514 13
3515 13
3516 13
3517 13
3518 13
3519 13
3520 13
3521 13
3522 14
3523 14
3524 14
3525 14
3526 14
3527 14
3528 14
3529 14
3530 14
3531 14
3532 14
3533 14
3534 14
3535 14
3536 14
3537 14
3538 13
3539 13
3540 13
3541 13
3542 13
3543 13
3544 13
3545 13
3546 13
3547 13
3548 13
3549 13
3550 13
3551 13
3552 13
3553 13
3554 13
3555 13
3556 13
3557 13
3558 15
3559 15
3560 15
3561 15
3562 15
3563 15
3564 15
3565 15
3566 15
3567 15
3568 15
3569 15
3570 15
3571 15
3572 15
3573 15
3574 15
3575 15
3576 15
3577 15
3578 14
3579 14
3580 14
3581 14
3582 14
3583 14
3584 14
3585 14
3586 14
3587 14
3588 14
3589 14
3590 14
3591 14
3592 14
3593 14
3594 15
3595 15
3596 15
3597 15
3598 15
3599 15
3600 15
3601 15
3602 15
3603 14
3604 14
3605 14
3606 14
3607 15
3608 15
3609 15
3610 15
3611 15
3612 15
3613 15
3614 15
3615 15
3616 15
3617 15
3618 15
3619 15
3620 15
3621 15
3622 15
3623 15
3624 15
3625 14
3626 14
3627 14
3628 14
3629 15
3630 15
3631 15
3632 15
3633 15
3634 14
3635 14
3636 14
3637 14
3638 15
3639 15
3640 15
3641 15
3642 14
3643 14
3644 15
3645 15
3646 15
3647 15
3648 13
3649 13
3650 13
3651 13
3652 14
3653 14
3654 13
3655 13
3656 13
3657 13
3658 14
3659 14
3660 14
3661 14
3662 13
3663 13
3664 13
3665 13
3666 13
3667 14
3668 14
3669 14
3670 14
3671 13
3672 13
3673 13
3674 13
3675 13
3676 13
3677 13
3678 20
3679 20
3680 20
3681 19
3682 19
3683 20
3684 19
3685 20
3686 20
3687 19
3688 19
3689 20
3690 20
3691 20
3692 20
3693 20
3694 20
3695 19
3696 18
3697 18
3698 18
3699 18
3700 19
3701 19
3702 19
3703 19
3704 19
3705 19
3706 18
3707 18
3708 18
3709 18
3710 19
3711 19
3712 19
3713 19
3714 18
3715 18
3716 20
3717 20
3718 20
3719 19
3720 19
3721 20
3722 19
3723 19
3724 20
3725 20
3726 20
3727 20
3728 16
3729 16
3730 16
3731 16
3732 16
3733 16
3734 16
3735 16
3736 17
3737 18
3738 18
3739 17
3740 17
3741 17
3742 17
3743 17
3744 17
3745 18
3746 18
3747 17
3748 17
3749 18
3750 18
3751 17
3752 17
3753 17
3754 17
3755 17
3756 17
3757 17
3758 18
3759 18
3760 17
3761 17
3762 18
3763 18
3764 17
3765 17
3766 16
3767 16
3768 16
3769 16
3770 16
3771 16
3772 16
3773 16
3774 16
3775 16
3776 16
3777 16
3778 16
3779 16
3780 16
3781 16
3782 16
3783 16
3784 16
3785 16
3786 16
3787 16
3788 16
3789 16
3790 16
3791 16
3792 16
3793 16
3794 16
3795 16
3796 16
3797 16
3798 17
3799 17
3800 18
3801 18
3802 17
3803 17
3804 18
3805 18
3806 17
3807 17
3808 17
3809 17
3810 17
3811 17
3812 17
3813 17
3814 17
3815 17
3816 17
3817 17
3818 18
3819 18
3820 18
3821 18
3822 17
3823 17
3824 17
3825 18
3826 18
3827 17
3828 17
3829 17
3830 18
3831 18
3832 18
3833 18
3834 17
3835 17
3836 17
3837 17
3838 17
3839 18
3840 18
3841 18
3842 18
3843 18
3844 18
3845 17
3846 17
3847 17
3848 17
3849 17
3850 17
3851 17
3852 17
3853 17
3854 17
3855 17
3856 17
3857 17
3858 16
3859 16
3860 16
3861 16
3862 16
3863 16
3864 16
3865 16
3866 16
3867 16
3868 16
3869 16
3870 16
3871 16
3872 16
3873 16
3874 16
3875 16
3876 16
3877 16
3878 20
3879 20
3880 20
3881 20
3882 20
3883 20
3884 20
3885 20
3886 20
3887 20
3888 20
3889 20
3890 20
3891 20
3892 20
3893 19
3894 19
3895 19
3896 19
3897 19
3898 19
3899 20
3900 20
3901 20
3902 20
3903 20
3904 19
3905 19
3906 19
3907 19
3908 19
3909 19
3910 19
3911 19
3912 19
3913 19
3914 19
3915 19
3916 19
3917 19
3918 18
3919 18
3920 18
3921 18
3922 18
3923 18
3924 18
3925 18
3926 18
3927 18
3928 18
3929 18
3930 18
3931 18
3932 18
3933 18
3934 19
3935 19
3936 19
3937 19
3938 19
3939 19
3940 19
3941 19
3942 19
3943 19
3944 18
3945 18
3946 18
3947 18
3948 19
3949 20
3950 20
3951 20
3952 20
3953 20
3954 20
3955 19
3956 19
3957 20
3958 20
3959 19
3960 19
3961 19
3962 20
3963 20
3964 20
3965 19
3966 19
3967 19
3968 19
3969 20
3970 20
3971 20
3972 20
3973 20
3974 20
3975 20
3976 20
3977 20
3978 32
3979 32
3980 32
3981 32
3982 32
3983 32
3984 32
3985 32
3986 32
3987 32
3988 32
3989 32
3990 32
3991 32
3992 32
3993 32
3994 32
3995 32
3996 32
3997 32
3998 32
3999 32
4000 32
4001 32
4002 32
4003 32
4004 32
4005 32
4006 32
4007 32
4008 31
4009 31
4010 31
4011 31
4012 31
4013 31
4014 31
4015 31
4016 31
4017 31
4018 31
4019 31
4020 31
4021 31
4022 31
4023 31
4024 31
4025 31
4026 31
4027 31
4028 31
4029 31
4030 31
4031 31
4032 31
4033 31
4034 31
4035 31
4036 31
4037 31
4038 31
4039 31
4040 31
4041 31
4042 31
4043 31
4044 31
4045 31
4046 31
4047 31
4048 31
4049 31
4050 31
4051 31
4052 31
4053 31
4054 31
4055 31
4056 31
4057 31
4058 31
4059 31
4060 31
4061 31
4062 31
4063 31
4064 31
4065 31
4066 31
4067 31
4068 30
4069 30
4070 30
4071 30
4072 30
4073 30
4074 30
4075 30
4076 30
4077 30
4078 30
4079 30
4080 30
4081 30
4082 30
4083 30
4084 30
4085 30
4086 30
4087 30
4088 30
4089 30
4090 30
4091 30
4092 30
4093 30
4094 30
4095 30
4096 30
4097 30
4098 30
4099 30
4100 30
4101 30
4102 30
4103 30
4104 30
4105 30
4106 30
4107 30
4108 30
4109 30
4110 30
4111 30
4112 30
4113 30
4114 30
4115 30
4116 30
4117 30
4118 30
4119 30
4120 31
4121 31
4122 31
4123 31
4124 31
4125 31
4126 31
4127 31
4128 31
4129 31
4130 31
4131 31
4132 31
4133 31
4134 31
4135 31
4136 31
4137 31
4138 31
4139 31
4140 31
4141 31
4142 31
4143 31
4144 31
4145 31
4146 31
4147 31
4148 31
4149 31
4150 31
4151 31
4152 31
4153 31
4154 31
4155 31
4156 31
4157 31
4158 31
4159 31
4160 31
4161 31
4162 31
4163 31
4164 31
4165 31
4166 31
4167 31
4168 31
4169 31
4170 31
4171 31
4172 31
4173 31
4174 31
4175 31
4176 31
4177 31
4178 31
4179 31
4180 31
4181 31
4182 31
4183 31
4184 31
4185 31
4186 31
4187 31
4188 31
4189 31
4190 31
4191 31
4192 30
4193 30
4194 30
4195 30
4196 30
4197 30
4198 30
4199 30
4200 30
4201 30
4202 30
4203 30
4204 30
4205 30
4206 30
4207 30
4208 30
4209 30
4210 30
4211 30
4212 30
4213 30
4214 30
4215 30
4216 30
4217 30
4218 30
4219 30
4220 30
4221 30
4222 30
4223 30
4224 30
4225 30
4226 30
4227 30
4228 30
4229 30
4230 30
4231 30
4232 30
4233 30
4234 30
4235 30
4236 30
4237 30
4238 30
4239 30
4240 30
4241 30
4242 32
4243 32
4244 32
4245 32
4246 32
4247 32
4248 32
4249 32
4250 32
4251 32
4252 32
4253 32
4254 32
4255 32
4256 32
4257 32
4258 32
4259 32
4260 32
4261 32
4262 32
4263 32
4264 32
4265 32
4266 32
4267 32
4268 32
4269 32
4270 32
4271 32
4272 32
4273 32
4274 32
4275 32
4276 32
4277 32
4278 32
4279 32
4280 32
4281 32
4282 32
4283 32
4284 32
4285 32
4286 32
4287 32
4288 32
4289 32
4290 32
4291 32
4292 31
4293 31
4294 31
4295 31
4296 31
4297 31
4298 31
4299 31
4300 31
4301 31
4302 31
4303 31
4304 31
4305 31
4306 31
4307 31
4308 31
4309 31
4310 31
4311 31
4312 31
4313 31
4314 31
4315 31
4316 31
4317 31
4318 31
4319 31
4320 31
4321 31
4322 31
4323 31
4324 31
4325 31
4326 31
4327 31
4328 31
4329 31
4330 31
4331 31
4332 31
4333 31
4334 31
4335 31
4336 31
4337 31
4338 31
4339 31
4340 31
4341 31
4342 31
4343 31
4344 31
4345 31
4346 31
4347 31
4348 31
4349 31
4350 31
4351 31
4352 31
4353 31
4354 31
4355 31
4356 31
4357 31
4358 31
4359 31
4360 31
4361 31
4362 31
4363 31
4364 32
4365 32
4366 32
4367 32
4368 32
4369 32
4370 32
4371 32
4372 32
4373 32
4374 32
4375 32
4376 32
4377 32
4378 32
4379 32
4380 32
4381 32
4382 32
4383 32
4384 32
4385 32
4386 28
4387 28
4388 28
4389 28
4390 28
4391 28
4392 28
4393 28
4394 28
4395 28
4396 28
4397 28
4398 28
4399 28
4400 28
4401 28
4402 28
4403 28
4404 28
4405 28
4406 28
4407 28
4408 29
4409 29
4410 29
4411 29
4412 29
4413 29
4414 29
4415 29
4416 29
4417 29
4418 29
4419 29
4420 29
4421 29
4422 29
4423 29
4424 29
4425 29
4426 29
4427 29
4428 29
4429 29
4430 29
4431 29
4432 29
4433 29
4434 29
4435 29
4436 29
4437 29
4438 29
4439 29
4440 29
4441 29
4442 29
4443 29
4444 29
4445 29
4446 29
4447 29
4448 29
4449 29
4450 29
4451 29
4452 29
4453 29
4454 29
4455 29
4456 29
4457 29
4458 29
4459 29
4460 29
4461 29
4462 29
4463 29
4464 29
4465 29
4466 29
4467 29
4468 29
4469 29
4470 29
4471 29
4472 29
4473 29
4474 29
4475 29
4476 29
4477 29
4478 29
4479 29
4480 28
4481 28
4482 28
4483 28
4484 28
4485 28
4486 28
4487 28
4488 28
4489 28
4490 28
4491 28
4492 28
4493 28
4494 28
4495 28
4496 28
4497 28
4498 28
4499 28
4500 28
4501 28
4502 28
4503 28
4504 28
4505 28
4506 28
4507 28
4508 28
4509 28
4510 28
4511 28
4512 28
4513 28
4514 28
4515 28
4516 28
4517 28
4518 28
4519 28
4520 28
4521 28
4522 28
4523 28
4524 28
4525 28
4526 28
4527 28
4528 28
4529 28
4530 30
4531 30
4532 30
4533 30
4534 30
4535 30
4536 30
4537 30
4538 30
4539 30
4540 30
4541 30
4542 30
4543 30
4544 30
4545 30
4546 30
4547 30
4548 30
4549 30
4550 30
4551 30
4552 30
4553 30
4554 30
4555 30
4556 30
4557 30
4558 30
4559 30
4560 30
4561 30
4562 30
4563 30
4564 30
4565 30
4566 30
4567 30
4568 30
4569 30
4570 30
4571 30
4572 30
4573 30
4574 30
4575 30
4576 30
4577 30
4578 30
4579 30
4580 29
4581 29
4582 29
4583 29
4584 29
4585 29
4586 29
4587 29
4588 29
4589 29
4590 29
4591 29
4592 29
4593 29
4594 29
4595 29
4596 29
4597 29
4598 29
4599 29
4600 29
4601 29
4602 29
4603 29
4604 29
4605 29
4606 29
4607 29
4608 29
4609 29
4610 29
4611 29
4612 29
4613 29
4614 29
4615 29
4616 29
4617 29
4618 29
4619 29
4620 29
4621 29
4622 29
4623 29
4624 29
4625 29
4626 29
4627 29
4628 29
4629 29
4630 29
4631 29
4632 29
4633 29
4634 29
4635 29
4636 29
4637 29
4638 29
4639 29
4640 29
4641 29
4642 29
4643 29
4644 29
4645 29
4646 29
4647 29
4648 29
4649 29
4650 29
4651 29
4652 30
4653 30
4654 30
4655 30
4656 30
4657 30
4658 30
4659 30
4660 30
4661 30
4662 30
4663 30
4664 30
4665 30
4666 30
4667 30
4668 30
4669 30
4670 30
4671 30
4672 30
4673 30
4674 30
4675 30
4676 30
4677 30
4678 30
4679 30
4680 30
4681 30
4682 30
4683 30
4684 30
4685 30
4686 30
4687 30
4688 30
4689 30
4690 30
4691 30
4692 30
4693 30
4694 30
4695 30
4696 30
4697 30
4698 30
4699 30
4700 30
4701 30
4702 30
4703 30
4704 29
4705 29
4706 29
4707 29
4708 29
4709 29
4710 29
4711 29
4712 29
4713 29
4714 29
4715 29
4716 29
4717 29
4718 29
4719 29
4720 29
4721 29
4722 29
4723 29
4724 29
4725 29
4726 29
4727 29
4728 29
4729 29
4730 29
4731 29
4732 29
4733 29
4734 29
4735 29
4736 29
4737 29
4738 29
4739 29
4740 29
4741 29
4742 29
4743 29
4744 29
4745 29
4746 29
4747 29
4748 29
4749 29
4750 29
4751 29
4752 29
4753 29
4754 29
4755 29
4756 29
4757 29
4758 29
4759 29
4760 29
4761 29
4762 29
4763 29
4764 28
4765 28
4766 28
4767 28
4768 28
4769 28
4770 28
4771 28
4772 28
4773 28
4774 28
4775 28
4776 28
4777 28
4778 28
4779 28
4780 28
4781 28
4782 28
4783 28
4784 28
4785 28
4786 28
4787 28
4788 28
4789 28
4790 28
4791 28
4792 28
4793 28
4794 36
4795 36
4796 36
4797 36
4798 36
4799 36
4800 36
4801 36
4802 36
4803 36
4804 36
4805 36
4806 36
4807 36
4808 36
4809 36
4810 36
4811 36
4812 36
4813 36
4814 36
4815 36
4816 36
4817 36
4818 36
4819 36
4820 36
4821 36
4822 36
4823 36
4824 36
4825 36
4826 36
4827 36
4828 36
4829 36
4830 36
4831 36
4832 36
4833 36
4834 36
4835 36
4836 36
4837 36
4838 36
4839 36
4840 36
4841 36
4842 36
4843 36
4844 36
4845 36
4846 36
4847 36
4848 36
4849 36
4850 36
4851 36
4852 36
4853 36
4854 35
4855 35
4856 35
4857 35
4858 35
4859 35
4860 35
4861 35
4862 35
4863 35
4864 35
4865 35
4866 35
4867 35
4868 35
4869 35
4870 35
4871 35
4872 35
4873 35
4874 35
4875 35
4876 35
4877 35
4878 35
4879 35
4880 35
4881 35
4882 35
4883 35
4884 35
4885 35
4886 35
4887 35
4888 35
4889 35
4890 35
4891 35
4892 35
4893 35
4894 35
4895 35
4896 35
4897 35
4898 35
4899 35
4900 35
4901 35
4902 35
4903 35
4904 35
4905 35
4906 35
4907 35
4908 35
4909 35
4910 35
4911 35
4912 35
4913 35
4914 35
4915 35
4916 35
4917 35
4918 35
4919 35
4920 35
4921 35
4922 35
4923 35
4924 35
4925 35
4926 35
4927 35
4928 35
4929 35
4930 35
4931 35
4932 35
4933 35
4934 35
4935 35
4936 35
4937 35
4938 35
4939 35
4940 35
4941 35
4942 35
4943 35
4944 35
4945 35
4946 35
4947 35
4948 35
4949 35
4950 35
4951 35
4952 35
4953 35
4954 35
4955 35
4956 35
4957 35
4958 35
4959 35
4960 35
4961 35
4962 35
4963 35
4964 35
4965 35
4966 35
4967 35
4968 35
4969 35
4970 35
4971 35
4972 35
4973 35
4974 35
4975 35
4976 35
4977 35
4978 35
4979 35
4980 35
4981 35
4982 35
4983 35
4984 35
4985 35
4986 35
4987 35
4988 35
4989 35
4990 35
4991 35
4992 35
4993 35
4994 35
4995 35
4996 35
4997 35
4998 35
4999 35
5000 35
5001 35
5002 35
5003 35
5004 35
5005 35
5006 35
5007 35
5008 35
5009 35
5010 35
5011 35
5012 35
5013 35
5014 35
5015 35
5016 35
5017 35
5018 35
5019 35
5020 35
5021 35
5022 35
5023 35
5024 35
5025 35
5026 35
5027 35
5028 35
5029 35
5030 35
5031 35
5032 35
5033 35
5034 35
5035 35
5036 35
5037 35
5038 35
5039 35
5040 35
5041 35
5042 35
5043 35
5044 35
5045 35
5046 35
5047 35
5048 35
5049 35
5050 35
5051 35
5052 35
5053 35
5054 35
5055 35
5056 35
5057 35
5058 36
5059 36
5060 36
5061 36
5062 36
5063 36
5064 36
5065 36
5066 36
5067 36
5068 36
5069 36
5070 36
5071 36
5072 36
5073 36
5074 36
5075 36
5076 36
5077 36
5078 36
5079 36
5080 36
5081 36
5082 36
5083 36
5084 36
5085 36
5086 36
5087 36
5088 36
5089 36
5090 36
5091 36
5092 36
5093 36
5094 36
5095 36
5096 36
5097 36
5098 36
5099 36
5100 36
5101 36
5102 36
5103 36
5104 36
5105 36
5106 36
5107 36
5108 36
5109 36
5110 36
5111 36
5112 36
5113 36
5114 36
5115 36
5116 36
5117 36
5118 36
5119 36
5120 36
5121 36
5122 36
5123 36
5124 36
5125 36
5126 36
5127 36
5128 36
5129 36
5130 36
5131 36
5132 36
5133 36
5134 36
5135 36
5136 36
5137 36
5138 36
5139 36
5140 36
5141 36
5142 36
5143 36
5144 36
5145 36
5146 36
5147 36
5148 36
5149 36
5150 36
5151 36
5152 36
5153 36
5154 36
5155 36
5156 36
5157 36
5158 36
5159 36
5160 36
5161 36
5162 36
5163 36
5164 36
5165 36
5166 36
5167 36
5168 36
5169 36
5170 36
5171 36
5172 36
5173 36
5174 36
5175 36
5176 36
5177 36
5178 36
5179 36
5180 36
5181 36
5182 36
5183 36
5184 36
5185 36
5186 36
5187 36
5188 36
5189 36
5190 36
5191 36
5192 36
5193 36
5194 36
5195 36
5196 36
5197 36
5198 36
5199 36
5200 36
5201 36
5202 32
5203 32
5204 32
5205 32
5206 32
5207 32
5208 32
5209 32
5210 32
5211 32
5212 32
5213 32
5214 32
5215 32
5216 32
5217 32
5218 33
5219 33
5220 33
5221 33
5222 33
5223 33
5224 33
5225 33
5226 33
5227 33
5228 33
5229 33
5230 33
5231 33
5232 33
5233 33
5234 33
5235 33
5236 33
5237 33
5238 33
5239 33
5240 32
5241 32
5242 32
5243 32
5244 32
5245 32
5246 33
5247 33
5248 33
5249 33
5250 33
5251 33
5252 33
5253 33
5254 33
5255 33
5256 33
5257 33
5258 33
5259 33
5260 33
5261 33
5262 33
5263 33
5264 33
5265 33
5266 33
5267 33
5268 33
5269 33
5270 33
5271 33
5272 33
5273 33
5274 33
5275 33
5276 33
5277 33
5278 33
5279 33
5280 33
5281 33
5282 33
5283 33
5284 33
5285 33
5286 33
5287 33
5288 33
5289 33
5290 33
5291 33
5292 33
5293 33
5294 33
5295 33
5296 33
5297 33
5298 33
5299 33
5300 33
5301 33
5302 33
5303 33
5304 33
5305 33
5306 33
5307 33
5308 33
5309 33
5310 33
5311 33
5312 33
5313 33
5314 33
5315 33
5316 33
5317 33
5318 32
5319 32
5320 32
5321 32
5322 32
5323 32
5324 32
5325 32
5326 32
5327 32
5328 32
5329 32
5330 32
5331 32
5332 32
5333 32
5334 32
5335 32
5336 32
5337 32
5338 32
5339 32
5340 33
5341 33
5342 33
5343 33
5344 33
5345 33
5346 33
5347 33
5348 33
5349 33
5350 33
5351 33
5352 33
5353 33
5354 33
5355 33
5356 33
5357 33
5358 33
5359 33
5360 33
5361 33
5362 33
5363 33
5364 33
5365 33
5366 33
5367 33
5368 33
5369 33
5370 33
5371 33
5372 33
5373 33
5374 33
5375 33
5376 33
5377 33
5378 33
5379 33
5380 33
5381 33
5382 33
5383 33
5384 33
5385 33
5386 33
5387 33
5388 33
5389 33
5390 32
5391 32
5392 32
5393 32
5394 32
5395 32
5396 32
5397 32
5398 32
5399 32
5400 32
5401 32
5402 32
5403 32
5404 32
5405 32
5406 32
5407 32
5408 32
5409 32
5410 32
5411 32
5412 32
5413 32
5414 32
5415 32
5416 32
5417 32
5418 34
5419 34
5420 34
5421 34
5422 34
5423 34
5424 34
5425 34
5426 34
5427 34
5428 34
5429 34
5430 34
5431 34
5432 34
5433 34
5434 34
5435 34
5436 34
5437 34
5438 34
5439 34
5440 34
5441 34
5442 34
5443 34
5444 34
5445 34
5446 34
5447 34
5448 34
5449 34
5450 34
5451 34
5452 34
5453 34
5454 34
5455 34
5456 34
5457 34
5458 34
5459 34
5460 34
5461 34
5462 34
5463 34
5464 34
5465 34
5466 34
5467 34
5468 34
5469 34
5470 34
5471 34
5472 34
5473 34
5474 34
5475 34
5476 34
5477 34
5478 34
5479 34
5480 34
5481 34
5482 34
5483 34
5484 34
5485 34
5486 34
5487 34
5488 34
5489 34
5490 34
5491 34
5492 34
5493 34
5494 34
5495 34
5496 34
5497 34
5498 34
5499 34
5500 34
5501 34
5502 34
5503 34
5504 34
5505 34
5506 34
5507 34
5508 34
5509 34
5510 34
5511 34
5512 34
5513 34
5514 34
5515 34
5516 34
5517 34
5518 34
5519 34
5520 34
5521 34
5522 34
5523 34
5524 34
5525 34
5526 34
5527 34
5528 34
5529 34
5530 34
5531 34
5532 34
5533 34
5534 34
5535 34
5536 34
5537 34
5538 34
5539 34
5540 34
5541 34
5542 34
5543 34
5544 34
5545 34
5546 34
5547 34
5548 34
5549 34
5550 34
5551 34
5552 34
5553 34
5554 34
5555 34
5556 34
5557 34
5558 34
5559 34
5560 34
5561 34
5562 34
5563 34
5564 34
5565 34
5566 34
5567 34
5568 34
5569 34
5570 34
5571 34
5572 34
5573 34
5574 34
5575 34
5576 34
5577 34
5578 34
5579 34
5580 34
5581 34
5582 34
5583 34
5584 34
5585 34
5586 34
5587 34
5588 34
5589 34
5590 34
5591 34
5592 34
5593 34
5594 34
5595 34
5596 34
5597 34
5598 34
5599 34
5600 34
5601 34
5602 34
5603 34
5604 34
5605 34
5606 34
5607 34
5608 34
5609 34
5610 34
5611 34
5612 34
5613 34
5614 34
5615 34
5616 34
5617 34
5618 34
5619 34
5620 34
5621 34
5622 33
5623 33
5624 33
5625 33
5626 33
5627 33
5628 33
5629 33
5630 33
5631 33
5632 33
5633 33
5634 33
5635 33
5636 33
5637 33
5638 33
5639 33
5640 33
5641 33
5642 33
5643 33
5644 33
5645 33
5646 33
5647 33
5648 33
5649 33
5650 33
5651 33
5652 32
5653 32
5654 32
5655 32
5656 32
5657 32
5658 32
5659 32
5660 32
5661 32
5662 33
5663 33
5664 33
5665 33
5666 33
5667 33
5668 33
5669 33
5670 33
5671 33
5672 33
5673 33
5674 33
5675 33
5676 33
5677 33
5678 33
5679 33
5680 33
5681 33
5682 33
5683 33
5684 33
5685 33
5686 33
5687 33
5688 33
5689 33
5690 33
5691 33
5692 32
5693 32
5694 32
5695 32
5696 32
5697 32
5698 32
5699 32
5700 32
5701 32
5702 32
5703 32
5704 32
5705 32
5706 32
5707 32
5708 32
5709 32
5710 32
5711 32
5712 23
5713 23
5714 23
5715 23
5716 23
5717 23
5718 23
5719 23
5720 23
5721 23
5722 23
5723 23
5724 23
5725 23
5726 23
5727 23
5728 23
5729 23
5730 23
5731 23
5732 23
5733 23
5734 23
5735 23
5736 23
5737 23
5738 23
5739 23
5740 23
5741 23
5742 22
5743 22
5744 22
5745 22
5746 22
5747 22
5748 22
5749 22
5750 22
5751 22
5752 22
5753 22
5754 22
5755 22
5756 22
5757 22
5758 22
5759 22
5760 22
5761 22
5762 22
5763 22
5764 22
5765 22
5766 22
5767 22
5768 22
5769 22
5770 22
5771 22
5772 22
5773 22
5774 22
5775 22
5776 22
5777 22
5778 22
5779 22
5780 22
5781 22
5782 22
5783 22
5784 22
5785 22
5786 22
5787 22
5788 22
5789 22
5790 22
5791 22
5792 22
5793 22
5794 22
5795 22
5796 22
5797 22
5798 22
5799 22
5800 22
5801 22
5802 21
5803 21
5804 21
5805 21
5806 21
5807 21
5808 21
5809 21
5810 21
5811 21
5812 21
5813 21
5814 21
5815 21
5816 21
5817 21
5818 21
5819 21
5820 21
5821 21
5822 21
5823 21
5824 21
5825 21
5826 21
5827 21
5828 21
5829 21
5830 21
5831 21
5832 20
5833 20
5834 20
5835 20
5836 20
5837 20
5838 20
5839 20
5840 20
5841 20
5842 21
5843 21
5844 21
5845 21
5846 21
5847 21
5848 21
5849 21
5850 21
5851 21
5852 21
5853 21
5854 21
5855 21
5856 21
5857 21
5858 21
5859 21
5860 21
5861 21
5862 21
5863 21
5864 21
5865 21
5866 21
5867 21
5868 21
5869 21
5870 21
5871 21
5872 20
5873 20
5874 20
5875 20
5876 20
5877 20
5878 20
5879 20
5880 20
5881 20
5882 20
5883 20
5884 20
5885 20
5886 20
5887 20
5888 20
5889 20
5890 20
5891 20
5892 20
5893 20
5894 20
5895 20
5896 20
5897 20
5898 20
5899 20
5900 20
5901 20
5902 20
5903 20
5904 20
5905 20
5906 20
5907 20
5908 21
5909 21
5910 21
5911 21
5912 21
5913 21
5914 21
5915 21
5916 21
5917 21
5918 21
5919 21
5920 21
5921 21
5922 21
5923 21
5924 21
5925 21
5926 21
5927 21
5928 21
5929 21
5930 20
5931 20
5932 20
5933 20
5934 20
5935 20
5936 21
5937 21
5938 21
5939 21
5940 21
5941 21
5942 21
5943 21
5944 21
5945 21
5946 21
5947 21
5948 21
5949 21
5950 21
5951 21
5952 21
5953 21
5954 21
5955 21
5956 21
5957 21
5958 21
5959 21
5960 21
5961 21
5962 21
5963 21
5964 21
5965 21
5966 21
5967 21
5968 21
5969 21
5970 21
5971 21
5972 21
5973 21
5974 21
5975 21
5976 21
5977 21
5978 21
5979 21
5980 21
5981 21
5982 21
5983 21
5984 21
5985 21
5986 21
5987 21
5988 21
5989 21
5990 21
5991 21
5992 21
5993 21
5994 21
5995 23
5996 22
5997 22
5998 21
5999 21
6000 23
6001 22
6002 22
6003 21
6004 21
6005 21
6006 21
6007 21
6008 20
6009 20
6010 20
6011 20
6012 20
6013 20
6014 20
6015 20
6016 20
6017 20
6018 21
6019 22
6020 23
6021 21
6022 22
6023 21
6024 22
6025 22
6026 21
6027 23
6028 20
6029 20
6030 21
6031 22
6032 21
6033 22
6034 23
6035 21
6036 21
6037 22
6038 23
6039 22
6040 21
6041 21
6042 21
6043 21
6044 21
6045 21
6046 21
6047 21
6048 21
6049 21
6050 21
6051 21
6052 21
6053 21
6054 21
6055 21
6056 21
6057 21
6058 21
6059 21
6060 21
6061 21
6062 21
6063 21
6064 21
6065 21
6066 21
6067 21
6068 21
6069 21
6070 21
6071 21
6072 21
6073 21
6074 21
6075 21
6076 21
6077 21
6078 21
6079 21
6080 20
6081 20
6082 20
6083 20
6084 20
6085 20
6086 20
6087 20
6088 20
6089 20
6090 20
6091 20
6092 20
6093 20
6094 20
6095 20
6096 20
6097 20
6098 20
6099 20
6100 20
6101 20
6102 20
6103 20
6104 20
6105 20
6106 20
6107 20
6108 23
6109 23
6110 23
6111 23
6112 23
6113 23
6114 23
6115 23
6116 23
6117 23
6118 23
6119 23
6120 23
6121 23
6122 23
6123 23
6124 23
6125 23
6126 23
6127 23
6128 23
6129 23
6130 23
6131 23
6132 23
6133 23
6134 23
6135 23
6136 23
6137 23
6138 23
6139 23
6140 23
6141 23
6142 23
6143 23
6144 23
6145 23
6146 23
6147 23
6148 23
6149 23
6150 23
6151 23
6152 23
6153 23
6154 23
6155 23
6156 23
6157 23
6158 22
6159 22
6160 22
6161 22
6162 22
6163 22
6164 22
6165 22
6166 23
6167 22
6168 22
6169 22
6170 22
6171 22
6172 22
6173 22
6174 23
6175 22
6176 22
6177 22
6178 22
6179 22
6180 22
6181 22
6182 22
6183 22
6184 22
6185 22
6186 23
6187 22
6188 23
6189 22
6190 22
6191 22
6192 22
6193 22
6194 22
6195 22
6196 22
6197 22
6198 22
6199 22
6200 22
6201 22
6202 22
6203 22
6204 22
6205 22
6206 22
6207 22
6208 22
6209 22
6210 22
6211 22
6212 22
6213 22
6214 22
6215 22
6216 22
6217 22
6218 22
6219 22
6220 22
6221 22
6222 22
6223 22
6224 22
6225 22
6226 22
6227 22
6228 22
6229 22
6230 22
6231 22
6232 22
6233 22
6234 22
6235 22
6236 22
6237 22
6238 22
6239 22
6240 22
6241 22
6242 22
6243 22
6244 22
6245 22
6246 22
6247 22
6248 22
6249 22
6250 22
6251 22
6252 22
6253 22
6254 22
6255 22
6256 22
6257 22
6258 22
6259 22
6260 22
6261 22
6262 22
6263 22
6264 22
6265 22
6266 22
6267 22
6268 22
6269 22
6270 22
6271 22
6272 22
6273 22
6274 22
6275 22
6276 22
6277 22
6278 22
6279 22
6280 22
6281 22
6282 22
6283 22
6284 22
6285 22
6286 22
6287 22
6288 22
6289 22
6290 22
6291 22
6292 22
6293 22
6294 22
6295 22
6296 22
6297 22
6298 22
6299 22
6300 22
6301 22
6302 23
6303 23
6304 23
6305 23
6306 23
6307 23
6308 23
6309 23
6310 23
6311 23
6312 23
6313 23
6314 23
6315 23
6316 23
6317 23
6318 23
6319 23
6320 23
6321 23
6322 23
6323 23
6324 18
6325 18
6326 18
6327 18
6328 18
6329 18
6330 18
6331 18
6332 18
6333 18
6334 18
6335 18
6336 18
6337 18
6338 18
6339 18
6340 18
6341 18
6342 18
6343 18
6344 18
6345 18
6346 19
6347 19
6348 19
6349 19
6350 19
6351 19
6352 18
6353 18
6354 18
6355 18
6356 18
6357 18
6358 18
6359 18
6360 18
6361 18
6362 18
6363 18
6364 18
6365 18
6366 18
6367 18
6368 18
6369 18
6370 18
6371 18
6372 18
6373 18
6374 19
6375 19
6376 19
6377 19
6378 19
6379 19
6380 19
6381 19
6382 19
6383 19
6384 19
6385 19
6386 19
6387 19
6388 19
6389 19
6390 19
6391 19
6392 19
6393 19
6394 19
6395 19
6396 19
6397 19
6398 19
6399 19
6400 19
6401 19
6402 19
6403 19
6404 19
6405 19
6406 19
6407 19
6408 19
6409 19
6410 19
6411 19
6412 19
6413 19
6414 19
6415 19
6416 19
6417 19
6418 18
6419 18
6420 18
6421 18
6422 18
6423 18
6424 18
6425 18
6426 18
6427 18
6428 18
6429 18
6430 18
6431 18
6432 18
6433 18
6434 18
6435 18
6436 18
6437 18
6438 18
6439 18
6440 18
6441 18
6442 18
6443 18
6444 18
6445 18
6446 18
6447 18
6448 18
6449 19
6450 19
6451 18
6452 19
6453 19
6454 20
6455 20
6456 20
6457 22
6458 22
6459 23
6460 21
6461 21
6462 21
6463 22
6464 23
6465 21
6466 22
6467 20
6468 19
6469 19
6470 22
6471 23
6472 21
6473 22
6474 21
6475 22
6476 21
6477 21
6478 22
6479 23
6480 20
6481 20
6482 20
6483 20
6484 19
6485 19
6486 19
6487 19
6488 19
6489 19
6490 20
6491 20
6492 20
6493 20
6494 21
6495 22
6496 21
6497 23
6498 22
6499 21
6500 23
6501 22
6502 22
6503 21
6504 19
6505 19
6506 18
6507 18
6508 19
6509 19
6510 18
6511 18
6512 18
6513 18
6514 18
6515 18
6516 18
6517 18
6518 18
6519 18
6520 18
6521 18
6522 18
6523 18
6524 18
6525 18
6526 18
6527 18
6528 18
6529 18
6530 18
6531 18
6532 18
6533 18
6534 18
6535 18
6536 18
6537 18
6538 18
6539 18
6540 20
6541 20
6542 20
6543 20
6544 20
6545 20
6546 20
6547 20
6548 20
6549 20
6550 20
6551 20
6552 20
6553 20
6554 20
6555 20
6556 20
6557 20
6558 20
6559 20
6560 20
6561 20
6562 20
6563 20
6564 20
6565 20
6566 20
6567 20
6568 20
6569 20
6570 20
6571 20
6572 20
6573 20
6574 20
6575 20
6576 20
6577 20
6578 21
6579 22
6580 22
6581 21
6582 23
6583 23
6584 22
6585 21
6586 22
6587 21
6588 20
6589 20
6590 20
6591 20
6592 21
6593 23
6594 22
6595 22
6596 21
6597 21
6598 22
6599 22
6600 23
6601 21
6602 20
6603 20
6604 19
6605 19
6606 19
6607 19
6608 19
6609 19
6610 19
6611 19
6612 19
6613 19
6614 19
6615 19
6616 19
6617 19
6618 19
6619 19
6620 19
6621 19
6622 19
6623 19
6624 19
6625 19
6626 19
6627 19
6628 19
6629 19
6630 19
6631 19
6632 19
6633 19
6634 19
6635 19
6636 19
6637 19
6638 19
6639 19
6640 19
6641 19
6642 19
6643 19
6644 19
6645 19
6646 19
6647 19
6648 19
6649 19
6650 19
6651 19
6652 19
6653 19
6654 19
6655 19
6656 19
6657 19
6658 19
6659 19
6660 19
6661 19
6662 20
6663 20
6664 20
6665 20
6666 20
6667 20
6668 20
6669 20
6670 20
6671 20
6672 20
6673 20
6674 20
6675 20
6676 20
6677 20
6678 20
6679 20
6680 20
6681 20
6682 20
6683 20
6684 20
6685 20
6686 20
6687 20
6688 20
6689 20
6690 20
6691 20
6692 20
6693 20
6694 20
6695 20
6696 20
6697 20
6698 20
6699 20
6700 20
6701 20
6702 20
6703 20
6704 20
6705 20
6706 20
6707 20
6708 20
6709 20
6710 20
6711 20
6712 20
6713 20
6714 19
6715 19
6716 19
6717 19
6718 19
6719 19
6720 19
6721 19
6722 19
6723 19
6724 19
6725 19
6726 19
6727 19
6728 19
6729 19
6730 19
6731 19
6732 19
6733 19
6734 19
6735 19
6736 19
6737 19
6738 19
6739 19
6740 19
6741 19
6742 19
6743 19
6744 19
6745 19
6746 19
6747 19
6748 19
6749 19
6750 19
6751 19
6752 19
6753 19
6754 19
6755 19
6756 19
6757 19
6758 19
6759 19
6760 19
6761 19
6762 19
6763 19
6764 18
6765 18
6766 18
6767 18
6768 18
6769 18
6770 18
6771 18
6772 18
6773 18
6774 18
6775 18
6776 18
6777 18
6778 18
6779 18
6780 18
6781 18
6782 18
6783 18
6784 18
6785 18
6786 18
6787 18
6788 18
6789 18
6790 18
6791 18
6792 18
6793 18
6794 19
6795 19
6796 19
6797 19
6798 19
6799 19
6800 19
6801 19
6802 19
6803 19
6804 18
6805 18
6806 18
6807 18
6808 18
6809 18
6810 18
6811 18
6812 18
6813 18
6814 18
6815 18
6816 18
6817 18
6818 18
6819 18
6820 18
6821 18
6822 18
6823 18
6824 18
6825 18
6826 18
6827 18
6828 18
6829 18
6830 18
6831 18
6832 18
6833 18
6834 28
6835 28
6836 28
6837 28
6838 28
6839 28
6840 28
6841 28
6842 28
6843 28
6844 28
6845 28
6846 28
6847 28
6848 28
6849 28
6850 28
6851 28
6852 28
6853 28
6854 28
6855 28
6856 28
6857 28
6858 28
6859 28
6860 28
6861 28
6862 28
6863 28
6864 27
6865 27
6866 27
6867 27
6868 27
6869 27
6870 27
6871 27
6872 27
6873 27
6874 27
6875 27
6876 27
6877 27
6878 27
6879 27
6880 27
6881 27
6882 27
6883 27
6884 27
6885 27
6886 27
6887 27
6888 27
6889 27
6890 27
6891 27
6892 27
6893 27
6894 27
6895 27
6896 27
6897 27
6898 27
6899 27
6900 27
6901 27
6902 27
6903 27
6904 27
6905 27
6906 27
6907 27
6908 27
6909 27
6910 27
6911 27
6912 27
6913 27
6914 27
6915 27
6916 27
6917 27
6918 27
6919 27
6920 27
6921 27
6922 27
6923 27
6924 26
6925 26
6926 26
6927 26
6928 26
6929 26
6930 26
6931 26
6932 26
6933 26
6934 26
6935 26
6936 26
6937 26
6938 26
6939 26
6940 26
6941 26
6942 26
6943 26
6944 26
6945 26
6946 26
6947 26
6948 26
6949 26
6950 26
6951 26
6952 26
6953 26
6954 26
6955 26
6956 26
6957 26
6958 26
6959 26
6960 26
6961 26
6962 26
6963 26
6964 26
6965 26
6966 26
6967 26
6968 26
6969 26
6970 26
6971 26
6972 26
6973 26
6974 26
6975 26
6976 26
6977 26
6978 26
6979 26
6980 26
6981 26
6982 26
6983 26
6984 26
6985 26
6986 26
6987 26
6988 26
6989 26
6990 26
6991 26
6992 26
6993 26
6994 26
6995 26
6996 26
6997 26
6998 26
6999 26
7000 26
7001 26
7002 26
7003 26
7004 26
7005 26
7006 26
7007 26
7008 26
7009 26
7010 26
7011 26
7012 26
7013 26
7014 26
7015 26
7016 26
7017 26
7018 26
7019 26
7020 26
7021 26
7022 26
7023 26
7024 26
7025 26
7026 26
7027 26
7028 26
7029 26
7030 26
7031 26
7032 26
7033 26
7034 26
7035 26
7036 26
7037 26
7038 26
7039 26
7040 26
7041 26
7042 26
7043 26
7044 26
7045 26
7046 26
7047 26
7048 26
7049 26
7050 26
7051 26
7052 26
7053 26
7054 26
7055 26
7056 26
7057 26
7058 26
7059 26
7060 26
7061 26
7062 26
7063 26
7064 26
7065 26
7066 26
7067 26
7068 26
7069 26
7070 26
7071 26
7072 26
7073 26
7074 26
7075 26
7076 26
7077 26
7078 26
7079 26
7080 26
7081 26
7082 26
7083 26
7084 26
7085 26
7086 26
7087 26
7088 26
7089 26
7090 26
7091 26
7092 26
7093 26
7094 26
7095 26
7096 26
7097 26
7098 26
7099 26
7100 26
7101 26
7102 26
7103 26
7104 26
7105 26
7106 26
7107 26
7108 26
7109 26
7110 26
7111 26
7112 26
7113 26
7114 26
7115 26
7116 26
7117 26
7118 26
7119 26
7120 26
7121 26
7122 26
7123 26
7124 26
7125 26
7126 26
7127 26
7128 28
7129 28
7130 28
7131 28
7132 28
7133 28
7134 28
7135 28
7136 28
7137 28
7138 28
7139 28
7140 28
7141 28
7142 28
7143 28
7144 28
7145 28
7146 28
7147 28
7148 28
7149 28
7150 28
7151 28
7152 28
7153 28
7154 28
7155 28
7156 28
7157 28
7158 28
7159 28
7160 28
7161 28
7162 28
7163 28
7164 28
7165 28
7166 28
7167 28
7168 28
7169 28
7170 28
7171 28
7172 28
7173 28
7174 28
7175 28
7176 28
7177 28
7178 27
7179 27
7180 27
7181 27
7182 27
7183 27
7184 27
7185 27
7186 27
7187 27
7188 27
7189 27
7190 27
7191 27
7192 27
7193 27
7194 27
7195 27
7196 27
7197 27
7198 27
7199 27
7200 27
7201 27
7202 27
7203 27
7204 27
7205 27
7206 27
7207 27
7208 27
7209 27
7210 27
7211 27
7212 27
7213 27
7214 27
7215 27
7216 27
7217 27
7218 27
7219 27
7220 27
7221 27
7222 27
7223 27
7224 27
7225 27
7226 27
7227 27
7228 27
7229 27
7230 27
7231 27
7232 27
7233 27
7234 27
7235 27
7236 27
7237 27
7238 27
7239 27
7240 27
7241 27
7242 27
7243 27
7244 27
7245 27
7246 27
7247 27
7248 27
7249 27
7250 27
7251 27
7252 27
7253 27
7254 27
7255 27
7256 27
7257 27
7258 27
7259 27
7260 27
7261 27
7262 27
7263 27
7264 27
7265 27
7266 27
7267 27
7268 27
7269 27
7270 27
7271 27
7272 27
7273 27
7274 27
7275 27
7276 27
7277 27
7278 27
7279 27
7280 27
7281 27
7282 27
7283 27
7284 27
7285 27
7286 27
7287 27
7288 27
7289 27
7290 27
7291 27
7292 27
7293 27
7294 27
7295 27
7296 27
7297 27
7298 27
7299 27
7300 27
7301 27
7302 27
7303 27
7304 27
7305 27
7306 27
7307 27
7308 27
7309 27
7310 27
7311 27
7312 27
7313 27
7314 27
7315 27
7316 27
7317 27
7318 27
7319 27
7320 27
7321 27
7322 28
7323 28
7324 28
7325 28
7326 28
7327 28
7328 28
7329 28
7330 28
7331 28
7332 28
7333 28
7334 28
7335 28
7336 28
7337 28
7338 28
7339 28
7340 28
7341 28
7342 28
7343 28
7344 23
7345 23
7346 23
7347 23
7348 23
7349 23
7350 23
7351 23
7352 23
7353 23
7354 23
7355 23
7356 23
7357 23
7358 23
7359 23
7360 23
7361 23
7362 23
7363 23
7364 23
7365 23
7366 24
7367 24
7368 24
7369 24
7370 24
7371 24
7372 24
7373 24
7374 24
7375 24
7376 24
7377 24
7378 24
7379 24
7380 24
7381 24
7382 24
7383 24
7384 24
7385 24
7386 24
7387 24
7388 24
7389 24
7390 24
7391 24
7392 24
7393 24
7394 24
7395 24
7396 24
7397 24
7398 24
7399 24
7400 24
7401 24
7402 24
7403 24
7404 24
7405 24
7406 24
7407 24
7408 24
7409 24
7410 24
7411 24
7412 24
7413 24
7414 24
7415 24
7416 24
7417 24
7418 24
7419 24
7420 24
7421 24
7422 24
7423 24
7424 24
7425 24
7426 24
7427 24
7428 24
7429 24
7430 24
7431 24
7432 24
7433 24
7434 24
7435 24
7436 24
7437 24
7438 23
7439 23
7440 23
7441 23
7442 23
7443 23
7444 23
7445 23
7446 23
7447 23
7448 23
7449 23
7450 23
7451 23
7452 23
7453 23
7454 23
7455 23
7456 23
7457 23
7458 23
7459 23
7460 23
7461 23
7462 23
7463 23
7464 23
7465 23
7466 23
7467 23
7468 23
7469 23
7470 23
7471 23
7472 23
7473 23
7474 23
7475 23
7476 23
7477 23
7478 23
7479 23
7480 23
7481 23
7482 23
7483 23
7484 23
7485 23
7486 23
7487 23
7488 25
7489 25
7490 25
7491 25
7492 25
7493 25
7494 25
7495 25
7496 25
7497 25
7498 25
7499 25
7500 25
7501 25
7502 25
7503 25
7504 25
7505 25
7506 25
7507 25
7508 25
7509 25
7510 25
7511 25
7512 25
7513 25
7514 25
7515 25
7516 25
7517 25
7518 25
7519 25
7520 25
7521 25
7522 25
7523 25
7524 25
7525 25
7526 25
7527 25
7528 25
7529 25
7530 25
7531 25
7532 25
7533 25
7534 25
7535 25
7536 25
7537 25
7538 24
7539 24
7540 24
7541 24
7542 24
7543 24
7544 24
7545 24
7546 24
7547 24
7548 24
7549 24
7550 24
7551 24
7552 24
7553 24
7554 24
7555 24
7556 24
7557 24
7558 24
7559 24
7560 25
7561 25
7562 25
7563 25
7564 25
7565 25
7566 25
7567 25
7568 25
7569 25
7570 25
7571 25
7572 25
7573 25
7574 25
7575 25
7576 25
7577 25
7578 25
7579 25
7580 25
7581 25
7582 25
7583 25
7584 25
7585 25
7586 25
7587 25
7588 25
7589 25
7590 25
7591 25
7592 25
7593 25
7594 25
7595 25
7596 25
7597 25
7598 25
7599 25
7600 25
7601 25
7602 25
7603 25
7604 25
7605 25
7606 25
7607 25
7608 25
7609 25
7610 24
7611 24
7612 24
7613 24
7614 24
7615 24
7616 24
7617 24
7618 24
7619 24
7620 24
7621 24
7622 24
7623 24
7624 24
7625 24
7626 24
7627 24
7628 24
7629 24
7630 24
7631 24
7632 24
7633 24
7634 24
7635 24
7636 24
7637 24
7638 24
7639 24
7640 24
7641 24
7642 24
7643 24
7644 24
7645 24
7646 24
7647 24
7648 24
7649 24
7650 24
7651 24
7652 24
7653 24
7654 25
7655 25
7656 25
7657 25
7658 25
7659 25
7660 25
7661 25
7662 25
7663 25
7664 25
7665 25
7666 25
7667 25
7668 25
7669 25
7670 25
7671 25
7672 25
7673 25
7674 25
7675 25
7676 24
7677 24
7678 24
7679 24
7680 24
7681 24
7682 25
7683 25
7684 25
7685 25
7686 25
7687 25
7688 25
7689 25
7690 25
7691 25
7692 25
7693 25
7694 25
7695 25
7696 25
7697 25
7698 25
7699 25
7700 25
7701 25
7702 25
7703 25
7704 25
7705 25
7706 25
7707 25
7708 25
7709 25
7710 25
7711 25
7712 25
7713 25
7714 25
7715 25
7716 25
7717 25
7718 25
7719 25
7720 25
7721 25
7722 25
7723 25
7724 25
7725 25
7726 25
7727 25
7728 25
7729 25
7730 25
7731 25
7732 25
7733 25
7734 24
7735 24
7736 24
7737 24
7738 24
7739 24
7740 24
7741 24
7742 24
7743 24
7744 25
7745 25
7746 25
7747 25
7748 25
7749 25
7750 25
7751 25
7752 25
7753 25
7754 25
7755 25
7756 25
7757 25
7758 25
7759 25
7760 25
7761 25
7762 25
7763 25
7764 25
7765 25
7766 25
7767 25
7768 25
7769 25
7770 25
7771 25
7772 25
7773 25
7774 24
7775 24
7776 24
7777 24
7778 24
7779 24
7780 24
7781 24
7782 24
7783 24
7784 24
7785 24
7786 24
7787 24
7788 24
7789 24
7790 24
7791 24
7792 24
7793 24
7794 24
7795 24
7796 24
7797 24
7798 24
7799 24
7800 24
7801 24
7802 24
7803 24
7804 24
7805 24
7806 24
7807 24
7808 24
7809 24
7810 24
7811 24
7812 24
7813 24
7814 24
7815 24
7816 24
7817 24
7818 24
7819 24
7820 24
7821 24
7822 24
7823 24
7824 23
7825 23
7826 23
7827 23
7828 23
7829 23
7830 23
7831 23
7832 23
7833 23
7834 23
7835 23
7836 23
7837 23
7838 23
7839 23
7840 23
7841 23
7842 23
7843 23
7844 23
7845 23
7846 23
7847 23
7848 23
7849 23
7850 23
7851 23
7852 23
7853 23
7854 10
7855 10
7856 10
7857 10
7858 10
7859 10
7860 10
7861 10
7862 10
7863 10
7864 10
7865 10
7866 10
7867 10
7868 10
7869 10
7870 10
7871 10
7872 10
7873 10
7874 10
7875 10
7876 10
7877 10
7878 10
7879 10
7880 10
7881 10
7882 10
7883 10
7884 10
7885 10
7886 10
7887 10
7888 10
7889 10
7890 10
7891 10
7892 10
7893 10
7894 10
7895 10
7896 10
7897 10
7898 10
7899 10
7900 10
7901 10
7902 10
7903 10
7904 10
7905 10
7906 10
7907 10
7908 10
7909 10
7910 10
7911 10
7912 10
7913 10
7914 9
7915 9
7916 9
7917 9
7918 9
7919 9
7920 9
7921 9
7922 9
7923 9
7924 9
7925 9
7926 9
7927 9
7928 9
7929 9
7930 9
7931 9
7932 9
7933 9
7934 9
7935 9
7936 9
7937 9
7938 9
7939 9
7940 9
7941 9
7942 9
7943 9
7944 9
7945 9
7946 9
7947 9
7948 9
7949 9
7950 9
7951 9
7952 9
7953 9
7954 9
7955 9
7956 9
7957 9
7958 9
7959 9
7960 9
7961 9
7962 9
7963 9
7964 9
7965 9
7966 9
7967 9
7968 9
7969 9
7970 9
7971 9
7972 9
7973 9
7974 8
7975 8
7976 8
7977 8
7978 8
7979 8
7980 8
7981 8
7982 8
7983 8
7984 8
7985 8
7986 8
7987 8
7988 8
7989 8
7990 8
7991 8
7992 8
7993 8
7994 8
7995 8
7996 8
7997 8
7998 8
7999 8
8000 8
8001 8
8002 8
8003 8
8004 8
8005 8
8006 8
8007 8
8008 8
8009 8
8010 8
8011 8
8012 8
8013 8
8014 8
8015 8
8016 8
8017 8
8018 8
8019 8
8020 8
8021 8
8022 8
8023 8
8024 8
8025 8
8026 8
8027 8
8028 8
8029 8
8030 8
8031 8
8032 8
8033 8
8034 7
8035 7
8036 7
8037 7
8038 7
8039 7
8040 7
8041 7
8042 7
8043 7
8044 7
8045 7
8046 7
8047 7
8048 7
8049 7
8050 7
8051 7
8052 7
8053 7
8054 7
8055 7
8056 7
8057 7
8058 7
8059 7
8060 7
8061 7
8062 7
8063 7
8064 7
8065 7
8066 7
8067 7
8068 7
8069 7
8070 7
8071 7
8072 7
8073 7
8074 7
8075 7
8076 7
8077 7
8078 7
8079 7
8080 7
8081 7
8082 7
8083 7
8084 7
8085 7
8086 7
8087 7
8088 7
8089 7
8090 7
8091 7
8092 7
8093 7
8094 7
8095 7
8096 8
8097 8
8098 7
8099 7
8100 9
8101 9
8102 8
8103 8
8104 10
8105 10
8106 10
8107 10
8108 9
8109 9
8110 9
8111 8
8112 8
8113 9
8114 9
8115 10
8116 10
8117 10
8118 10
8119 9
8120 7
8121 7
8122 7
8123 8
8124 8
8125 7
8126 7
8127 7
8128 7
8129 7
8130 7
8131 7
8132 7
8133 7
8134 7
8135 7
8136 7
8137 7
8138 8
8139 8
8140 8
8141 8
8142 8
8143 8
8144 8
8145 8
8146 8
8147 8
8148 8
8149 8
8150 8
8151 8
8152 8
8153 8
8154 8
8155 8
8156 8
8157 8
8158 9
8159 9
8160 9
8161 9
8162 10
8163 10
8164 10
8165 10
8166 9
8167 8
8168 8
8169 9
8170 9
8171 9
8172 10
8173 10
8174 10
8175 10
8176 8
8177 8
8178 8
8179 8
8180 8
8181 8
8182 17
8183 17
8184 17
8185 17
8186 15
8187 11
8188 12
8189 13
8190 11
8191 12
8192 11
8193 12
8194 12
8195 13
8196 11
8197 14
8198 15
8199 13
8200 14
8201 14
8202 13
8203 14
8204 16
8205 16
8206 15
8207 16
8208 16
8209 15
8210 11
8211 11
8212 12
8213 13
8214 12
8215 12
8216 11
8217 12
8218 13
8219 11
8220 13
8221 14
8222 14
8223 15
8224 14
8225 14
8226 15
8227 13
8228 15
8229 16
8230 15
8231 16
8232 16
8233 16
8234 17
8235 17
8236 17
8237 17
8238 18
8239 18
8240 18
8241 19
8242 19
8243 18
8244 19
8245 19
8246 20
8247 20
8248 20
8249 20
8250 22
8251 23
8252 21
8253 22
8254 21
8255 21
8256 23
8257 22
8258 22
8259 21
8260 19
8261 19
8262 20
8263 20
8264 20
8265 22
8266 23
8267 22
8268 21
8269 21
8270 21
8271 21
8272 22
8273 23
8274 22
8275 20
8276 18
8277 18
8278 18
8279 19
8280 19
8281 18
8282 18
8283 18
8284 19
8285 19
8286 18
8287 18
8288 19
8289 19
8290 21
8291 22
8292 23
8293 22
8294 21
8295 21
8296 23
8297 22
8298 22
8299 21
8300 20
8301 20
8302 20
8303 20
8304 19
8305 19
8306 20
8307 20
8308 21
8309 22
8310 22
8311 23
8312 21
8313 21
8314 22
8315 23
8316 22
8317 21
8318 20
8319 20
8320 18
8321 18
8322 18
8323 19
8324 19
8325 18
8326 17
8327 17
8328 17
8329 17
8330 15
8331 14
8332 13
8333 14
8334 12
8335 13
8336 12
8337 11
8338 11
8339 11
8340 11
8341 13
8342 12
8343 12
8344 14
8345 14
8346 13
8347 15
8348 15
8349 16
8350 16
8351 16
8352 16
8353 15
8354 14
8355 13
8356 14
8357 15
8358 15
8359 14
8360 13
8361 14
8362 12
8363 12
8364 13
8365 11
8366 11
8367 11
8368 11
8369 12
8370 12
8371 13
8372 16
8373 16
8374 16
8375 15
8376 15
8377 16
8378 17
8379 17
8380 17
8381 17
8382 17
8383 17
8384 17
8385 17
8386 15
8387 11
8388 13
8389 11
8390 12
8391 12
8392 11
8393 12
8394 13
8395 12
8396 11
8397 13
8398 14
8399 15
8400 14
8401 14
8402 13
8403 14
8404 16
8405 15
8406 16
8407 16
8408 16
8409 15
8410 15
8411 11
8412 11
8413 12
8414 13
8415 12
8416 12
8417 13
8418 12
8419 11
8420 11
8421 15
8422 14
8423 13
8424 14
8425 14
8426 14
8427 13
8428 16
8429 16
8430 15
8431 16
8432 16
8433 15
8434 17
8435 17
8436 17
8437 17
8438 18
8439 18
8440 18
8441 19
8442 19
8443 18
8444 19
8445 19
8446 20
8447 20
8448 20
8449 22
8450 21
8451 22
8452 23
8453 21
8454 21
8455 21
8456 22
8457 23
8458 22
8459 20
8460 19
8461 19
8462 20
8463 20
8464 20
8465 21
8466 22
8467 23
8468 22
8469 21
8470 21
8471 21
8472 22
8473 22
8474 23
8475 20
8476 18
8477 18
8478 18
8479 19
8480 19
8481 18
8482 18
8483 18
8484 18
8485 19
8486 19
8487 18
8488 19
8489 19
8490 20
8491 20
8492 20
8493 21
8494 23
8495 22
8496 22
8497 21
8498 21
8499 22
8500 22
8501 21
8502 23
8503 20
8504 19
8505 19
8506 20
8507 20
8508 20
8509 21
8510 23
8511 22
8512 22
8513 21
8514 21
8515 23
8516 21
8517 22
8518 22
8519 20
8520 18
8521 18
8522 18
8523 19
8524 19
8525 18
8526 17
8527 17
8528 17
8529 17
8530 15
8531 11
8532 11
8533 13
8534 12
8535 12
8536 12
8537 12
8538 13
8539 11
8540 11
8541 15
8542 14
8543 14
8544 13
8545 14
8546 14
8547 13
8548 16
8549 16
8550 15
8551 16
8552 16
8553 15
8554 15
8555 11
8556 11
8557 13
8558 12
8559 12
8560 12
8561 13
8562 12
8563 11
8564 11
8565 15
8566 13
8567 14
8568 14
8569 14
8570 14
8571 13
8572 16
8573 16
8574 15
8575 16
8576 16
8577 15
8578 17
8579 17
8580 17
8581 17
8582 9
8583 9
8584 9
8585 9
8586 9
8587 9
8588 9
8589 9
8590 9
8591 9
8592 9
8593 9
8594 10
8595 10
8596 10
8597 10
8598 9
8599 9
8600 9
8601 9
8602 9
8603 9
8604 10
8605 10
8606 10
8607 10
8608 9
8609 9
8610 9
8611 9
8612 9
8613 9
8614 9
8615 9
8616 9
8617 9
8618 9
8619 9
8620 9
8621 9
8622 9
8623 9
8624 9
8625 9
8626 10
8627 10
8628 10
8629 10
8630 10
8631 10
8632 10
8633 10
8634 10
8635 10
8636 10
8637 10
8638 10
8639 10
8640 10
8641 10
8642 10
8643 10
8644 10
8645 10
8646 10
8647 10
8648 10
8649 10
8650 10
8651 10
8652 10
8653 10
8654 10
8655 10
8656 10
8657 10
8658 10
8659 10
8660 10
8661 10
8662 10
8663 10
8664 10
8665 10
8666 10
8667 10
8668 10
8669 10
8670 7
8671 7
8672 7
8673 7
8674 8
8675 8
8676 8
8677 8
8678 9
8679 9
8680 9
8681 9
8682 10
8683 10
8684 10
8685 10
8686 9
8687 10
8688 10
8689 10
8690 10
8691 9
8692 9
8693 8
8694 8
8695 9
8696 7
8697 8
8698 8
8699 7
8700 7
8701 7
8702 6
8703 6
8704 6
8705 6
8706 5
8707 5
8708 5
8709 5
8710 6
8711 6
8712 6
8713 6
8714 6
8715 6
8716 6
8717 6
8718 5
8719 5
8720 5
8721 5
8722 5
8723 5
8724 6
8725 6
8726 6
8727 6
8728 6
8729 6
8730 6
8731 6
8732 7
8733 7
8734 8
8735 8
8736 7
8737 7
8738 7
8739 7
8740 8
8741 8
8742 7
8743 7
8744 9
8745 9
8746 8
8747 8
8748 10
8749 10
8750 10
8751 10
8752 9
8753 9
8754 9
8755 9
8756 10
8757 10
8758 10
8759 10
8760 8
8761 8
8762 9
8763 9
8764 9
8765 8
8766 8
8767 9
8768 9
8769 10
8770 10
8771 10
8772 10
8773 9
8774 7
8775 7
8776 7
8777 8
8778 8
8779 7
8780 17
8781 17
8782 17
8783 17
8784 14
8785 15
8786 14
8787 13
8788 11
8789 11
8790 12
8791 12
8792 13
8793 11
8794 12
8795 11
8796 12
8797 13
8798 14
8799 13
8800 15
8801 14
8802 15
8803 16
8804 16
8805 16
8806 16
8807 15
8808 15
8809 16
8810 15
8811 16
8812 16
8813 16
8814 11
8815 12
8816 13
8817 11
8818 12
8819 13
8820 12
8821 11
8822 12
8823 11
8824 13
8825 14
8826 15
8827 14
8828 14
8829 13
8830 14
8831 15
8832 13
8833 14
8834 14
8835 15
8836 14
8837 13
8838 15
8839 14
8840 12
8841 13
8842 12
8843 11
8844 11
8845 11
8846 12
8847 11
8848 13
8849 12
8850 16
8851 16
8852 16
8853 15
8854 15
8855 16
8856 17
8857 17
8858 17
8859 17
8860 17
8861 17
8862 17
8863 17
8864 18
8865 18
8866 19
8867 19
8868 18
8869 18
8870 18
8871 18
8872 19
8873 19
8874 18
8875 18
8876 19
8877 19
8878 21
8879 23
8880 22
8881 22
8882 21
8883 22
8884 21
8885 22
8886 21
8887 23
8888 20
8889 20
8890 20
8891 20
8892 20
8893 20
8894 20
8895 20
8896 22
8897 21
8898 23
8899 22
8900 21
8901 21
8902 22
8903 21
8904 23
8905 22
8906 19
8907 19
8908 19
8909 19
8910 20
8911 20
8912 21
8913 22
8914 23
8915 22
8916 21
8917 22
8918 22
8919 21
8920 23
8921 21
8922 20
8923 20
8924 18
8925 18
8926 18
8927 19
8928 19
8929 18
8930 18
8931 18
8932 18
8933 18
8934 19
8935 19
8936 19
8937 19
8938 20
8939 20
8940 20
8941 20
8942 21
8943 23
8944 21
8945 22
8946 22
8947 21
8948 21
8949 23
8950 22
8951 22
8952 20
8953 20
8954 21
8955 22
8956 23
8957 22
8958 21
8959 22
8960 21
8961 21
8962 23
8963 22
8964 20
8965 20
8966 19
8967 19
8968 18
8969 19
8970 19
8971 18
8972 18
8973 18
8974 17
8975 17
8976 17
8977 17
8978 15
8979 16
8980 16
8981 16
8982 16
8983 15
8984 14
8985 14
8986 13
8987 15
8988 12
8989 11
8990 12
8991 13
8992 11
8993 11
8994 11
8995 12
8996 13
8997 12
8998 14
8999 13
9000 14
9001 15
9002 11
9003 13
9004 12
9005 12
9006 11
9007 13
9008 11
9009 12
9010 11
9011 12
9012 14
9013 14
9014 13
9015 15
9016 14
9017 14
9018 13
9019 15
9020 15
9021 16
9022 15
9023 16
9024 16
9025 16
9026 17
9027 17
9028 17
9029 17
9030 17
9031 17
9032 17
9033 17
9034 15
9035 14
9036 13
9037 14
9038 14
9039 15
9040 13
9041 14
9042 11
9043 12
9044 11
9045 13
9046 12
9047 13
9048 12
9049 12
9050 11
9051 11
9052 16
9053 16
9054 15
9055 16
9056 16
9057 15
9058 16
9059 15
9060 16
9061 15
9062 16
9063 16
9064 13
9065 11
9066 12
9067 12
9068 11
9069 11
9070 13
9071 12
9072 12
9073 11
9074 14
9075 13
9076 14
9077 15
9078 14
9079 15
9080 14
9081 13
9082 15
9083 14
9084 13
9085 14
9086 14
9087 14
9088 13
9089 15
9090 11
9091 11
9092 12
9093 12
9094 13
9095 12
9096 12
9097 13
9098 11
9099 11
9100 16
9101 16
9102 15
9103 16
9104 16
9105 15
9106 17
9107 17
9108 17
9109 17
9110 17
9111 17
9112 17
9113 17
9114 18
9115 18
9116 19
9117 19
9118 18
9119 18
9120 18
9121 18
9122 19
9123 19
9124 18
9125 18
9126 19
9127 19
9128 23
9129 21
9130 22
9131 22
9132 21
9133 21
9134 22
9135 22
9136 23
9137 21
9138 20
9139 20
9140 20
9141 20
9142 20
9143 20
9144 20
9145 20
9146 21
9147 22
9148 22
9149 23
9150 21
9151 21
9152 23
9153 22
9154 22
9155 21
9156 19
9157 19
9158 19
9159 19
9160 21
9161 21
9162 22
9163 22
9164 23
9165 23
9166 22
9167 22
9168 21
9169 21
9170 20
9171 20
9172 20
9173 20
9174 18
9175 18
9176 19
9177 19
9178 18
9179 18
9180 18
9181 19
9182 19
9183 18
9184 18
9185 18
9186 20
9187 22
9188 23
9189 21
9190 22
9191 21
9192 21
9193 22
9194 22
9195 23
9196 21
9197 20
9198 20
9199 20
9200 19
9201 19
9202 20
9203 20
9204 21
9205 22
9206 23
9207 22
9208 21
9209 21
9210 23
9211 22
9212 22
9213 21
9214 20
9215 20
9216 19
9217 19
9218 18
9219 19
9220 19
9221 18
9222 18
9223 18
9224 17
9225 17
9226 17
9227 17
9228 15
9229 16
9230 16
9231 16
9232 16
9233 15
9234 15
9235 14
9236 14
9237 13
9238 13
9239 12
9240 12
9241 11
9242 11
9243 11
9244 11
9245 13
9246 12
9247 12
9248 13
9249 14
9250 14
9251 15
9252 15
9253 16
9254 16
9255 15
9256 16
9257 16
9258 13
9259 14
9260 14
9261 14
9262 14
9263 13
9264 15
9265 11
9266 11
9267 13
9268 12
9269 12
9270 12
9271 12
9272 13
9273 11
9274 11
9275 15
9276 17
9277 17
9278 17
9279 17
9280 7
9281 8
9282 8
9283 7
9284 7
9285 7
9286 10
9287 10
9288 10
9289 10
9290 9
9291 9
9292 9
9293 8
9294 8
9295 9
9296 9
9297 10
9298 10
9299 10
9300 10
9301 9
9302 9
9303 8
9304 8
9305 9
9306 7
9307 8
9308 8
9309 7
9310 7
9311 7
9312 6
9313 6
9314 6
9315 6
9316 5
9317 5
9318 5
9319 5
9320 6
9321 6
9322 6
9323 6
9324 6
9325 6
9326 6
9327 6
9328 6
9329 6
9330 5
9331 5
9332 6
9333 6
9334 6
9335 6
9336 6
9337 6
9338 6
9339 6
9340 6
9341 6
9342 7
9343 7
9344 8
9345 8
9346 7
9347 7
9348 7
9349 7
9350 8
9351 8
9352 7
9353 7
9354 9
9355 9
9356 8
9357 8
9358 10
9359 10
9360 10
9361 10
9362 9
9363 9
9364 9
9365 9
9366 10
9367 10
9368 10
9369 10
9370 8
9371 8
9372 9
9373 9
9374 9
9375 9
9376 8
9377 8
9378 10
9379 10
9380 10
9381 10
9382 9
9383 9
9384 7
9385 7
9386 8
9387 8
9388 7
9389 7
9390 6
9391 6
9392 6
9393 6
9394 6
9395 6
9396 6
9397 6
9398 6
9399 6
9400 6
9401 6
9402 6
9403 6
9404 6
9405 6
9406 6
9407 6
9408 6
9409 6
9410 5
9411 5
9412 5
9413 5
9414 5
9415 5
9416 5
9417 5
9418 5
9419 5
9420 6
9421 6
9422 6
9423 6
9424 6
9425 6
9426 6
9427 6
9428 6
9429 6
9430 6
9431 6
9432 6
9433 6
9434 6
9435 6
9436 6
9437 6
9438 6
9439 6
9440 5
9441 5
9442 5
9443 5
9444 5
9445 5
9446 5
9447 5
9448 5
9449 5
9450 5
9451 5
9452 5
9453 5
9454 5
9455 5
9456 6
9457 6
9458 6
9459 6
9460 6
9461 6
9462 6
9463 6
9464 6
9465 6
9466 5
9467 5
9468 5
9469 5
9470 6
9471 6
9472 6
9473 6
9474 6
9475 6
9476 6
9477 6
9478 6
9479 6
9480 4
9481 4
9482 4
9483 4
9484 4
9485 4
9486 5
9487 5
9488 4
9489 4
9490 5
9491 5
9492 5
9493 5
9494 5
9495 5
9496 5
9497 5
9498 5
9499 5
9500 5
9501 5
9502 5
9503 5
9504 5
9505 5
9506 5
9507 5
9508 5
9509 5
9510 5
9511 5
9512 5
9513 5
9514 5
9515 5
9516 5
9517 5
9518 5
9519 5
9520 4
9521 4
9522 4
9523 4
9524 4
9525 4
9526 4
9527 5
9528 5
9529 4
9530 4
9531 4
9532 4
9533 4
9534 4
9535 4
9536 4
9537 4
9538 4
9539 4
9540 4
9541 4
9542 4
9543 4
9544 4
9545 4
9546 4
9547 4
9548 4
9549 4
9550 4
9551 5
9552 4
9553 4
9554 4
9555 4
9556 4
9557 4
9558 5
9559 4
9560 4
9561 5
9562 5
9563 4
9564 4
9565 3
9566 3
9567 3
9568 4
9569 3
9570 4
9571 3
9572 3
9573 4
9574 3
9575 3
9576 4
9577 5
9578 4
9579 5
9580 3
9581 3
9582 3
9583 3
9584 3
9585 3
9586 3
9587 3
9588 3
9589 3
9590 3
9591 3
9592 3
9593 3
9594 3
9595 3
9596 3
9597 3
9598 3
9599 3
9600 4
9601 4
9602 3
9603 3
9604 3
9605 3
9606 3
9607 3
9608 3
9609 3
9610 4
9611 4
9612 4
9613 4
9614 5
9615 5
9616 5
9617 5
9618 4
9619 4
9620 4
9621 4
9622 5
9623 5
9624 4
9625 4
9626 4
9627 4
9628 4
9629 4
9630 3
9631 3
9632 3
9633 3
9634 4
9635 4
9636 4
9637 4
9638 5
9639 5
9640 5
9641 5
9642 4
9643 4
9644 4
9645 4
9646 3
9647 3
9648 3
9649 3
9650 2
9651 2
9652 2
9653 2
9654 2
9655 2
9656 2
9657 2
9658 2
9659 2
9660 4
9661 5
9662 3
9663 4
9664 3
9665 4
9666 3
9667 3
9668 5
9669 4
9670 5
9671 4
9672 5
9673 4
9674 4
9675 3
9676 3
9677 3
9678 4
9679 3
9680 2
9681 2
9682 2
9683 2
9684 2
9685 2
9686 2
9687 2
9688 2
9689 2
9690 17
9691 17
9692 17
9693 17
9694 17
9695 17
9696 17
9697 17
9698 17
9699 17
9700 17
9701 17
9702 17
9703 17
9704 17
9705 17
9706 17
9707 17
9708 17
9709 17
9710 17
9711 17
9712 17
9713 17
9714 17
9715 17
9716 17
9717 17
9718 17
9719 17
9720 17
9721 17
9722 17
9723 17
9724 17
9725 17
9726 17
9727 17
9728 17
9729 17
9730 17
9731 17
9732 17
9733 17
9734 17
9735 17
9736 17
9737 17
9738 17
9739 17
9740 17
9741 17
9742 17
9743 17
9744 17
9745 17
9746 17
9747 17
9748 17
9749 17
9750 16
9751 16
9752 16
9753 16
9754 16
9755 16
9756 16
9757 16
9758 16
9759 16
9760 16
9761 16
9762 16
9763 16
9764 16
9765 16
9766 16
9767 16
9768 16
9769 16
9770 16
9771 16
9772 16
9773 16
9774 16
9775 16
9776 16
9777 16
9778 16
9779 16
9780 16
9781 16
9782 16
9783 16
9784 16
9785 16
9786 16
9787 16
9788 16
9789 16
9790 16
9791 16
9792 16
9793 16
9794 16
9795 16
9796 16
9797 16
9798 16
9799 16
9800 16
9801 16
9802 16
9803 16
9804 16
9805 16
9806 16
9807 16
9808 16
9809 16
9810 15
9811 15
9812 15
9813 15
9814 15
9815 15
9816 15
9817 15
9818 15
9819 15
9820 15
9821 15
9822 15
9823 15
9824 15
9825 15
9826 15
9827 15
9828 15
9829 15
9830 15
9831 15
9832 15
9833 15
9834 15
9835 15
9836 15
9837 15
9838 15
9839 15
9840 14
9841 14
9842 14
9843 14
9844 14
9845 14
9846 14
9847 14
9848 14
9849 14
9850 15
9851 15
9852 15
9853 15
9854 15
9855 15
9856 15
9857 15
9858 15
9859 15
9860 15
9861 15
9862 15
9863 15
9864 15
9865 15
9866 15
9867 15
9868 15
9869 15
9870 15
9871 15
9872 15
9873 15
9874 15
9875 15
9876 15
9877 15
9878 15
9879 15
9880 14
9881 14
9882 14
9883 14
9884 14
9885 14
9886 14
9887 14
9888 14
9889 14
9890 14
9891 14
9892 14
9893 14
9894 14
9895 14
9896 14
9897 14
9898 14
9899 14
9900 14
9901 14
9902 14
9903 14
9904 14
9905 14
9906 14
9907 14
9908 14
9909 14
9910 14
9911 14
9912 14
9913 14
9914 14
9915 14
9916 15
9917 15
9918 15
9919 15
9920 15
9921 15
9922 15
9923 15
9924 15
9925 15
9926 15
9927 15
9928 15
9929 15
9930 15
9931 15
9932 15
9933 15
9934 15
9935 15
9936 15
9937 15
9938 14
9939 14
9940 14
9941 14
9942 14
9943 14
9944 15
9945 15
9946 15
9947 15
9948 15
9949 15
9950 15
9951 15
9952 15
9953 15
9954 15
9955 15
9956 15
9957 15
9958 15
9959 15
9960 15
9961 15
9962 15
9963 15
9964 15
9965 15
9966 15
9967 15
9968 15
9969 15
9970 15
9971 15
9972 15
9973 15
9974 15
9975 15
9976 15
9977 15
9978 15
9979 15
9980 15
9981 15
9982 15
9983 15
9984 16
9985 16
9986 15
9987 16
9988 15
9989 16
9990 17
9991 17
9992 17
9993 17
9994 18
9995 18
9996 19
9997 19
9998 18
9999 18
10000 19
10001 19
10002 21
10003 21
10004 22
10005 22
10006 23
10007 22
10008 23
10009 22
10010 21
10011 21
10012 20
10013 20
10014 20
10015 20
10016 18
10017 19
10018 19
10019 18
10020 18
10021 18
10022 20
10023 21
10024 23
10025 22
10026 22
10027 21
10028 21
10029 21
10030 22
10031 22
10032 23
10033 20
10034 20
10035 20
10036 19
10037 19
10038 19
10039 19
10040 20
10041 20
10042 23
10043 22
10044 21
10045 22
10046 21
10047 21
10048 23
10049 22
10050 21
10051 22
10052 20
10053 20
10054 18
10055 18
10056 18
10057 19
10058 19
10059 18
10060 17
10061 17
10062 17
10063 17
10064 15
10065 15
10066 15
10067 15
10068 15
10069 15
10070 15
10071 15
10072 15
10073 15
10074 15
10075 15
10076 15
10077 15
10078 15
10079 15
10080 15
10081 15
10082 15
10083 16
10084 16
10085 16
10086 15
10087 16
10088 15
10089 16
10090 16
10091 15
10092 16
10093 16
10094 14
10095 14
10096 14
10097 14
10098 14
10099 14
10100 15
10101 14
10102 14
10103 14
10104 14
10105 14
10106 14
10107 14
10108 14
10109 14
10110 14
10111 15
10112 17
10113 17
10114 17
10115 17
10116 17
10117 17
10118 17
10119 17
10120 17
10121 17
10122 17
10123 17
10124 17
10125 17
10126 17
10127 17
10128 17
10129 17
10130 17
10131 17
10132 17
10133 17
10134 17
10135 17
10136 17
10137 17
10138 17
10139 17
10140 17
10141 17
10142 17
10143 17
10144 17
10145 17
10146 17
10147 17
10148 17
10149 17
10150 17
10151 17
10152 17
10153 17
10154 17
10155 17
10156 17
10157 17
10158 17
10159 17
10160 17
10161 17
10162 17
10163 17
10164 17
10165 17
10166 17
10167 17
10168 17
10169 17
10170 17
10171 17
10172 18
10173 18
10174 18
10175 19
10176 19
10177 18
10178 19
10179 19
10180 20
10181 20
10182 20
10183 20
10184 22
10185 21
10186 21
10187 23
10188 22
10189 21
10190 23
10191 22
10192 22
10193 21
10194 19
10195 19
10196 21
10197 21
10198 22
10199 23
10200 22
10201 22
10202 21
10203 23
10204 22
10205 21
10206 20
10207 20
10208 20
10209 20
10210 18
10211 18
10212 19
10213 19
10214 18
10215 18
10216 18
10217 18
10218 19
10219 19
10220 18
10221 18
10222 20
10223 20
10224 20
10225 20
10226 22
10227 21
10228 23
10229 22
10230 21
10231 21
10232 22
10233 22
10234 21
10235 23
10236 19
10237 19
10238 20
10239 20
10240 21
10241 22
10242 23
10243 22
10244 21
10245 22
10246 21
10247 22
10248 21
10249 23
10250 20
10251 20
10252 19
10253 19
10254 18
10255 19
10256 19
10257 18
10258 18
10259 18
10260 17
10261 17
10262 17
10263 17
10264 16
10265 16
10266 16
10267 16
10268 16
10269 16
10270 16
10271 16
10272 16
10273 16
10274 16
10275 16
10276 16
10277 16
10278 16
10279 16
10280 16
10281 16
10282 16
10283 16
10284 16
10285 16
10286 16
10287 16
10288 16
10289 16
10290 16
10291 16
10292 16
10293 16
10294 16
10295 16
10296 16
10297 16
10298 16
10299 16
10300 16
10301 16
10302 16
10303 16
10304 16
10305 16
10306 16
10307 16
10308 16
10309 16
10310 16
10311 16
10312 17
10313 17
10314 17
10315 17
10316 16
10317 16
10318 16
10319 16
10320 16
10321 16
10322 16
10323 16
10324 16
10325 16
10326 16
10327 16
10328 16
10329 16
10330 16
10331 16
10332 16
10333 16
10334 16
10335 16
10336 16
10337 16
10338 16
10339 16
10340 16
10341 16
10342 16
10343 16
10344 16
10345 16
10346 16
10347 16
10348 16
10349 16
10350 16
10351 16
10352 16
10353 16
10354 16
10355 16
10356 16
10357 16
10358 16
10359 16
10360 17
10361 17
10362 17
10363 17
10364 17
10365 17
10366 17
10367 17
10368 17
10369 17
10370 17
10371 17
10372 17
10373 17
10374 17
10375 17
10376 17
10377 17
10378 17
10379 17
10380 17
10381 17
10382 17
10383 17
10384 17
10385 17
10386 17
10387 17
10388 17
10389 17
10390 17
10391 17
10392 17
10393 17
10394 17
10395 17
10396 17
10397 17
10398 17
10399 17
10400 17
10401 17
10402 17
10403 17
10404 11
10405 11
10406 11
10407 11
10408 11
10409 11
10410 11
10411 11
10412 11
10413 11
10414 11
10415 11
10416 11
10417 11
10418 11
10419 11
10420 11
10421 11
10422 11
10423 11
10424 11
10425 11
10426 11
10427 11
10428 11
10429 11
10430 11
10431 11
10432 11
10433 11
10434 11
10435 11
10436 11
10437 11
10438 11
10439 11
10440 11
10441 11
10442 11
10443 11
10444 11
10445 11
10446 11
10447 11
10448 12
10449 12
10450 12
10451 12
10452 12
10453 12
10454 12
10455 12
10456 12
10457 12
10458 12
10459 12
10460 12
10461 12
10462 12
10463 12
10464 12
10465 12
10466 12
10467 12
10468 12
10469 12
10470 12
10471 12
10472 12
10473 12
10474 12
10475 12
10476 12
10477 12
10478 12
10479 12
10480 12
10481 12
10482 12
10483 12
10484 12
10485 12
10486 12
10487 12
10488 12
10489 12
10490 12
10491 12
10492 17
10493 17
10494 17
10495 17
10496 15
10497 13
10498 14
10499 14
10500 14
10501 13
10502 15
10503 14
10504 12
10505 12
10506 12
10507 13
10508 12
10509 12
10510 12
10511 12
10512 13
10513 12
10514 16
10515 16
10516 15
10517 16
10518 15
10519 16
10520 14
10521 13
10522 14
10523 15
10524 15
10525 14
10526 13
10527 14
10528 12
10529 12
10530 13
10531 12
10532 12
10533 12
10534 12
10535 13
10536 12
10537 12
10538 16
10539 16
10540 16
10541 15
10542 15
10543 16
10544 17
10545 17
10546 17
10547 17
10548 18
10549 18
10550 19
10551 19
10552 18
10553 18
10554 19
10555 19
10556 21
10557 22
10558 22
10559 23
10560 21
10561 21
10562 22
10563 22
10564 23
10565 21
10566 20
10567 20
10568 20
10569 20
10570 19
10571 19
10572 22
10573 22
10574 21
10575 23
10576 21
10577 22
10578 23
10579 21
10580 21
10581 22
10582 20
10583 20
10584 20
10585 20
10586 18
10587 18
10588 19
10589 19
10590 18
10591 18
10592 18
10593 18
10594 18
10595 18
10596 19
10597 19
10598 19
10599 19
10600 20
10601 20
10602 20
10603 20
10604 22
10605 21
10606 23
10607 22
10608 21
10609 21
10610 21
10611 22
10612 23
10613 22
10614 19
10615 19
10616 20
10617 20
10618 22
10619 21
10620 21
10621 23
10622 22
10623 21
10624 22
10625 22
10626 23
10627 21
10628 20
10629 20
10630 18
10631 18
10632 18
10633 19
10634 19
10635 18
10636 17
10637 17
10638 17
10639 17
10640 15
10641 14
10642 13
10643 14
10644 12
10645 11
10646 12
10647 13
10648 11
10649 12
10650 13
10651 11
10652 11
10653 12
10654 14
10655 14
10656 13
10657 15
10658 15
10659 16
10660 16
10661 16
10662 16
10663 15
10664 11
10665 12
10666 12
10667 11
10668 13
10669 12
10670 11
10671 11
10672 13
10673 12
10674 14
10675 13
10676 15
10677 14
10678 15
10679 13
10680 14
10681 14
10682 15
10683 16
10684 16
10685 15
10686 16
10687 16
10688 17
10689 17
10690 17
10691 17
10692 17
10693 17
10694 17
10695 17
10696 15
10697 16
10698 16
10699 16
10700 16
10701 15
10702 15
10703 14
10704 14
10705 14
10706 14
10707 14
10708 14
10709 14
10710 14
10711 14
10712 14
10713 14
10714 14
10715 14
10716 14
10717 14
10718 14
10719 15
10720 15
10721 16
10722 15
10723 16
10724 16
10725 16
10726 13
10727 13
10728 13
10729 13
10730 13
10731 13
10732 13
10733 13
10734 13
10735 13
10736 13
10737 14
10738 14
10739 15
10740 15
10741 14
10742 14
10743 13
10744 17
10745 17
10746 17
10747 17
10748 18
10749 18
10750 19
10751 19
10752 18
10753 18
10754 20
10755 20
10756 20
10757 20
10758 22
10759 22
10760 21
10761 23
10762 21
10763 21
10764 21
10765 22
10766 22
10767 23
10768 19
10769 19
10770 20
10771 20
10772 21
10773 22
10774 22
10775 23
10776 21
10777 21
10778 22
10779 23
10780 22
10781 21
10782 20
10783 20
10784 19
10785 19
10786 18
10787 19
10788 19
10789 18
10790 18
10791 18
10792 18
10793 18
10794 19
10795 19
10796 18
10797 18
10798 19
10799 19
10800 22
10801 21
10802 23
10803 22
10804 21
10805 21
10806 21
10807 22
10808 22
10809 23
10810 20
10811 20
10812 20
10813 20
10814 15
10815 14
10816 13
10817 14
10818 14
10819 14
10820 13
10821 15
10822 13
10823 13
10824 13
10825 13
10826 13
10827 13
10828 13
10829 13
10830 13
10831 13
10832 16
10833 16
10834 15
10835 16
10836 16
10837 15
10838 17
10839 17
10840 17
10841 17
10842 13
10843 13
10844 13
10845 13
10846 13
10847 13
10848 13
10849 13
10850 13
10851 13
10852 13
10853 13
10854 13
10855 13
10856 13
10857 13
10858 13
10859 13
10860 13
10861 13
10862 13
10863 13
10864 14
10865 14
10866 14
10867 14
10868 14
10869 14
10870 13
10871 13
10872 13
10873 13
10874 13
10875 13
10876 13
10877 13
10878 13
10879 13
10880 13
10881 13
10882 13
10883 13
10884 13
10885 13
10886 13
10887 13
10888 13
10889 13
10890 13
10891 13
10892 14
10893 14
10894 14
10895 14
10896 14
10897 14
10898 14
10899 14
10900 14
10901 14
10902 14
10903 14
10904 14
10905 14
10906 14
10907 14
10908 14
10909 14
10910 14
10911 14
10912 14
10913 14
10914 14
10915 14
10916 14
10917 14
10918 14
10919 14
10920 14
10921 14
10922 14
10923 14
10924 14
10925 14
10926 14
10927 14
10928 13
10929 13
10930 13
10931 13
10932 13
10933 13
10934 13
10935 13
10936 13
10937 13
10938 13
10939 13
10940 13
10941 13
10942 13
10943 13
10944 13
10945 13
10946 13
10947 13
10948 13
10949 13
10950 13
10951 13
10952 13
10953 13
10954 13
10955 13
10956 13
10957 13
10958 14
10959 14
10960 14
10961 14
10962 14
10963 14
10964 14
10965 14
10966 14
10967 14
10968 13
10969 13
10970 13
10971 13
10972 13
10973 13
10974 13
10975 13
10976 13
10977 13
10978 13
10979 13
10980 13
10981 13
10982 13
10983 13
10984 13
10985 13
10986 13
10987 13
10988 13
10989 13
10990 13
10991 13
10992 13
10993 13
10994 13
10995 13
10996 13
10997 13
10998 12
10999 12
11000 12
11001 12
11002 12
11003 12
11004 12
11005 12
11006 12
11007 12
11008 12
11009 12
11010 12
11011 12
11012 12
11013 12
11014 12
11015 12
11016 12
11017 12
11018 12
11019 12
11020 12
11021 12
11022 12
11023 12
11024 12
11025 12
11026 12
11027 12
11028 12
11029 12
11030 12
11031 12
11032 12
11033 12
11034 12
11035 12
11036 12
11037 12
11038 12
11039 12
11040 12
11041 12
11042 12
11043 12
11044 12
11045 12
11046 12
11047 12
11048 12
11049 12
11050 12
11051 12
11052 12
11053 12
11054 12
11055 12
11056 12
11057 12
11058 11
11059 11
11060 11
11061 11
11062 11
11063 11
11064 11
11065 11
11066 11
11067 11
11068 11
11069 11
11070 11
11071 11
11072 11
11073 11
11074 11
11075 11
11076 11
11077 11
11078 11
11079 11
11080 11
11081 11
11082 11
11083 11
11084 11
11085 11
11086 11
11087 11
11088 11
11089 11
11090 11
11091 11
11092 11
11093 11
11094 11
11095 11
11096 11
11097 11
11098 11
11099 11
11100 11
11101 11
11102 11
11103 11
11104 11
11105 11
11106 11
11107 11
11108 11
11109 11
11110 11
11111 11
11112 11
11113 11
11114 11
11115 11
11116 11
11117 11
11118 22
11119 21
11120 21
11121 21
11122 21
11123 21
11124 21
11125 21
11126 21
11127 21
11128 21
11129 21
11130 21
11131 22
11132 22
11133 23
11134 22
11135 22
11136 23
11137 23
11138 22
11139 22
11140 23
11141 22
11142 22
11143 22
11144 23
11145 22
11146 22
11147 23
11148 22
11149 22
11150 23
11151 22
11152 22
11153 22
11154 23
11155 22
11156 23
11157 22
11158 21
11159 21
11160 21
11161 21
11162 21
11163 21
11164 21
11165 21
11166 22
11167 23
11168 23
11169 24
11170 24
11171 25
11172 25
11173 26
11174 26
11175 26
11176 26
11177 25
11178 25
11179 25
11180 25
11181 26
11182 26
11183 26
11184 26
11185 25
11186 25
11187 24
11188 24
11189 23
11190 23
11191 24
11192 24
11193 24
11194 24
11195 23
11196 23
11197 23
11198 24
11199 24
11200 24
11201 24
11202 24
11203 24
11204 23
11205 23
11206 23
11207 23
11208 24
11209 24
11210 24
11211 24
11212 25
11213 25
11214 25
11215 25
11216 26
11217 26
11218 26
11219 26
11220 26
11221 26
11222 26
11223 26
11224 25
11225 25
11226 25
11227 25
11228 25
11229 25
11230 26
11231 26
11232 26
11233 26
11234 25
11235 25
11236 24
11237 24
11238 24
11239 24
11240 24
11241 24
11242 25
11243 25
11244 25
11245 25
11246 26
11247 26
11248 26
11249 26
11250 26
11251 26
11252 26
11253 26
11254 25
11255 25
11256 25
11257 25
11258 25
11259 25
11260 25
11261 25
11262 25
11263 25
11264 26
11265 26
11266 26
11267 26
11268 26
11269 26
11270 26
11271 26
11272 26
11273 26
11274 26
11275 26
11276 25
11277 25
11278 25
11279 25
11280 25
11281 25
11282 24
11283 24
11284 24
11285 24
11286 24
11287 24
11288 23
11289 23
11290 23
11291 23
11292 23
11293 23
11294 24
11295 24
11296 24
11297 24
11298 24
11299 24
11300 24
11301 24
11302 24
11303 24
11304 23
11305 23
11306 23
11307 23
11308 22
11309 23
11310 23
11311 22
11312 22
11313 22
11314 23
11315 23
11316 22
11317 22
11318 22
11319 22
11320 22
11321 23
11322 22
11323 23
11324 22
11325 22
11326 23
11327 23
11328 22
11329 22
11330 22
11331 23
11332 23
11333 22
11334 22
11335 22
11336 21
11337 21
11338 21
11339 21
11340 21
11341 21
11342 21
11343 21
11344 21
11345 21
11346 21
11347 21
11348 21
11349 21
11350 21
11351 21
11352 21
11353 21
11354 21
11355 21
11356 22
11357 22
11358 30
11359 30
11360 30
11361 30
11362 30
11363 30
11364 30
11365 30
11366 30
11367 30
11368 30
11369 30
11370 30
11371 30
11372 30
11373 29
11374 29
11375 29
11376 29
11377 29
11378 29
11379 30
11380 30
11381 30
11382 30
11383 30
11384 29
11385 29
11386 29
11387 29
11388 29
11389 29
11390 29
11391 29
11392 28
11393 28
11394 28
11395 28
11396 28
11397 29
11398 29
11399 29
11400 29
11401 29
11402 29
11403 28
11404 28
11405 28
11406 28
11407 28
11408 28
11409 27
11410 27
11411 27
11412 27
11413 27
11414 27
11415 27
11416 27
11417 27
11418 27
11419 27
11420 27
11421 28
11422 28
11423 28
11424 28
11425 28
11426 27
11427 27
11428 27
11429 27
11430 27
11431 27
11432 27
11433 27
11434 28
11435 28
11436 28
11437 28
11438 28
11439 28
11440 27
11441 27
11442 27
11443 27
11444 28
11445 28
11446 28
11447 27
11448 27
11449 27
11450 27
11451 27
11452 27
11453 27
11454 27
11455 28
11456 28
11457 28
11458 28
11459 29
11460 29
11461 29
11462 29
11463 28
11464 28
11465 28
11466 29
11467 29
11468 29
11469 28
11470 28
11471 29
11472 29
11473 28
11474 28
11475 27
11476 27
11477 27
11478 27
11479 28
11480 28
11481 27
11482 27
11483 27
11484 27
11485 28
11486 28
11487 29
11488 29
11489 30
11490 30
11491 30
11492 30
11493 30
11494 30
11495 29
11496 29
11497 30
11498 30
11499 29
11500 29
11501 29
11502 30
11503 30
11504 30
11505 29
11506 29
11507 29
11508 29
11509 30
11510 30
11511 30
11512 30
11513 30
11514 30
11515 30
11516 30
11517 30
11518 30
11519 30
11520 30
11521 29
11522 29
11523 30
11524 29
11525 30
11526 30
11527 29
11528 29
11529 30
11530 30
11531 30
11532 30
11533 30
11534 30
11535 29
11536 29
11537 28
11538 28
11539 27
11540 27
11541 27
11542 27
11543 28
11544 28
11545 27
11546 27
11547 27
11548 27
11549 28
11550 28
11551 29
11552 29
11553 28
11554 28
11555 29
11556 28
11557 29
11558 29
11559 28
11560 28
11561 27
11562 27
11563 27
11564 27
11565 28
11566 28
11567 28
11568 27
11569 27
11570 27
11571 27
11572 28
11573 28
11574 29
11575 29
11576 28
11577 29
11578 29
11579 28
11580 28
11581 27
11582 27
11583 27
11584 27
11585 28
11586 30
11587 30
11588 30
11589 29
11590 29
11591 30
11592 29
11593 29
11594 30
11595 30
11596 30
11597 30
11598 22
11599 21
11600 21
11601 21
11602 21
11603 22
11604 22
11605 23
11606 22
11607 23
11608 22
11609 22
11610 23
11611 23
11612 22
11613 22
11614 21
11615 21
11616 21
11617 21
11618 25
11619 25
11620 26
11621 26
11622 26
11623 26
11624 25
11625 25
11626 24
11627 24
11628 23
11629 23
11630 24
11631 24
11632 23
11633 23
11634 24
11635 24
11636 25
11637 25
11638 26
11639 26
11640 26
11641 26
11642 25
11643 25
11644 24
11645 24
11646 25
11647 25
11648 26
11649 26
11650 26
11651 26
11652 25
11653 25
11654 24
11655 24
11656 23
11657 23
11658 24
11659 24
11660 23
11661 24
11662 24
11663 24
11664 24
11665 23
11666 23
11667 24
11668 24
11669 25
11670 25
11671 26
11672 26
11673 26
11674 26
11675 25
11676 25
11677 25
11678 25
11679 26
11680 26
11681 26
11682 26
11683 25
11684 25
11685 24
11686 24
11687 23
11688 23
11689 22
11690 21
11691 21
11692 21
11693 21
11694 21
11695 21
11696 21
11697 21
11698 22
11699 23
11700 22
11701 22
11702 23
11703 22
11704 22
11705 23
11706 22
11707 22
11708 22
11709 22
11710 23
11711 23
11712 22
11713 22
11714 21
11715 21
11716 21
11717 21
11718 35
11719 35
11720 34
11721 34
11722 34
11723 34
11724 34
11725 35
11726 35
11727 35
11728 35
11729 34
11730 33
11731 33
11732 33
11733 33
11734 34
11735 34
11736 34
11737 34
11738 34
11739 34
11740 33
11741 33
11742 33
11743 33
11744 34
11745 34
11746 34
11747 34
11748 33
11749 33
11750 35
11751 35
11752 34
11753 34
11754 34
11755 35
11756 35
11757 34
11758 31
11759 31
11760 31
11761 31
11762 32
11763 32
11764 32
11765 32
11766 31
11767 31
11768 31
11769 31
11770 33
11771 33
11772 32
11773 32
11774 32
11775 33
11776 33
11777 32
11778 33
11779 33
11780 32
11781 32
11782 32
11783 32
11784 32
11785 33
11786 33
11787 33
11788 33
11789 32
11790 32
11791 31
11792 31
11793 31
11794 31
11795 31
11796 31
11797 31
11798 31
11799 32
11800 32
11801 32
11802 32
11803 32
11804 31
11805 31
11806 31
11807 31
11808 31
11809 31
11810 31
11811 31
11812 31
11813 31
11814 31
11815 31
11816 31
11817 31
11818 31
11819 31
11820 32
11821 32
11822 32
11823 32
11824 32
11825 32
11826 32
11827 32
11828 32
11829 31
11830 31
11831 31
11832 31
11833 31
11834 31
11835 31
11836 31
11837 32
11838 32
11839 33
11840 33
11841 33
11842 33
11843 32
11844 32
11845 32
11846 32
11847 32
11848 32
11849 32
11850 32
11851 33
11852 33
11853 33
11854 33
11855 33
11856 33
11857 32
11858 32
11859 32
11860 33
11861 33
11862 33
11863 33
11864 33
11865 33
11866 33
11867 33
11868 33
11869 33
11870 32
11871 32
11872 32
11873 32
11874 32
11875 32
11876 32
11877 32
11878 32
11879 32
11880 32
11881 32
11882 32
11883 32
11884 32
11885 32
11886 32
11887 32
11888 31
11889 31
11890 31
11891 31
11892 31
11893 31
11894 31
11895 31
11896 31
11897 31
11898 31
11899 31
11900 31
11901 31
11902 31
11903 31
11904 31
11905 31
11906 31
11907 31
11908 34
11909 34
11910 35
11911 35
11912 35
11913 35
11914 35
11915 35
11916 35
11917 35
11918 35
11919 35
11920 34
11921 34
11922 34
11923 34
11924 34
11925 34
11926 34
11927 34
11928 34
11929 34
11930 34
11931 34
11932 34
11933 34
11934 34
11935 34
11936 34
11937 34
11938 33
11939 33
11940 33
11941 33
11942 33
11943 33
11944 33
11945 33
11946 33
11947 33
11948 33
11949 33
11950 33
11951 33
11952 33
11953 33
11954 34
11955 34
11956 34
11957 34
11958 34
11959 34
11960 34
11961 34
11962 34
11963 34
11964 33
11965 33
11966 33
11967 33
11968 34
11969 35
11970 35
11971 35
11972 35
11973 34
11974 34
11975 34
11976 34
11977 34
11978 34
11979 34
11980 34
11981 35
11982 35
11983 35
11984 35
11985 35
11986 35
11987 34
11988 35
11989 35
11990 35
11991 35
11992 35
11993 35
11994 35
11995 35
11996 35
11997 35
11998 36
11999 36
12000 36
12001 36
12002 36
12003 36
12004 36
12005 36
12006 36
12007 36
12008 36
12009 36
12010 36
12011 36
12012 36
12013 36
12014 36
12015 36
12016 36
12017 36
12018 35
12019 35
12020 35
12021 35
12022 35
12023 35
12024 35
12025 35
12026 35
12027 35
12028 37
12029 37
12030 37
12031 37
12032 37
12033 37
12034 37
12035 37
12036 37
12037 37
12038 37
12039 37
12040 37
12041 37
12042 37
12043 37
12044 37
12045 37
12046 37
12047 37
12048 36
12049 36
12050 36
12051 36
12052 36
12053 36
12054 36
12055 36
12056 36
12057 36
12058 36
12059 36
12060 36
12061 36
12062 36
12063 36
12064 37
12065 37
12066 37
12067 37
12068 37
12069 37
12070 37
12071 37
12072 37
12073 37
12074 36
12075 36
12076 36
12077 36
12078 37
12079 37
12080 37
12081 37
12082 37
12083 37
12084 37
12085 37
12086 37
12087 37
12088 37
12089 37
12090 37
12091 37
12092 37
12093 37
12094 36
12095 36
12096 36
12097 36
12098 37
12099 37
12100 37
12101 37
12102 37
12103 37
12104 36
12105 36
12106 36
12107 36
12108 37
12109 37
12110 37
12111 37
12112 36
12113 36
12114 37
12115 37
12116 37
12117 37
12118 35
12119 35
12120 35
12121 35
12122 36
12123 36
12124 36
12125 36
12126 36
12127 36
12128 36
12129 36
12130 36
12131 36
12132 35
12133 35
12134 35
12135 35
12136 35
12137 35
12138 40
12139 40
12140 39
12141 39
12142 39
12143 39
12144 39
12145 40
12146 40
12147 40
12148 40
12149 39
12150 39
12151 39
12152 39
12153 39
12154 39
12155 39
12156 39
12157 39
12158 39
12159 39
12160 40
12161 40
12162 39
12163 39
12164 39
12165 39
12166 40
12167 40
12168 38
12169 38
12170 38
12171 38
12172 38
12173 38
12174 38
12175 38
12176 38
12177 38
12178 38
12179 38
12180 38
12181 38
12182 38
12183 38
12184 38
12185 38
12186 38
12187 38
12188 38
12189 38
12190 38
12191 38
12192 38
12193 38
12194 38
12195 38
12196 38
12197 38
12198 38
12199 38
12200 38
12201 38
12202 38
12203 38
12204 38
12205 38
12206 38
12207 38
12208 38
12209 38
12210 38
12211 38
12212 38
12213 38
12214 38
12215 38
12216 38
12217 38
12218 38
12219 38
12220 38
12221 38
12222 38
12223 38
12224 38
12225 38
12226 38
12227 38
12228 40
12229 40
12230 40
12231 40
12232 40
12233 40
12234 40
12235 40
12236 40
12237 40
12238 39
12239 39
12240 39
12241 39
12242 39
12243 39
12244 39
12245 39
12246 39
12247 39
12248 39
12249 39
12250 39
12251 39
12252 39
12253 39
12254 39
12255 39
12256 39
12257 39
12258 39
12259 39
12260 39
12261 39
12262 39
12263 39
12264 39
12265 39
12266 39
12267 39
12268 39
12269 40
12270 40
12271 40
12272 40
12273 39
12274 39
12275 39
12276 39
12277 39
12278 39
12279 39
12280 39
12281 39
12282 40
12283 40
12284 40
12285 40
12286 40
12287 40
12288 39
12289 40
12290 40
12291 40
12292 40
12293 39
12294 39
12295 39
12296 39
12297 39
12298 40
12299 40
12300 39
12301 39
12302 39
12303 39
12304 39
12305 39
12306 39
12307 39
12308 39
12309 39
12310 39
12311 39
12312 39
12313 39
12314 39
12315 39
12316 40
12317 40
12318 40
12319 40
12320 40
12321 40
12322 39
12323 39
12324 39
12325 39
12326 39
12327 39
12328 39
12329 39
12330 39
12331 40
12332 40
12333 40
12334 40
12335 39
12336 38
12337 38
12338 38
12339 38
12340 38
12341 38
12342 38
12343 38
12344 38
12345 38
12346 38
12347 38
12348 38
12349 38
12350 38
12351 38
12352 38
12353 38
12354 38
12355 38
12356 38
12357 38
12358 38
12359 38
12360 38
12361 38
12362 38
12363 38
12364 38
12365 38
12366 38
12367 38
12368 38
12369 38
12370 38
12371 38
12372 38
12373 38
12374 38
12375 38
12376 38
12377 38
12378 38
12379 38
12380 39
12381 40
12382 40
12383 39
12384 39
12385 39
12386 39
12387 39
12388 39
12389 39
12390 40
12391 40
12392 39
12393 39
12394 39
12395 39
12396 40
12397 40
12398 35
12399 35
12400 35
12401 35
12402 36
12403 36
12404 36
12405 36
12406 36
12407 36
12408 35
12409 35
12410 37
12411 37
12412 36
12413 36
12414 37
12415 37
12416 36
12417 36
12418 37
12419 37
12420 37
12421 37
12422 36
12423 36
12424 37
12425 37
12426 37
12427 37
12428 37
12429 37
12430 37
12431 37
12432 37
12433 37
12434 36
12435 36
12436 37
12437 37
12438 37
12439 37
12440 37
12441 37
12442 36
12443 36
12444 36
12445 36
12446 36
12447 36
12448 36
12449 36
12450 37
12451 37
12452 37
12453 37
12454 37
12455 37
12456 37
12457 37
12458 37
12459 37
12460 36
12461 36
12462 36
12463 36
12464 36
12465 36
12466 37
12467 37
12468 37
12469 37
12470 37
12471 37
12472 37
12473 37
12474 37
12475 37
12476 35
12477 35
12478 35
12479 35
12480 35
12481 35
12482 35
12483 35
12484 35
12485 35
12486 36
12487 36
12488 36
12489 36
12490 36
12491 36
12492 36
12493 36
12494 36
12495 36
12496 36
12497 36
12498 36
12499 36
12500 36
12501 36
12502 35
12503 35
12504 35
12505 35
12506 35
12507 35
12508 36
12509 36
12510 36
12511 36
12512 36
12513 36
12514 36
12515 36
12516 36
12517 36
12518 35
12519 35
12520 35
12521 35
12522 35
12523 35
12524 35
12525 35
12526 35
12527 35
12528 37
12529 37
12530 37
12531 37
12532 37
12533 37
12534 37
12535 37
12536 37
12537 37
12538 36
12539 36
12540 36
12541 36
12542 36
12543 36
12544 36
12545 36
12546 36
12547 36
12548 37
12549 37
12550 37
12551 37
12552 37
12553 37
12554 37
12555 37
12556 37
12557 37
12558 38
12559 38
12560 38
12561 38
12562 38
12563 38
12564 38
12565 38
12566 38
12567 38
12568 38
12569 38
12570 38
12571 38
12572 38
12573 38
12574 38
12575 38
12576 38
12577 38
12578 39
12579 39
12580 39
12581 39
12582 39
12583 39
12584 39
12585 39
12586 39
12587 39
12588 40
12589 40
12590 40
12591 40
12592 40
12593 40
12594 40
12595 40
12596 40
12597 40
12598 39
12599 39
12600 39
12601 39
12602 39
12603 39
12604 39
12605 39
12606 39
12607 39
12608 21
12609 21
12610 21
12611 21
12612 22
12613 23
12614 22
12615 22
12616 23
12617 22
12618 22
12619 23
12620 23
12621 22
12622 22
12623 21
12624 21
12625 21
12626 21
12627 22
12628 24
12629 24
12630 25
12631 25
12632 26
12633 26
12634 26
12635 26
12636 25
12637 25
12638 24
12639 24
12640 23
12641 23
12642 24
12643 24
12644 23
12645 23
12646 24
12647 24
12648 25
12649 25
12650 26
12651 26
12652 26
12653 26
12654 25
12655 25
12656 23
12657 24
12658 24
12659 24
12660 24
12661 25
12662 25
12663 25
12664 25
12665 26
12666 26
12667 26
12668 26
12669 26
12670 26
12671 26
12672 26
12673 25
12674 25
12675 25
12676 25
12677 25
12678 25
12679 26
12680 26
12681 26
12682 26
12683 25
12684 25
12685 24
12686 24
12687 23
12688 23
12689 24
12690 24
12691 24
12692 24
12693 24
12694 24
12695 23
12696 23
12697 23
12698 23
12699 23
12700 23
12701 23
12702 23
12703 23
12704 23
12705 24
12706 24
12707 24
12708 24
12709 24
12710 24
12711 24
12712 24
12713 24
12714 24
12715 24
12716 24
12717 24
12718 24
12719 24
12720 24
12721 24
12722 24
12723 23
12724 23
12725 23
12726 23
12727 23
12728 23
12729 23
12730 23
12731 23
12732 23
12733 24
12734 24
12735 24
12736 24
12737 24
12738 24
12739 24
12740 24
12741 24
12742 24
12743 25
12744 25
12745 25
12746 25
12747 25
12748 25
12749 25
12750 25
12751 25
12752 25
12753 26
12754 26
12755 26
12756 26
12757 26
12758 26
12759 26
12760 26
12761 26
12762 26
12763 26
12764 26
12765 26
12766 26
12767 26
12768 26
12769 26
12770 26
12771 26
12772 26
12773 25
12774 25
12775 25
12776 25
12777 25
12778 25
12779 25
12780 25
12781 25
12782 25
12783 25
12784 25
12785 25
12786 25
12787 25
12788 25
12789 25
12790 25
12791 26
12792 26
12793 26
12794 26
12795 26
12796 26
12797 26
12798 26
12799 26
12800 26
12801 26
12802 26
12803 26
12804 26
12805 26
12806 26
12807 25
12808 25
12809 25
12810 25
12811 25
12812 25
12813 25
12814 25
12815 24
12816 24
12817 24
12818 24
12819 24
12820 24
12821 24
12822 24
12823 23
12824 23
12825 22
12826 22
12827 22
12828 22
12829 21
12830 21
12831 21
12832 21
12833 21
12834 21
12835 21
12836 21
12837 21
12838 21
12839 21
12840 21
12841 21
12842 21
12843 21
12844 21
12845 21
12846 21
12847 21
12848 21
12849 21
12850 21
12851 21
12852 21
12853 21
12854 21
12855 21
12856 21
12857 21
12858 21
12859 21
12860 21
12861 21
12862 21
12863 21
12864 21
12865 22
12866 22
12867 22
12868 22
12869 22
12870 23
12871 23
12872 22
12873 23
12874 22
12875 22
12876 22
12877 23
12878 22
12879 23
12880 23
12881 22
12882 22
12883 22
12884 23
12885 22
12886 22
12887 23
12888 23
12889 23
12890 22
12891 22
12892 22
12893 22
12894 22
12895 22
12896 22
12897 22
12898 22
12899 23
12900 22
12901 23
12902 22
12903 22
12904 23
12905 22
12906 23
12907 23
12908 22
12909 23
12910 23
12911 22
12912 22
12913 22
12914 22
12915 22
12916 23
12917 22
12918 22
12919 23
12920 23
12921 22
12922 22
12923 22
12924 23
12925 22
12926 22
12927 23
12928 22
12929 21
12930 21
12931 21
12932 21
12933 21
12934 21
12935 21
12936 21
12937 21
12938 21
12939 21
12940 21
12941 22
12942 22
12943 23
12944 30
12945 30
12946 30
12947 30
12948 30
12949 29
12950 29
12951 29
12952 29
12953 29
12954 29
12955 29
12956 29
12957 29
12958 29
12959 30
12960 30
12961 30
12962 30
12963 30
12964 30
12965 30
12966 30
12967 30
12968 30
12969 30
12970 30
12971 30
12972 30
12973 30
12974 28
12975 28
12976 28
12977 28
12978 28
12979 27
12980 27
12981 27
12982 27
12983 27
12984 27
12985 27
12986 27
12987 27
12988 27
12989 27
12990 27
12991 27
12992 27
12993 27
12994 27
12995 27
12996 27
12997 27
12998 27
12999 28
13000 28
13001 28
13002 28
13003 28
13004 28
13005 28
13006 28
13007 28
13008 28
13009 29
13010 29
13011 29
13012 29
13013 29
13014 29
13015 29
13016 29
13017 29
13018 29
13019 28
13020 28
13021 28
13022 28
13023 28
13024 22
13025 21
13026 21
13027 21
13028 21
13029 22
13030 23
13031 22
13032 22
13033 23
13034 22
13035 22
13036 23
13037 22
13038 23
13039 22
13040 23
13041 22
13042 22
13043 22
13044 23
13045 22
13046 22
13047 22
13048 23
13049 23
13050 23
13051 23
13052 22
13053 22
13054 22
13055 22
13056 23
13057 23
13058 23
13059 22
13060 22
13061 23
13062 22
13063 22
13064 23
13065 23
13066 23
13067 23
13068 22
13069 22
13070 23
13071 22
13072 22
13073 21
13074 23
13075 22
13076 22
13077 21
13078 22
13079 23
13080 22
13081 21
13082 21
13083 21
13084 22
13085 22
13086 21
13087 23
13088 21
13089 21
13090 23
13091 22
13092 22
13093 21
13094 21
13095 21
13096 21
13097 21
13098 21
13099 21
13100 21
13101 22
13102 22
13103 23
13104 23
13105 24
13106 24
13107 24
13108 24
13109 25
13110 25
13111 25
13112 25
13113 26
13114 26
13115 26
13116 26
13117 26
13118 26
13119 26
13120 26
13121 25
13122 25
13123 25
13124 25
13125 25
13126 25
13127 25
13128 25
13129 25
13130 25
13131 25
13132 25
13133 25
13134 25
13135 26
13136 26
13137 26
13138 26
13139 26
13140 26
13141 26
13142 26
13143 26
13144 26
13145 26
13146 26
13147 26
13148 26
13149 26
13150 26
13151 26
13152 26
13153 26
13154 26
13155 25
13156 25
13157 25
13158 25
13159 25
13160 25
13161 25
13162 25
13163 25
13164 25
13165 24
13166 24
13167 24
13168 24
13169 24
13170 24
13171 24
13172 24
13173 24
13174 24
13175 23
13176 23
13177 23
13178 23
13179 23
13180 23
13181 23
13182 23
13183 23
13184 23
13185 24
13186 24
13187 24
13188 24
13189 24
13190 24
13191 24
13192 24
13193 24
13194 24
13195 24
13196 24
13197 24
13198 24
13199 23
13200 23
13201 23
13202 23
13203 23
13204 24
13205 24
13206 25
13207 25
13208 26
13209 26
13210 26
13211 26
13212 25
13213 25
13214 24
13215 24
13216 23
13217 24
13218 24
13219 25
13220 25
13221 26
13222 26
13223 26
13224 26
13225 25
13226 25
13227 25
13228 25
13229 26
13230 26
13231 26
13232 26
13233 25
13234 25
13235 24
13236 24
13237 23
13238 23
13239 24
13240 24
13241 24
13242 24
13243 23
13244 24
13245 24
13246 23
13247 23
13248 24
13249 24
13250 25
13251 25
13252 26
13253 26
13254 26
13255 26
13256 25
13257 25
13258 21
13259 21
13260 21
13261 21
13262 22
13263 23
13264 22
13265 22
13266 23
13267 22
13268 22
13269 22
13270 23
13271 22
13272 22
13273 23
13274 22
13275 22
13276 23
13277 22
13278 21
13279 21
13280 21
13281 21
13282 21
13283 21
13284 21
13285 21
13286 22
13287 23
13288 32
13289 32
13290 32
13291 32
13292 32
13293 32
13294 32
13295 32
13296 32
13297 32
13298 33
13299 33
13300 33
13301 33
13302 33
13303 33
13304 33
13305 33
13306 33
13307 33
13308 31
13309 31
13310 31
13311 31
13312 31
13313 31
13314 31
13315 31
13316 31
13317 31
13318 31
13319 31
13320 31
13321 31
13322 31
13323 31
13324 31
13325 31
13326 31
13327 31
13328 32
13329 32
13330 32
13331 32
13332 32
13333 32
13334 32
13335 32
13336 32
13337 32
13338 34
13339 34
13340 34
13341 34
13342 34
13343 34
13344 34
13345 34
13346 34
13347 34
13348 35
13349 35
13350 35
13351 35
13352 35
13353 35
13354 35
13355 35
13356 35
13357 35
13358 33
13359 33
13360 33
13361 33
13362 33
13363 33
13364 33
13365 33
13366 33
13367 33
13368 34
13369 34
13370 34
13371 34
13372 34
13373 34
13374 34
13375 34
13376 34
13377 34
13378 34
13379 35
13380 35
13381 35
13382 35
13383 34
13384 34
13385 34
13386 34
13387 34
13388 35
13389 35
13390 33
13391 33
13392 34
13393 34
13394 34
13395 34
13396 34
13397 34
13398 33
13399 33
13400 33
13401 33
13402 33
13403 33
13404 33
13405 33
13406 34
13407 34
13408 34
13409 34
13410 34
13411 34
13412 34
13413 34
13414 34
13415 34
13416 33
13417 33
13418 33
13419 33
13420 33
13421 33
13422 34
13423 35
13424 35
13425 35
13426 35
13427 35
13428 35
13429 34
13430 34
13431 34
13432 34
13433 34
13434 34
13435 34
13436 34
13437 35
13438 35
13439 35
13440 35
13441 34
13442 32
13443 31
13444 31
13445 31
13446 31
13447 31
13448 31
13449 31
13450 31
13451 32
13452 32
13453 32
13454 32
13455 32
13456 32
13457 32
13458 32
13459 32
13460 31
13461 31
13462 31
13463 31
13464 31
13465 31
13466 31
13467 31
13468 31
13469 31
13470 31
13471 31
13472 32
13473 33
13474 33
13475 33
13476 33
13477 33
13478 33
13479 32
13480 32
13481 32
13482 32
13483 32
13484 32
13485 32
13486 32
13487 33
13488 33
13489 33
13490 33
13491 32
13492 32
13493 33
13494 33
13495 33
13496 33
13497 32
13498 32
13499 32
13500 32
13501 32
13502 33
13503 33
13504 31
13505 31
13506 31
13507 31
13508 32
13509 32
13510 32
13511 32
13512 32
13513 31
13514 31
13515 31
13516 31
13517 31
13518 31
13519 31
13520 31
13521 32
13522 31
13523 31
13524 31
13525 31
13526 32
13527 32
13528 32
13529 32
13530 31
13531 31
13532 31
13533 31
13534 32
13535 33
13536 33
13537 32
13538 32
13539 32
13540 33
13541 33
13542 32
13543 33
13544 33
13545 32
13546 32
13547 31
13548 31
13549 31
13550 31
13551 32
13552 34
13553 35
13554 35
13555 34
13556 33
13557 33
13558 34
13559 34
13560 33
13561 33
13562 34
13563 34
13564 34
13565 34
13566 33
13567 33
13568 34
13569 35
13570 35
13571 34
13572 34
13573 34
13574 35
13575 35
13576 21
13577 21
13578 21
13579 21
13580 22
13581 23
13582 22
13583 22
13584 23
13585 22
13586 22
13587 23
13588 23
13589 22
13590 22
13591 21
13592 21
13593 21
13594 21
13595 22
13596 24
13597 24
13598 25
13599 25
13600 26
13601 26
13602 26
13603 26
13604 25
13605 25
13606 24
13607 24
13608 23
13609 23
13610 24
13611 24
13612 23
13613 23
13614 24
13615 24
13616 25
13617 25
13618 26
13619 26
13620 26
13621 26
13622 25
13623 25
13624 23
13625 24
13626 24
13627 25
13628 25
13629 26
13630 26
13631 26
13632 26
13633 25
13634 25
13635 24
13636 24
13637 23
13638 23
13639 22
13640 21
13641 21
13642 21
13643 21
13644 22
13645 23
13646 22
13647 22
13648 29
13649 30
13650 30
13651 30
13652 30
13653 29
13654 29
13655 28
13656 28
13657 27
13658 27
13659 27
13660 27
13661 28
13662 28
13663 29
13664 28
13665 27
13666 27
13667 27
13668 27
13669 28
13670 28
13671 29
13672 29
13673 28
13674 29
13675 29
13676 28
13677 28
13678 27
13679 27
13680 27
13681 27
13682 28
13683 28
13684 30
13685 30
13686 30
13687 30
13688 29
13689 29
13690 30
13691 29
13692 29
13693 30
13694 30
13695 30
13696 29
13697 30
13698 30
13699 30
13700 30
13701 30
13702 30
13703 29
13704 29
13705 30
13706 30
13707 29
13708 30
13709 29
13710 29
13711 30
13712 30
13713 30
13714 28
13715 27
13716 27
13717 27
13718 27
13719 28
13720 28
13721 29
13722 29
13723 28
13724 29
13725 28
13726 28
13727 29
13728 29
13729 28
13730 28
13731 27
13732 27
13733 27
13734 27
13735 28
13736 28
13737 27
13738 27
13739 27
13740 27
13741 28
13742 28
13743 29
13744 29
13745 28
13746 28
13747 27
13748 27
13749 27
13750 27
13751 28
13752 28
13753 27
13754 27
13755 27
13756 27
13757 28
13758 28
13759 29
13760 29
13761 28
13762 28
13763 29
13764 29
13765 29
13766 28
13767 28
13768 28
13769 29
13770 29
13771 29
13772 29
13773 28
13774 28
13775 28
13776 28
13777 27
13778 27
13779 27
13780 27
13781 27
13782 27
13783 27
13784 27
13785 28
13786 28
13787 28
13788 27
13789 27
13790 27
13791 27
13792 28
13793 28
13794 30
13795 30
13796 30
13797 30
13798 30
13799 30
13800 30
13801 30
13802 30
13803 29
13804 29
13805 29
13806 29
13807 30
13808 30
13809 30
13810 29
13811 29
13812 29
13813 30
13814 30
13815 29
13816 29
13817 30
13818 30
13819 30
13820 30
13821 30
13822 30
13823 29
13824 23
13825 22
13826 21
13827 21
13828 21
13829 21
13830 21
13831 21
13832 21
13833 21
13834 22
13835 23
13836 22
13837 23
13838 22
13839 22
13840 22
13841 23
13842 22
13843 22
13844 22
13845 23
13846 23
13847 22
13848 22
13849 22
13850 22
13851 23
13852 22
13853 23
13854 22
13855 22
13856 22
13857 23
13858 23
13859 22
13860 22
13861 21
13862 21
13863 21
13864 21
13865 21
13866 21
13867 21
13868 21
13869 21
13870 21
13871 21
13872 21
13873 22
13874 24
13875 24
13876 25
13877 25
13878 26
13879 26
13880 26
13881 26
13882 25
13883 25
13884 25
13885 25
13886 25
13887 25
13888 26
13889 26
13890 26
13891 26
13892 26
13893 26
13894 26
13895 26
13896 25
13897 25
13898 25
13899 25
13900 24
13901 24
13902 24
13903 24
13904 23
13905 23
13906 23
13907 23
13908 24
13909 24
13910 24
13911 24
13912 24
13913 24
13914 23
13915 23
13916 23
13917 24
13918 24
13919 24
13920 24
13921 23
13922 23
13923 24
13924 24
13925 25
13926 25
13927 26
13928 26
13929 26
13930 26
13931 25
13932 25
13933 25
13934 25
13935 26
13936 26
13937 26
13938 26
13939 25
13940 25
13941 24
13942 24
13943 23
13944 23
13945 24
13946 24
13947 25
13948 25
13949 26
13950 26
13951 26
13952 26
13953 25
13954 25
13955 25
13956 25
13957 26
13958 26
13959 26
13960 26
13961 25
13962 25
13963 24
13964 24
13965 23
13966 23
13967 24
13968 24
13969 24
13970 24
13971 23
13972 24
13973 24
13974 23
13975 23
13976 24
13977 24
13978 25
13979 25
13980 26
13981 26
13982 26
13983 26
13984 25
13985 25
13986 21
13987 21
13988 21
13989 21
13990 22
13991 23
13992 22
13993 22
13994 23
13995 22
13996 22
13997 22
13998 23
13999 22
14000 22
14001 23
14002 22
14003 22
14004 23
14005 22
14006 21
14007 21
14008 21
14009 21
14010 21
14011 21
14012 21
14013 21
14014 22
14015 23
14016 46
14017 46
14018 46
14019 46
14020 46
14021 46
14022 46
14023 46
14024 46
14025 46
14026 46
14027 46
14028 46
14029 46
14030 46
14031 46
14032 46
14033 46
14034 46
14035 46
14036 46
14037 46
14038 46
14039 46
14040 46
14041 46
14042 46
14043 46
14044 46
14045 46
14046 46
14047 46
14048 45
14049 45
14050 45
14051 45
14052 45
14053 45
14054 45
14055 45
14056 45
14057 45
14058 45
14059 45
14060 45
14061 45
14062 45
14063 45
14064 45
14065 45
14066 45
14067 45
14068 45
14069 45
14070 46
14071 46
14072 46
14073 46
14074 46
14075 46
14076 46
14077 46
14078 46
14079 46
14080 46
14081 46
14082 44
14083 44
14084 44
14085 44
14086 44
14087 44
14088 45
14089 45
14090 44
14091 44
14092 44
14093 44
14094 44
14095 44
14096 45
14097 45
14098 45
14099 45
14100 45
14101 45
14102 45
14103 45
14104 45
14105 45
14106 44
14107 44
14108 44
14109 44
14110 44
14111 44
14112 44
14113 44
14114 44
14115 44
14116 44
14117 44
14118 44
14119 44
14120 44
14121 44
14122 45
14123 45
14124 45
14125 45
14126 45
14127 45
14128 45
14129 45
14130 45
14131 45
14132 44
14133 44
14134 44
14135 44
14136 44
14137 44
14138 44
14139 44
14140 44
14141 44
14142 44
14143 44
14144 44
14145 44
14146 44
14147 44
14148 44
14149 44
14150 44
14151 44
14152 44
14153 44
14154 44
14155 44
14156 44
14157 44
14158 45
14159 45
14160 45
14161 45
14162 45
14163 45
14164 45
14165 45
14166 45
14167 45
14168 44
14169 44
14170 44
14171 44
14172 44
14173 44
14174 44
14175 44
14176 44
14177 44
14178 45
14179 45
14180 45
14181 45
14182 45
14183 45
14184 45
14185 45
14186 45
14187 45
14188 46
14189 46
14190 46
14191 46
14192 46
14193 46
14194 46
14195 46
14196 46
14197 46
14198 46
14199 46
14200 46
14201 46
14202 46
14203 46
14204 46
14205 46
14206 46
14207 46
14208 40
14209 40
14210 40
14211 40
14212 40
14213 40
14214 40
14215 40
14216 40
14217 40
14218 41
14219 41
14220 41
14221 41
14222 41
14223 41
14224 41
14225 41
14226 41
14227 41
14228 41
14229 41
14230 41
14231 41
14232 41
14233 41
14234 41
14235 41
14236 41
14237 41
14238 42
14239 42
14240 42
14241 42
14242 42
14243 42
14244 42
14245 42
14246 42
14247 42
14248 42
14249 42
14250 42
14251 42
14252 42
14253 42
14254 42
14255 42
14256 42
14257 42
14258 43
14259 43
14260 43
14261 43
14262 43
14263 43
14264 43
14265 43
14266 43
14267 43
14268 43
14269 43
14270 43
14271 43
14272 43
14273 43
14274 43
14275 43
14276 43
14277 43
14278 43
14279 43
14280 43
14281 43
14282 43
14283 43
14284 43
14285 43
14286 43
14287 43
14288 43
14289 43
14290 43
14291 43
14292 43
14293 43
14294 43
14295 43
14296 43
14297 43
14298 43
14299 43
14300 43
14301 43
14302 43
14303 43
14304 43
14305 43
14306 43
14307 43
14308 43
14309 43
14310 42
14311 42
14312 42
14313 42
14314 42
14315 42
14316 42
14317 42
14318 42
14319 42
14320 42
14321 42
14322 42
14323 42
14324 42
14325 42
14326 42
14327 42
14328 42
14329 42
14330 42
14331 42
14332 42
14333 42
14334 42
14335 42
14336 42
14337 42
14338 42
14339 42
14340 42
14341 42
14342 42
14343 42
14344 42
14345 42
14346 42
14347 42
14348 42
14349 42
14350 42
14351 42
14352 42
14353 42
14354 43
14355 43
14356 43
14357 43
14358 43
14359 43
14360 43
14361 43
14362 43
14363 43
14364 43
14365 43
14366 40
14367 40
14368 40
14369 40
14370 40
14371 40
14372 41
14373 41
14374 41
14375 41
14376 41
14377 41
14378 41
14379 41
14380 41
14381 41
14382 41
14383 41
14384 41
14385 41
14386 41
14387 41
14388 41
14389 41
14390 41
14391 41
14392 41
14393 41
14394 41
14395 41
14396 41
14397 41
14398 41
14399 41
14400 41
14401 41
14402 41
14403 41
14404 41
14405 41
14406 41
14407 41
14408 41
14409 41
14410 41
14411 41
14412 41
14413 41
14414 41
14415 41
14416 40
14417 40
14418 40
14419 40
14420 40
14421 40
14422 40
14423 40
14424 40
14425 40
14426 40
14427 40
14428 40
14429 40
14430 40
14431 40
14432 40
14433 40
14434 40
14435 40
14436 40
14437 40
14438 40
14439 40
14440 40
14441 40
14442 40
14443 40
14444 40
14445 40
14446 40
14447 40
14448 40
14449 40
14450 40
14451 40
14452 41
14453 41
14454 41
14455 41
14456 41
14457 41
14458 41
14459 41
14460 41
14461 41
14462 41
14463 41
14464 41
14465 41
14466 41
14467 41
14468 41
14469 41
14470 41
14471 41
14472 41
14473 41
14474 41
14475 41
14476 41
14477 41
14478 41
14479 41
14480 41
14481 41
14482 41
14483 41
14484 41
14485 41
14486 41
14487 41
14488 41
14489 41
14490 41
14491 41
14492 41
14493 41
14494 41
14495 41
14496 41
14497 41
14498 41
14499 41
14500 41
14501 41
14502 41
14503 41
14504 41
14505 41
14506 41
14507 41
14508 41
14509 41
14510 41
14511 41
14512 40
14513 40
14514 40
14515 40
14516 40
14517 40
14518 40
14519 40
14520 40
14521 40
14522 43
14523 43
14524 43
14525 43
14526 43
14527 43
14528 43
14529 43
14530 43
14531 43
14532 43
14533 43
14534 43
14535 43
14536 43
14537 43
14538 43
14539 43
14540 43
14541 43
14542 42
14543 42
14544 42
14545 42
14546 42
14547 42
14548 42
14549 42
14550 42
14551 42
14552 42
14553 42
14554 42
14555 42
14556 42
14557 42
14558 42
14559 42
14560 42
14561 42
14562 42
14563 42
14564 42
14565 42
14566 42
14567 42
14568 42
14569 42
14570 42
14571 42
14572 42
14573 42
14574 42
14575 42
14576 42
14577 42
14578 42
14579 42
14580 42
14581 42
14582 42
14583 42
14584 42
14585 42
14586 42
14587 42
14588 42
14589 42
14590 42
14591 42
14592 42
14593 42
14594 42
14595 42
14596 42
14597 42
14598 42
14599 42
14600 42
14601 42
14602 43
14603 43
14604 43
14605 43
14606 43
14607 43
14608 43
14609 43
14610 43
14611 43
14612 43
14613 43
14614 43
14615 43
14616 43
14617 43
14618 43
14619 43
14620 43
14621 43
14622 43
14623 43
14624 43
14625 43
14626 43
14627 43
14628 43
14629 43
14630 43
14631 43
14632 43
14633 43
14634 43
14635 43
14636 43
14637 43
14638 43
14639 43
14640 43
14641 43
14642 44
14643 44
14644 44
14645 44
14646 44
14647 44
14648 44
14649 44
14650 44
14651 44
14652 44
14653 44
14654 44
14655 44
14656 44
14657 44
14658 44
14659 44
14660 44
14661 44
14662 45
14663 45
14664 45
14665 45
14666 45
14667 45
14668 45
14669 45
14670 45
14671 45
14672 44
14673 44
14674 44
14675 44
14676 44
14677 44
14678 44
14679 44
14680 44
14681 44
14682 44
14683 44
14684 44
14685 44
14686 44
14687 44
14688 44
14689 44
14690 44
14691 44
14692 45
14693 45
14694 45
14695 45
14696 45
14697 45
14698 45
14699 45
14700 45
14701 45
14702 45
14703 45
14704 45
14705 45
14706 45
14707 45
14708 44
14709 44
14710 44
14711 44
14712 44
14713 44
14714 44
14715 44
14716 44
14717 44
14718 45
14719 45
14720 45
14721 45
14722 44
14723 44
14724 44
14725 44
14726 44
14727 44
14728 44
14729 44
14730 44
14731 44
14732 46
14733 46
14734 46
14735 46
14736 46
14737 46
14738 46
14739 46
14740 46
14741 46
14742 46
14743 46
14744 46
14745 46
14746 46
14747 46
14748 46
14749 46
14750 46
14751 46
14752 45
14753 45
14754 45
14755 45
14756 45
14757 45
14758 45
14759 45
14760 45
14761 45
14762 45
14763 45
14764 45
14765 45
14766 45
14767 45
14768 45
14769 45
14770 45
14771 45
14772 45
14773 45
14774 45
14775 45
14776 45
14777 45
14778 45
14779 45
14780 45
14781 45
14782 46
14783 46
14784 46
14785 46
14786 46
14787 46
14788 46
14789 46
14790 46
14791 46
14792 46
14793 46
14794 46
14795 46
14796 46
14797 46
14798 46
14799 46
14800 46
14801 46
14802 46
14803 46
14804 46
14805 46
14806 46
14807 46
14808 46
14809 46
14810 46
14811 46
14812 46
14813 46
14814 46
14815 46
14816 46
14817 46
14818 46
14819 46
14820 46
14821 46
